==> Using cached gateway-api at /home/aslak/.cache/praxis-gateway-api-conformance/gateway-api (ref v1.5.1)
==> Running Gateway API conformance (ref=v1.5.1, gateway-class=istio-gwxds)
==> go test -run regex: TestConformance
=== RUN   TestConformance
    conformance.go:157: Running conformance tests with:
    conformance.go:175:   GatewayClass: istio-gwxds
    conformance.go:176:   Cleanup Resources: true
    conformance.go:177:   Debug: false
    conformance.go:178:   Enable All Features: false
    conformance.go:179:   Supported Features: [Gateway HTTPRoute]
    conformance.go:180:   ExemptFeatures: []
    conformance.go:181:   ConformanceProfiles: []
    suite.go:369: 2026-05-07T16:47:43.045133348+02:00: Test Setup: Ensuring GatewayClass has been accepted
    suite.go:375: 2026-05-07T16:47:43.047947623+02:00: Test Setup: Applying base manifests
    apply.go:275: 2026-05-07T16:47:43.057512003+02:00: Creating gateway-conformance-infra Namespace
    apply.go:275: 2026-05-07T16:47:43.076763128+02:00: Creating same-namespace Gateway
    apply.go:275: 2026-05-07T16:47:43.100531612+02:00: Creating same-namespace-with-https-listener Gateway
    apply.go:275: 2026-05-07T16:47:43.117594445+02:00: Creating all-namespaces Gateway
    apply.go:275: 2026-05-07T16:47:43.146912897+02:00: Creating backend-namespaces Gateway
    apply.go:275: 2026-05-07T16:47:43.16405388+02:00: Creating infra-backend-v1 Service
    apply.go:275: 2026-05-07T16:47:43.23079682+02:00: Creating infra-backend-v1 Deployment
    apply.go:275: 2026-05-07T16:47:43.252152347+02:00: Creating infra-backend-v2 Service
    apply.go:275: 2026-05-07T16:47:43.293914812+02:00: Creating infra-backend-v2 Deployment
    apply.go:275: 2026-05-07T16:47:43.323540015+02:00: Creating infra-backend-v3 Service
    apply.go:275: 2026-05-07T16:47:43.377928655+02:00: Creating infra-backend-v3 Deployment
    apply.go:275: 2026-05-07T16:47:43.405561242+02:00: Creating tls-backend Service
    apply.go:275: 2026-05-07T16:47:43.482991443+02:00: Creating tls-backend Deployment
    apply.go:275: 2026-05-07T16:47:43.516513946+02:00: Creating tls-backend-2 Service
    apply.go:275: 2026-05-07T16:47:43.567234953+02:00: Creating tls-backend-2 Deployment
    apply.go:275: 2026-05-07T16:47:43.609856914+02:00: Creating gateway-conformance-app-backend Namespace
    apply.go:275: 2026-05-07T16:47:43.662618583+02:00: Creating tls-backend Service
    apply.go:275: 2026-05-07T16:47:43.775282908+02:00: Creating tls-backend Deployment
    apply.go:275: 2026-05-07T16:47:43.815027867+02:00: Creating app-backend-v1 Service
    apply.go:275: 2026-05-07T16:47:43.891645949+02:00: Creating app-backend-v1 Deployment
    apply.go:275: 2026-05-07T16:47:43.918392504+02:00: Creating app-backend-v2 Service
    apply.go:275: 2026-05-07T16:47:43.97994307+02:00: Creating app-backend-v2 Deployment
    apply.go:275: 2026-05-07T16:47:44.01646097+02:00: Creating gateway-conformance-web-backend Namespace
    apply.go:275: 2026-05-07T16:47:44.066348924+02:00: Creating web-backend Service
    apply.go:275: 2026-05-07T16:47:44.139350489+02:00: Creating web-backend Deployment
    apply.go:275: 2026-05-07T16:47:44.179963552+02:00: Creating grpc-infra-backend-v1 Service
    apply.go:275: 2026-05-07T16:47:44.274336484+02:00: Creating grpc-infra-backend-v1 Deployment
    apply.go:275: 2026-05-07T16:47:44.357298398+02:00: Creating grpc-infra-backend-v2 Service
    apply.go:275: 2026-05-07T16:47:44.449555734+02:00: Creating grpc-infra-backend-v2 Deployment
    apply.go:275: 2026-05-07T16:47:44.526866151+02:00: Creating grpc-infra-backend-v3 Service
    apply.go:275: 2026-05-07T16:47:44.579538079+02:00: Creating grpc-infra-backend-v3 Deployment
    apply.go:275: 2026-05-07T16:47:44.648396909+02:00: Creating coredns Service
    apply.go:275: 2026-05-07T16:47:44.710241964+02:00: Creating coredns Deployment
    apply.go:275: 2026-05-07T16:47:44.758890957+02:00: Creating coredns ConfigMap
    apply.go:275: 2026-05-07T16:47:44.808990481+02:00: Creating tcp-backend Service
    apply.go:275: 2026-05-07T16:47:44.850216827+02:00: Creating tcp-backend Deployment
    suite.go:378: 2026-05-07T16:47:44.883859857+02:00: Test Setup: Applying programmatic resources
    apply.go:226: 2026-05-07T16:47:45.159183989+02:00: Creating certificate 
    apply.go:226: 2026-05-07T16:47:45.284994191+02:00: Creating tls-validity-checks-certificate 
    apply.go:226: 2026-05-07T16:47:45.64101091+02:00: Creating web-backend-cm 
    apply.go:226: 2026-05-07T16:47:45.785585296+02:00: Creating tls-validity-checks-ca-certificate 
    apply.go:226: 2026-05-07T16:47:45.910498778+02:00: Creating tls-validity-checks-client-certificate 
    apply.go:226: 2026-05-07T16:47:46.084674681+02:00: Creating tls-validity-checks-per-port-ca-certificate 
    apply.go:226: 2026-05-07T16:47:46.314171671+02:00: Creating tls-validity-checks-per-port-client-certificate 
    apply.go:226: 2026-05-07T16:47:46.479142139+02:00: Creating tls-passthrough-checks-certificate 
    apply.go:226: 2026-05-07T16:47:46.572763247+02:00: Creating tls-passthrough-checks-certificate 
    apply.go:226: 2026-05-07T16:47:46.975502168+02:00: Creating tls-checks-ca-certificate 
    apply.go:226: 2026-05-07T16:47:47.200338572+02:00: Creating tls-checks-certificate 
    apply.go:226: 2026-05-07T16:47:47.50740293+02:00: Creating tls-checks-client-certificate 
    apply.go:226: 2026-05-07T16:47:47.719135269+02:00: Creating tls-terminate-checks-certificate 
    apply.go:226: 2026-05-07T16:47:47.94367411+02:00: Creating mismatch-ca-certificate 
    suite.go:415: 2026-05-07T16:47:47.957243278+02:00: Test Setup: Ensuring Gateways and Pods from base manifests are ready
    helpers.go:283: 2026-05-07T16:47:47.961055977+02:00: Programmed condition set to Status False with Reason AddressNotAssigned, expected Status True
    helpers.go:283: 2026-05-07T16:47:47.961097098+02:00: Programmed was not in conditions list [[{Accepted True 1 2026-05-07 16:47:43 +0200 CEST Accepted Resource accepted} {Programmed False 1 2026-05-07 16:47:43 +0200 CEST AddressNotAssigned Failed to assign to any requested addresses: no instances found for hostname "all-namespaces.gateway-conformance-infra.svc.cluster.local"}]]
    helpers.go:284: 2026-05-07T16:47:47.961127642+02:00: gateway-conformance-infra/all-namespaces Gateway not Programmed yet
    helpers.go:283: 2026-05-07T16:47:48.061874988+02:00: Programmed condition set to Status False with Reason AddressNotAssigned, expected Status True
    helpers.go:283: 2026-05-07T16:47:48.061912456+02:00: Programmed was not in conditions list [[{Accepted True 1 2026-05-07 16:47:43 +0200 CEST Accepted Resource accepted} {Programmed False 1 2026-05-07 16:47:43 +0200 CEST AddressNotAssigned Failed to assign to any requested addresses: no instances found for hostname "all-namespaces.gateway-conformance-infra.svc.cluster.local"}]]
    helpers.go:284: 2026-05-07T16:47:48.061938413+02:00: gateway-conformance-infra/all-namespaces Gateway not Programmed yet
    helpers.go:283: 2026-05-07T16:47:48.163241738+02:00: Programmed condition set to Status False with Reason AddressNotAssigned, expected Status True
    helpers.go:283: 2026-05-07T16:47:48.163373789+02:00: Programmed was not in conditions list [[{Accepted True 1 2026-05-07 16:47:43 +0200 CEST Accepted Resource accepted} {Programmed False 1 2026-05-07 16:47:43 +0200 CEST AddressNotAssigned Failed to assign to any requested addresses: no instances found for hostname "all-namespaces.gateway-conformance-infra.svc.cluster.local"}]]
    helpers.go:284: 2026-05-07T16:47:48.163463765+02:00: gateway-conformance-infra/all-namespaces Gateway not Programmed yet
    helpers.go:283: 2026-05-07T16:47:48.262311591+02:00: Programmed condition set to Status False with Reason AddressNotAssigned, expected Status True
    helpers.go:283: 2026-05-07T16:47:48.262358744+02:00: Programmed was not in conditions list [[{Accepted True 1 2026-05-07 16:47:43 +0200 CEST Accepted Resource accepted} {Programmed False 1 2026-05-07 16:47:43 +0200 CEST AddressNotAssigned Failed to assign to any requested addresses: no instances found for hostname "all-namespaces.gateway-conformance-infra.svc.cluster.local"}]]
    helpers.go:284: 2026-05-07T16:47:48.262400832+02:00: gateway-conformance-infra/all-namespaces Gateway not Programmed yet
    helpers.go:283: 2026-05-07T16:47:48.361858735+02:00: Programmed condition set to Status False with Reason AddressNotAssigned, expected Status True
    helpers.go:283: 2026-05-07T16:47:48.361896728+02:00: Programmed was not in conditions list [[{Accepted True 1 2026-05-07 16:47:43 +0200 CEST Accepted Resource accepted} {Programmed False 1 2026-05-07 16:47:43 +0200 CEST AddressNotAssigned Failed to assign to any requested addresses: no instances found for hostname "all-namespaces.gateway-conformance-infra.svc.cluster.local"}]]
    helpers.go:284: 2026-05-07T16:47:48.361927003+02:00: gateway-conformance-infra/all-namespaces Gateway not Programmed yet
    helpers.go:283: 2026-05-07T16:47:48.483754793+02:00: Programmed condition set to Status False with Reason AddressNotAssigned, expected Status True
    helpers.go:283: 2026-05-07T16:47:48.483791142+02:00: Programmed was not in conditions list [[{Accepted True 1 2026-05-07 16:47:43 +0200 CEST Accepted Resource accepted} {Programmed False 1 2026-05-07 16:47:43 +0200 CEST AddressNotAssigned Failed to assign to any requested addresses: no instances found for hostname "all-namespaces.gateway-conformance-infra.svc.cluster.local"}]]
    helpers.go:284: 2026-05-07T16:47:48.483818956+02:00: gateway-conformance-infra/all-namespaces Gateway not Programmed yet
    helpers.go:283: 2026-05-07T16:47:48.610237679+02:00: Programmed condition set to Status False with Reason AddressNotAssigned, expected Status True
    helpers.go:283: 2026-05-07T16:47:48.610274729+02:00: Programmed was not in conditions list [[{Accepted True 1 2026-05-07 16:47:43 +0200 CEST Accepted Resource accepted} {Programmed False 1 2026-05-07 16:47:43 +0200 CEST AddressNotAssigned Failed to assign to any requested addresses: no instances found for hostname "all-namespaces.gateway-conformance-infra.svc.cluster.local"}]]
    helpers.go:284: 2026-05-07T16:47:48.610301634+02:00: gateway-conformance-infra/all-namespaces Gateway not Programmed yet
    helpers.go:283: 2026-05-07T16:47:48.685022338+02:00: Programmed condition set to Status False with Reason AddressNotAssigned, expected Status True
    helpers.go:283: 2026-05-07T16:47:48.68506113+02:00: Programmed was not in conditions list [[{Accepted True 1 2026-05-07 16:47:43 +0200 CEST Accepted Resource accepted} {Programmed False 1 2026-05-07 16:47:43 +0200 CEST AddressNotAssigned Failed to assign to any requested addresses: no instances found for hostname "all-namespaces.gateway-conformance-infra.svc.cluster.local"}]]
    helpers.go:284: 2026-05-07T16:47:48.685100869+02:00: gateway-conformance-infra/all-namespaces Gateway not Programmed yet
    helpers.go:283: 2026-05-07T16:47:48.785576461+02:00: Programmed condition set to Status False with Reason AddressNotAssigned, expected Status True
    helpers.go:283: 2026-05-07T16:47:48.785613471+02:00: Programmed was not in conditions list [[{Accepted True 1 2026-05-07 16:47:43 +0200 CEST Accepted Resource accepted} {Programmed False 1 2026-05-07 16:47:43 +0200 CEST AddressNotAssigned Failed to assign to any requested addresses: no instances found for hostname "all-namespaces.gateway-conformance-infra.svc.cluster.local"}]]
    helpers.go:284: 2026-05-07T16:47:48.785642768+02:00: gateway-conformance-infra/all-namespaces Gateway not Programmed yet
    helpers.go:283: 2026-05-07T16:47:48.862561066+02:00: Programmed condition set to Status False with Reason AddressNotAssigned, expected Status True
    helpers.go:283: 2026-05-07T16:47:48.86259762+02:00: Programmed was not in conditions list [[{Accepted True 1 2026-05-07 16:47:43 +0200 CEST Accepted Resource accepted} {Programmed False 1 2026-05-07 16:47:43 +0200 CEST AddressNotAssigned Failed to assign to any requested addresses: no instances found for hostname "all-namespaces.gateway-conformance-infra.svc.cluster.local"}]]
    helpers.go:284: 2026-05-07T16:47:48.862628202+02:00: gateway-conformance-infra/all-namespaces Gateway not Programmed yet
    helpers.go:283: 2026-05-07T16:47:48.984261785+02:00: Programmed condition set to Status False with Reason AddressNotAssigned, expected Status True
    helpers.go:283: 2026-05-07T16:47:48.984297027+02:00: Programmed was not in conditions list [[{Accepted True 1 2026-05-07 16:47:43 +0200 CEST Accepted Resource accepted} {Programmed False 1 2026-05-07 16:47:43 +0200 CEST AddressNotAssigned Failed to assign to any requested addresses: no instances found for hostname "all-namespaces.gateway-conformance-infra.svc.cluster.local"}]]
    helpers.go:284: 2026-05-07T16:47:48.984329928+02:00: gateway-conformance-infra/all-namespaces Gateway not Programmed yet
    helpers.go:283: 2026-05-07T16:47:49.107492714+02:00: Programmed condition set to Status False with Reason AddressNotAssigned, expected Status True
    helpers.go:283: 2026-05-07T16:47:49.107528146+02:00: Programmed was not in conditions list [[{Accepted True 1 2026-05-07 16:47:43 +0200 CEST Accepted Resource accepted} {Programmed False 1 2026-05-07 16:47:43 +0200 CEST AddressNotAssigned Failed to assign to any requested addresses: no instances found for hostname "all-namespaces.gateway-conformance-infra.svc.cluster.local"}]]
    helpers.go:284: 2026-05-07T16:47:49.107561217+02:00: gateway-conformance-infra/all-namespaces Gateway not Programmed yet
    helpers.go:283: 2026-05-07T16:47:49.185229652+02:00: Programmed condition set to Status False with Reason AddressNotAssigned, expected Status True
    helpers.go:283: 2026-05-07T16:47:49.185264352+02:00: Programmed was not in conditions list [[{Accepted True 1 2026-05-07 16:47:43 +0200 CEST Accepted Resource accepted} {Programmed False 1 2026-05-07 16:47:43 +0200 CEST AddressNotAssigned Failed to assign to any requested addresses: no instances found for hostname "all-namespaces.gateway-conformance-infra.svc.cluster.local"}]]
    helpers.go:284: 2026-05-07T16:47:49.185302637+02:00: gateway-conformance-infra/all-namespaces Gateway not Programmed yet
    helpers.go:283: 2026-05-07T16:47:49.285806847+02:00: Programmed condition set to Status False with Reason AddressNotAssigned, expected Status True
    helpers.go:283: 2026-05-07T16:47:49.285860236+02:00: Programmed was not in conditions list [[{Accepted True 1 2026-05-07 16:47:43 +0200 CEST Accepted Resource accepted} {Programmed False 1 2026-05-07 16:47:43 +0200 CEST AddressNotAssigned Failed to assign to any requested addresses: no instances found for hostname "all-namespaces.gateway-conformance-infra.svc.cluster.local"}]]
    helpers.go:284: 2026-05-07T16:47:49.28590404+02:00: gateway-conformance-infra/all-namespaces Gateway not Programmed yet
    helpers.go:283: 2026-05-07T16:47:49.385081705+02:00: Programmed condition set to Status False with Reason AddressNotAssigned, expected Status True
    helpers.go:283: 2026-05-07T16:47:49.385116155+02:00: Programmed was not in conditions list [[{Accepted True 1 2026-05-07 16:47:43 +0200 CEST Accepted Resource accepted} {Programmed False 1 2026-05-07 16:47:43 +0200 CEST AddressNotAssigned Failed to assign to any requested addresses: no instances found for hostname "all-namespaces.gateway-conformance-infra.svc.cluster.local"}]]
    helpers.go:284: 2026-05-07T16:47:49.38514368+02:00: gateway-conformance-infra/all-namespaces Gateway not Programmed yet
    helpers.go:283: 2026-05-07T16:47:49.485439987+02:00: Programmed condition set to Status False with Reason AddressNotAssigned, expected Status True
    helpers.go:283: 2026-05-07T16:47:49.485474222+02:00: Programmed was not in conditions list [[{Accepted True 1 2026-05-07 16:47:43 +0200 CEST Accepted Resource accepted} {Programmed False 1 2026-05-07 16:47:43 +0200 CEST AddressNotAssigned Failed to assign to any requested addresses: no instances found for hostname "all-namespaces.gateway-conformance-infra.svc.cluster.local"}]]
    helpers.go:284: 2026-05-07T16:47:49.485501226+02:00: gateway-conformance-infra/all-namespaces Gateway not Programmed yet
    helpers.go:283: 2026-05-07T16:47:49.601980093+02:00: Programmed condition set to Status False with Reason AddressNotAssigned, expected Status True
    helpers.go:283: 2026-05-07T16:47:49.60201452+02:00: Programmed was not in conditions list [[{Accepted True 1 2026-05-07 16:47:43 +0200 CEST Accepted Resource accepted} {Programmed False 1 2026-05-07 16:47:43 +0200 CEST AddressNotAssigned Failed to assign to any requested addresses: no instances found for hostname "all-namespaces.gateway-conformance-infra.svc.cluster.local"}]]
    helpers.go:284: 2026-05-07T16:47:49.60204777+02:00: gateway-conformance-infra/all-namespaces Gateway not Programmed yet
    helpers.go:283: 2026-05-07T16:47:49.685828226+02:00: Programmed condition set to Status False with Reason AddressNotAssigned, expected Status True
    helpers.go:283: 2026-05-07T16:47:49.685863613+02:00: Programmed was not in conditions list [[{Accepted True 1 2026-05-07 16:47:43 +0200 CEST Accepted Resource accepted} {Programmed False 1 2026-05-07 16:47:43 +0200 CEST AddressNotAssigned Failed to assign to any requested addresses: no instances found for hostname "all-namespaces.gateway-conformance-infra.svc.cluster.local"}]]
    helpers.go:284: 2026-05-07T16:47:49.685890709+02:00: gateway-conformance-infra/all-namespaces Gateway not Programmed yet
    helpers.go:283: 2026-05-07T16:47:49.787506772+02:00: Programmed condition set to Status False with Reason AddressNotAssigned, expected Status True
    helpers.go:283: 2026-05-07T16:47:49.787561921+02:00: Programmed was not in conditions list [[{Accepted True 1 2026-05-07 16:47:43 +0200 CEST Accepted Resource accepted} {Programmed False 1 2026-05-07 16:47:43 +0200 CEST AddressNotAssigned Failed to assign to any requested addresses: no instances found for hostname "all-namespaces.gateway-conformance-infra.svc.cluster.local"}]]
    helpers.go:284: 2026-05-07T16:47:49.787603146+02:00: gateway-conformance-infra/all-namespaces Gateway not Programmed yet
    helpers.go:283: 2026-05-07T16:47:49.863861972+02:00: Programmed condition set to Status False with Reason AddressNotAssigned, expected Status True
    helpers.go:283: 2026-05-07T16:47:49.863916215+02:00: Programmed was not in conditions list [[{Accepted True 1 2026-05-07 16:47:43 +0200 CEST Accepted Resource accepted} {Programmed False 1 2026-05-07 16:47:43 +0200 CEST AddressNotAssigned Failed to assign to any requested addresses: no instances found for hostname "all-namespaces.gateway-conformance-infra.svc.cluster.local"}]]
    helpers.go:284: 2026-05-07T16:47:49.863955445+02:00: gateway-conformance-infra/all-namespaces Gateway not Programmed yet
    helpers.go:283: 2026-05-07T16:47:49.964217831+02:00: Programmed condition set to Status False with Reason AddressNotAssigned, expected Status True
    helpers.go:283: 2026-05-07T16:47:49.96426335+02:00: Programmed was not in conditions list [[{Accepted True 1 2026-05-07 16:47:43 +0200 CEST Accepted Resource accepted} {Programmed False 1 2026-05-07 16:47:43 +0200 CEST AddressNotAssigned Failed to assign to any requested addresses: no instances found for hostname "all-namespaces.gateway-conformance-infra.svc.cluster.local"}]]
    helpers.go:284: 2026-05-07T16:47:49.964302452+02:00: gateway-conformance-infra/all-namespaces Gateway not Programmed yet
    helpers.go:283: 2026-05-07T16:47:50.081431724+02:00: Programmed condition set to Status False with Reason AddressNotAssigned, expected Status True
    helpers.go:283: 2026-05-07T16:47:50.081483474+02:00: Programmed was not in conditions list [[{Accepted True 1 2026-05-07 16:47:43 +0200 CEST Accepted Resource accepted} {Programmed False 1 2026-05-07 16:47:43 +0200 CEST AddressNotAssigned Failed to assign to any requested addresses: no instances found for hostname "all-namespaces.gateway-conformance-infra.svc.cluster.local"}]]
    helpers.go:284: 2026-05-07T16:47:50.081526147+02:00: gateway-conformance-infra/all-namespaces Gateway not Programmed yet
    helpers.go:283: 2026-05-07T16:47:50.202461026+02:00: Programmed condition set to Status False with Reason AddressNotAssigned, expected Status True
    helpers.go:283: 2026-05-07T16:47:50.20249931+02:00: Programmed was not in conditions list [[{Accepted True 1 2026-05-07 16:47:43 +0200 CEST Accepted Resource accepted} {Programmed False 1 2026-05-07 16:47:43 +0200 CEST AddressNotAssigned Failed to assign to any requested addresses: no instances found for hostname "all-namespaces.gateway-conformance-infra.svc.cluster.local"}]]
    helpers.go:284: 2026-05-07T16:47:50.202526145+02:00: gateway-conformance-infra/all-namespaces Gateway not Programmed yet
    helpers.go:283: 2026-05-07T16:47:50.281023554+02:00: Programmed condition set to Status False with Reason AddressNotAssigned, expected Status True
    helpers.go:283: 2026-05-07T16:47:50.281060924+02:00: Programmed was not in conditions list [[{Accepted True 1 2026-05-07 16:47:43 +0200 CEST Accepted Resource accepted} {Programmed False 1 2026-05-07 16:47:43 +0200 CEST AddressNotAssigned Failed to assign to any requested addresses: no instances found for hostname "all-namespaces.gateway-conformance-infra.svc.cluster.local"}]]
    helpers.go:284: 2026-05-07T16:47:50.281099939+02:00: gateway-conformance-infra/all-namespaces Gateway not Programmed yet
    helpers.go:283: 2026-05-07T16:47:50.380901426+02:00: Programmed condition set to Status False with Reason AddressNotAssigned, expected Status True
    helpers.go:283: 2026-05-07T16:47:50.380932231+02:00: Programmed was not in conditions list [[{Accepted True 1 2026-05-07 16:47:43 +0200 CEST Accepted Resource accepted} {Programmed False 1 2026-05-07 16:47:43 +0200 CEST AddressNotAssigned Failed to assign to any requested addresses: no instances found for hostname "all-namespaces.gateway-conformance-infra.svc.cluster.local"}]]
    helpers.go:284: 2026-05-07T16:47:50.380958018+02:00: gateway-conformance-infra/all-namespaces Gateway not Programmed yet
    helpers.go:283: 2026-05-07T16:47:50.481383001+02:00: Programmed condition set to Status False with Reason AddressNotAssigned, expected Status True
    helpers.go:283: 2026-05-07T16:47:50.481427714+02:00: Programmed was not in conditions list [[{Accepted True 1 2026-05-07 16:47:43 +0200 CEST Accepted Resource accepted} {Programmed False 1 2026-05-07 16:47:43 +0200 CEST AddressNotAssigned Failed to assign to any requested addresses: no instances found for hostname "all-namespaces.gateway-conformance-infra.svc.cluster.local"}]]
    helpers.go:284: 2026-05-07T16:47:50.481470242+02:00: gateway-conformance-infra/all-namespaces Gateway not Programmed yet
    helpers.go:283: 2026-05-07T16:47:50.581790963+02:00: Programmed condition set to Status False with Reason AddressNotAssigned, expected Status True
    helpers.go:283: 2026-05-07T16:47:50.58182646+02:00: Programmed was not in conditions list [[{Accepted True 1 2026-05-07 16:47:43 +0200 CEST Accepted Resource accepted} {Programmed False 1 2026-05-07 16:47:43 +0200 CEST AddressNotAssigned Failed to assign to any requested addresses: no instances found for hostname "all-namespaces.gateway-conformance-infra.svc.cluster.local"}]]
    helpers.go:284: 2026-05-07T16:47:50.58186095+02:00: gateway-conformance-infra/all-namespaces Gateway not Programmed yet
    helpers.go:283: 2026-05-07T16:47:50.700552899+02:00: Programmed condition set to Status False with Reason AddressNotAssigned, expected Status True
    helpers.go:283: 2026-05-07T16:47:50.700587003+02:00: Programmed was not in conditions list [[{Accepted True 1 2026-05-07 16:47:43 +0200 CEST Accepted Resource accepted} {Programmed False 1 2026-05-07 16:47:43 +0200 CEST AddressNotAssigned Failed to assign to any requested addresses: no instances found for hostname "all-namespaces.gateway-conformance-infra.svc.cluster.local"}]]
    helpers.go:284: 2026-05-07T16:47:50.700612066+02:00: gateway-conformance-infra/all-namespaces Gateway not Programmed yet
    helpers.go:283: 2026-05-07T16:47:50.761728077+02:00: Programmed condition set to Status False with Reason AddressNotAssigned, expected Status True
    helpers.go:283: 2026-05-07T16:47:50.761758828+02:00: Programmed was not in conditions list [[{Accepted True 1 2026-05-07 16:47:43 +0200 CEST Accepted Resource accepted} {Programmed False 1 2026-05-07 16:47:43 +0200 CEST AddressNotAssigned Failed to assign to any requested addresses: no instances found for hostname "all-namespaces.gateway-conformance-infra.svc.cluster.local"}]]
    helpers.go:284: 2026-05-07T16:47:50.761785118+02:00: gateway-conformance-infra/all-namespaces Gateway not Programmed yet
    helpers.go:283: 2026-05-07T16:47:50.862039143+02:00: Programmed condition set to Status False with Reason AddressNotAssigned, expected Status True
    helpers.go:283: 2026-05-07T16:47:50.862075805+02:00: Programmed was not in conditions list [[{Accepted True 1 2026-05-07 16:47:43 +0200 CEST Accepted Resource accepted} {Programmed False 1 2026-05-07 16:47:43 +0200 CEST AddressNotAssigned Failed to assign to any requested addresses: no instances found for hostname "all-namespaces.gateway-conformance-infra.svc.cluster.local"}]]
    helpers.go:284: 2026-05-07T16:47:50.862111527+02:00: gateway-conformance-infra/all-namespaces Gateway not Programmed yet
    helpers.go:283: 2026-05-07T16:47:50.962024743+02:00: Programmed condition set to Status False with Reason AddressNotAssigned, expected Status True
    helpers.go:283: 2026-05-07T16:47:50.962055568+02:00: Programmed was not in conditions list [[{Accepted True 1 2026-05-07 16:47:43 +0200 CEST Accepted Resource accepted} {Programmed False 1 2026-05-07 16:47:43 +0200 CEST AddressNotAssigned Failed to assign to any requested addresses: no instances found for hostname "all-namespaces.gateway-conformance-infra.svc.cluster.local"}]]
    helpers.go:284: 2026-05-07T16:47:50.962079611+02:00: gateway-conformance-infra/all-namespaces Gateway not Programmed yet
    helpers.go:283: 2026-05-07T16:47:51.062822761+02:00: Programmed condition set to Status False with Reason AddressNotAssigned, expected Status True
    helpers.go:283: 2026-05-07T16:47:51.062872678+02:00: Programmed was not in conditions list [[{Accepted True 1 2026-05-07 16:47:43 +0200 CEST Accepted Resource accepted} {Programmed False 1 2026-05-07 16:47:43 +0200 CEST AddressNotAssigned Failed to assign to any requested addresses: no instances found for hostname "all-namespaces.gateway-conformance-infra.svc.cluster.local"}]]
    helpers.go:284: 2026-05-07T16:47:51.062910455+02:00: gateway-conformance-infra/all-namespaces Gateway not Programmed yet
    helpers.go:283: 2026-05-07T16:47:51.17431581+02:00: Programmed condition set to Status False with Reason AddressNotAssigned, expected Status True
    helpers.go:283: 2026-05-07T16:47:51.174351133+02:00: Programmed was not in conditions list [[{Accepted True 1 2026-05-07 16:47:43 +0200 CEST Accepted Resource accepted} {Programmed False 1 2026-05-07 16:47:43 +0200 CEST AddressNotAssigned Failed to assign to any requested addresses: no instances found for hostname "all-namespaces.gateway-conformance-infra.svc.cluster.local"}]]
    helpers.go:284: 2026-05-07T16:47:51.174378104+02:00: gateway-conformance-infra/all-namespaces Gateway not Programmed yet
    helpers.go:283: 2026-05-07T16:47:51.261346284+02:00: Programmed condition set to Status False with Reason AddressNotAssigned, expected Status True
    helpers.go:283: 2026-05-07T16:47:51.26138018+02:00: Programmed was not in conditions list [[{Accepted True 1 2026-05-07 16:47:43 +0200 CEST Accepted Resource accepted} {Programmed False 1 2026-05-07 16:47:43 +0200 CEST AddressNotAssigned Failed to assign to any requested addresses: no instances found for hostname "all-namespaces.gateway-conformance-infra.svc.cluster.local"}]]
    helpers.go:284: 2026-05-07T16:47:51.261403318+02:00: gateway-conformance-infra/all-namespaces Gateway not Programmed yet
    helpers.go:283: 2026-05-07T16:47:51.361979732+02:00: Programmed condition set to Status False with Reason AddressNotAssigned, expected Status True
    helpers.go:283: 2026-05-07T16:47:51.362012825+02:00: Programmed was not in conditions list [[{Accepted True 1 2026-05-07 16:47:43 +0200 CEST Accepted Resource accepted} {Programmed False 1 2026-05-07 16:47:43 +0200 CEST AddressNotAssigned Failed to assign to any requested addresses: no instances found for hostname "all-namespaces.gateway-conformance-infra.svc.cluster.local"}]]
    helpers.go:284: 2026-05-07T16:47:51.362038418+02:00: gateway-conformance-infra/all-namespaces Gateway not Programmed yet
    helpers.go:283: 2026-05-07T16:47:51.462469274+02:00: Programmed condition set to Status False with Reason AddressNotAssigned, expected Status True
    helpers.go:283: 2026-05-07T16:47:51.46250364+02:00: Programmed was not in conditions list [[{Accepted True 1 2026-05-07 16:47:43 +0200 CEST Accepted Resource accepted} {Programmed False 1 2026-05-07 16:47:43 +0200 CEST AddressNotAssigned Failed to assign to any requested addresses: no instances found for hostname "all-namespaces.gateway-conformance-infra.svc.cluster.local"}]]
    helpers.go:284: 2026-05-07T16:47:51.462529317+02:00: gateway-conformance-infra/all-namespaces Gateway not Programmed yet
    helpers.go:283: 2026-05-07T16:47:51.567350442+02:00: Programmed condition set to Status False with Reason AddressNotAssigned, expected Status True
    helpers.go:283: 2026-05-07T16:47:51.567385407+02:00: Programmed was not in conditions list [[{Accepted True 1 2026-05-07 16:47:43 +0200 CEST Accepted Resource accepted} {Programmed False 1 2026-05-07 16:47:43 +0200 CEST AddressNotAssigned Failed to assign to any requested addresses: no instances found for hostname "all-namespaces.gateway-conformance-infra.svc.cluster.local"}]]
    helpers.go:284: 2026-05-07T16:47:51.56741238+02:00: gateway-conformance-infra/all-namespaces Gateway not Programmed yet
    helpers.go:283: 2026-05-07T16:47:51.67137631+02:00: Programmed condition set to Status False with Reason AddressNotAssigned, expected Status True
    helpers.go:283: 2026-05-07T16:47:51.671426508+02:00: Programmed was not in conditions list [[{Accepted True 1 2026-05-07 16:47:43 +0200 CEST Accepted Resource accepted} {Programmed False 1 2026-05-07 16:47:43 +0200 CEST AddressNotAssigned Failed to assign to any requested addresses: no instances found for hostname "all-namespaces.gateway-conformance-infra.svc.cluster.local"}]]
    helpers.go:284: 2026-05-07T16:47:51.671466793+02:00: gateway-conformance-infra/all-namespaces Gateway not Programmed yet
    helpers.go:283: 2026-05-07T16:47:51.773783768+02:00: Programmed condition set to Status False with Reason AddressNotAssigned, expected Status True
    helpers.go:283: 2026-05-07T16:47:51.773844639+02:00: Programmed was not in conditions list [[{Accepted True 1 2026-05-07 16:47:43 +0200 CEST Accepted Resource accepted} {Programmed False 1 2026-05-07 16:47:43 +0200 CEST AddressNotAssigned Failed to assign to any requested addresses: no instances found for hostname "all-namespaces.gateway-conformance-infra.svc.cluster.local"}]]
    helpers.go:284: 2026-05-07T16:47:51.773888756+02:00: gateway-conformance-infra/all-namespaces Gateway not Programmed yet
    helpers.go:283: 2026-05-07T16:47:51.907979331+02:00: Programmed condition set to Status False with Reason AddressNotAssigned, expected Status True
    helpers.go:283: 2026-05-07T16:47:51.908037534+02:00: Programmed was not in conditions list [[{Accepted True 1 2026-05-07 16:47:43 +0200 CEST Accepted Resource accepted} {Programmed False 1 2026-05-07 16:47:43 +0200 CEST AddressNotAssigned Failed to assign to any requested addresses: no instances found for hostname "all-namespaces.gateway-conformance-infra.svc.cluster.local"}]]
    helpers.go:284: 2026-05-07T16:47:51.908084058+02:00: gateway-conformance-infra/all-namespaces Gateway not Programmed yet
    helpers.go:283: 2026-05-07T16:47:51.976599924+02:00: Programmed condition set to Status False with Reason AddressNotAssigned, expected Status True
    helpers.go:283: 2026-05-07T16:47:51.977187577+02:00: Programmed was not in conditions list [[{Accepted True 1 2026-05-07 16:47:43 +0200 CEST Accepted Resource accepted} {Programmed False 1 2026-05-07 16:47:43 +0200 CEST AddressNotAssigned Failed to assign to any requested addresses: no instances found for hostname "all-namespaces.gateway-conformance-infra.svc.cluster.local"}]]
    helpers.go:284: 2026-05-07T16:47:51.977244737+02:00: gateway-conformance-infra/all-namespaces Gateway not Programmed yet
    helpers.go:283: 2026-05-07T16:47:52.079579977+02:00: Programmed condition set to Status False with Reason AddressNotAssigned, expected Status True
    helpers.go:283: 2026-05-07T16:47:52.079727138+02:00: Programmed was not in conditions list [[{Accepted True 1 2026-05-07 16:47:43 +0200 CEST Accepted Resource accepted} {Programmed False 1 2026-05-07 16:47:43 +0200 CEST AddressNotAssigned Failed to assign to any requested addresses: no instances found for hostname "all-namespaces.gateway-conformance-infra.svc.cluster.local"}]]
    helpers.go:284: 2026-05-07T16:47:52.079845896+02:00: gateway-conformance-infra/all-namespaces Gateway not Programmed yet
    helpers.go:283: 2026-05-07T16:47:52.177055205+02:00: Programmed condition set to Status False with Reason AddressNotAssigned, expected Status True
    helpers.go:283: 2026-05-07T16:47:52.177106779+02:00: Programmed was not in conditions list [[{Accepted True 1 2026-05-07 16:47:43 +0200 CEST Accepted Resource accepted} {Programmed False 1 2026-05-07 16:47:43 +0200 CEST AddressNotAssigned Failed to assign to any requested addresses: no instances found for hostname "all-namespaces.gateway-conformance-infra.svc.cluster.local"}]]
    helpers.go:284: 2026-05-07T16:47:52.177155225+02:00: gateway-conformance-infra/all-namespaces Gateway not Programmed yet
    helpers.go:283: 2026-05-07T16:47:52.294050198+02:00: Programmed condition set to Status False with Reason AddressNotAssigned, expected Status True
    helpers.go:283: 2026-05-07T16:47:52.294120911+02:00: Programmed was not in conditions list [[{Accepted True 1 2026-05-07 16:47:43 +0200 CEST Accepted Resource accepted} {Programmed False 1 2026-05-07 16:47:43 +0200 CEST AddressNotAssigned Failed to assign to any requested addresses: no instances found for hostname "all-namespaces.gateway-conformance-infra.svc.cluster.local"}]]
    helpers.go:284: 2026-05-07T16:47:52.294212043+02:00: gateway-conformance-infra/all-namespaces Gateway not Programmed yet
    helpers.go:283: 2026-05-07T16:47:52.413687815+02:00: Programmed condition set to Status False with Reason AddressNotAssigned, expected Status True
    helpers.go:283: 2026-05-07T16:47:52.41373564+02:00: Programmed was not in conditions list [[{Accepted True 1 2026-05-07 16:47:43 +0200 CEST Accepted Resource accepted} {Programmed False 1 2026-05-07 16:47:43 +0200 CEST AddressNotAssigned Failed to assign to any requested addresses: no instances found for hostname "all-namespaces.gateway-conformance-infra.svc.cluster.local"}]]
    helpers.go:284: 2026-05-07T16:47:52.41376653+02:00: gateway-conformance-infra/all-namespaces Gateway not Programmed yet
    helpers.go:283: 2026-05-07T16:47:52.494463344+02:00: Programmed condition set to Status False with Reason AddressNotAssigned, expected Status True
    helpers.go:283: 2026-05-07T16:47:52.494507224+02:00: Programmed was not in conditions list [[{Accepted True 1 2026-05-07 16:47:43 +0200 CEST Accepted Resource accepted} {Programmed False 1 2026-05-07 16:47:43 +0200 CEST AddressNotAssigned Failed to assign to any requested addresses: no instances found for hostname "all-namespaces.gateway-conformance-infra.svc.cluster.local"}]]
    helpers.go:284: 2026-05-07T16:47:52.494552409+02:00: gateway-conformance-infra/all-namespaces Gateway not Programmed yet
    helpers.go:283: 2026-05-07T16:47:52.593812526+02:00: Programmed condition set to Status False with Reason AddressNotAssigned, expected Status True
    helpers.go:283: 2026-05-07T16:47:52.593870415+02:00: Programmed was not in conditions list [[{Accepted True 1 2026-05-07 16:47:43 +0200 CEST Accepted Resource accepted} {Programmed False 1 2026-05-07 16:47:43 +0200 CEST AddressNotAssigned Failed to assign to any requested addresses: no instances found for hostname "all-namespaces.gateway-conformance-infra.svc.cluster.local"}]]
    helpers.go:284: 2026-05-07T16:47:52.593904812+02:00: gateway-conformance-infra/all-namespaces Gateway not Programmed yet
    helpers.go:283: 2026-05-07T16:47:52.694239338+02:00: Programmed condition set to Status False with Reason AddressNotAssigned, expected Status True
    helpers.go:283: 2026-05-07T16:47:52.694278897+02:00: Programmed was not in conditions list [[{Accepted True 1 2026-05-07 16:47:43 +0200 CEST Accepted Resource accepted} {Programmed False 1 2026-05-07 16:47:43 +0200 CEST AddressNotAssigned Failed to assign to any requested addresses: no instances found for hostname "all-namespaces.gateway-conformance-infra.svc.cluster.local"}]]
    helpers.go:284: 2026-05-07T16:47:52.694308133+02:00: gateway-conformance-infra/all-namespaces Gateway not Programmed yet
    helpers.go:283: 2026-05-07T16:47:52.795478786+02:00: Programmed condition set to Status False with Reason AddressNotAssigned, expected Status True
    helpers.go:283: 2026-05-07T16:47:52.795543329+02:00: Programmed was not in conditions list [[{Accepted True 1 2026-05-07 16:47:43 +0200 CEST Accepted Resource accepted} {Programmed False 1 2026-05-07 16:47:43 +0200 CEST AddressNotAssigned Failed to assign to any requested addresses: no instances found for hostname "all-namespaces.gateway-conformance-infra.svc.cluster.local"}]]
    helpers.go:284: 2026-05-07T16:47:52.795597822+02:00: gateway-conformance-infra/all-namespaces Gateway not Programmed yet
    helpers.go:283: 2026-05-07T16:47:52.92298189+02:00: Programmed condition set to Status False with Reason AddressNotAssigned, expected Status True
    helpers.go:283: 2026-05-07T16:47:52.923033311+02:00: Programmed was not in conditions list [[{Accepted True 1 2026-05-07 16:47:43 +0200 CEST Accepted Resource accepted} {Programmed False 1 2026-05-07 16:47:43 +0200 CEST AddressNotAssigned Failed to assign to any requested addresses: no instances found for hostname "all-namespaces.gateway-conformance-infra.svc.cluster.local"}]]
    helpers.go:284: 2026-05-07T16:47:52.923079772+02:00: gateway-conformance-infra/all-namespaces Gateway not Programmed yet
    helpers.go:283: 2026-05-07T16:47:52.996597645+02:00: Programmed condition set to Status False with Reason AddressNotAssigned, expected Status True
    helpers.go:283: 2026-05-07T16:47:52.996643849+02:00: Programmed was not in conditions list [[{Accepted True 1 2026-05-07 16:47:43 +0200 CEST Accepted Resource accepted} {Programmed False 1 2026-05-07 16:47:43 +0200 CEST AddressNotAssigned Failed to assign to any requested addresses: no instances found for hostname "all-namespaces.gateway-conformance-infra.svc.cluster.local"}]]
    helpers.go:284: 2026-05-07T16:47:52.996673698+02:00: gateway-conformance-infra/all-namespaces Gateway not Programmed yet
    helpers.go:283: 2026-05-07T16:47:53.097525362+02:00: Programmed condition set to Status False with Reason AddressNotAssigned, expected Status True
    helpers.go:283: 2026-05-07T16:47:53.097584099+02:00: Programmed was not in conditions list [[{Accepted True 1 2026-05-07 16:47:43 +0200 CEST Accepted Resource accepted} {Programmed False 1 2026-05-07 16:47:43 +0200 CEST AddressNotAssigned Failed to assign to any requested addresses: no instances found for hostname "all-namespaces.gateway-conformance-infra.svc.cluster.local"}]]
    helpers.go:284: 2026-05-07T16:47:53.09763929+02:00: gateway-conformance-infra/all-namespaces Gateway not Programmed yet
    helpers.go:283: 2026-05-07T16:47:53.196439011+02:00: Programmed condition set to Status False with Reason AddressNotAssigned, expected Status True
    helpers.go:283: 2026-05-07T16:47:53.196482308+02:00: Programmed was not in conditions list [[{Accepted True 1 2026-05-07 16:47:43 +0200 CEST Accepted Resource accepted} {Programmed False 1 2026-05-07 16:47:43 +0200 CEST AddressNotAssigned Failed to assign to any requested addresses: no instances found for hostname "all-namespaces.gateway-conformance-infra.svc.cluster.local"}]]
    helpers.go:284: 2026-05-07T16:47:53.19652482+02:00: gateway-conformance-infra/all-namespaces Gateway not Programmed yet
    helpers.go:283: 2026-05-07T16:47:53.328070392+02:00: Programmed condition set to Status False with Reason AddressNotAssigned, expected Status True
    helpers.go:283: 2026-05-07T16:47:53.328114586+02:00: Programmed was not in conditions list [[{Accepted True 1 2026-05-07 16:47:43 +0200 CEST Accepted Resource accepted} {Programmed False 1 2026-05-07 16:47:43 +0200 CEST AddressNotAssigned Failed to assign to any requested addresses: no instances found for hostname "all-namespaces.gateway-conformance-infra.svc.cluster.local"}]]
    helpers.go:284: 2026-05-07T16:47:53.328173407+02:00: gateway-conformance-infra/all-namespaces Gateway not Programmed yet
    helpers.go:283: 2026-05-07T16:47:53.444116273+02:00: Programmed condition set to Status False with Reason AddressNotAssigned, expected Status True
    helpers.go:283: 2026-05-07T16:47:53.444267887+02:00: Programmed was not in conditions list [[{Accepted True 1 2026-05-07 16:47:43 +0200 CEST Accepted Resource accepted} {Programmed False 1 2026-05-07 16:47:43 +0200 CEST AddressNotAssigned Failed to assign to any requested addresses: no instances found for hostname "all-namespaces.gateway-conformance-infra.svc.cluster.local"}]]
    helpers.go:284: 2026-05-07T16:47:53.444368877+02:00: gateway-conformance-infra/all-namespaces Gateway not Programmed yet
    helpers.go:283: 2026-05-07T16:47:53.525013738+02:00: Programmed condition set to Status False with Reason AddressNotAssigned, expected Status True
    helpers.go:283: 2026-05-07T16:47:53.525066672+02:00: Programmed was not in conditions list [[{Accepted True 1 2026-05-07 16:47:43 +0200 CEST Accepted Resource accepted} {Programmed False 1 2026-05-07 16:47:43 +0200 CEST AddressNotAssigned Failed to assign to any requested addresses: no instances found for hostname "all-namespaces.gateway-conformance-infra.svc.cluster.local"}]]
    helpers.go:284: 2026-05-07T16:47:53.525111584+02:00: gateway-conformance-infra/all-namespaces Gateway not Programmed yet
    helpers.go:283: 2026-05-07T16:47:53.625134487+02:00: Programmed condition set to Status False with Reason AddressNotAssigned, expected Status True
    helpers.go:283: 2026-05-07T16:47:53.625181614+02:00: Programmed was not in conditions list [[{Accepted True 1 2026-05-07 16:47:43 +0200 CEST Accepted Resource accepted} {Programmed False 1 2026-05-07 16:47:43 +0200 CEST AddressNotAssigned Failed to assign to any requested addresses: no instances found for hostname "all-namespaces.gateway-conformance-infra.svc.cluster.local"}]]
    helpers.go:284: 2026-05-07T16:47:53.625258385+02:00: gateway-conformance-infra/all-namespaces Gateway not Programmed yet
    helpers.go:283: 2026-05-07T16:47:53.663051592+02:00: Programmed condition set to Status False with Reason AddressNotAssigned, expected Status True
    helpers.go:283: 2026-05-07T16:47:53.663089607+02:00: Programmed was not in conditions list [[{Accepted True 1 2026-05-07 16:47:43 +0200 CEST Accepted Resource accepted} {Programmed False 1 2026-05-07 16:47:43 +0200 CEST AddressNotAssigned Failed to assign to any requested addresses: no instances found for hostname "all-namespaces.gateway-conformance-infra.svc.cluster.local"}]]
    helpers.go:284: 2026-05-07T16:47:53.663119666+02:00: gateway-conformance-infra/all-namespaces Gateway not Programmed yet
    helpers.go:283: 2026-05-07T16:47:53.76236678+02:00: Programmed condition set to Status False with Reason AddressNotAssigned, expected Status True
    helpers.go:283: 2026-05-07T16:47:53.762412925+02:00: Programmed was not in conditions list [[{Accepted True 1 2026-05-07 16:47:43 +0200 CEST Accepted Resource accepted} {Programmed False 1 2026-05-07 16:47:43 +0200 CEST AddressNotAssigned Failed to assign to any requested addresses: no instances found for hostname "all-namespaces.gateway-conformance-infra.svc.cluster.local"}]]
    helpers.go:284: 2026-05-07T16:47:53.762448248+02:00: gateway-conformance-infra/all-namespaces Gateway not Programmed yet
    helpers.go:283: 2026-05-07T16:47:53.862663273+02:00: Programmed condition set to Status False with Reason AddressNotAssigned, expected Status True
    helpers.go:283: 2026-05-07T16:47:53.862695567+02:00: Programmed was not in conditions list [[{Accepted True 1 2026-05-07 16:47:43 +0200 CEST Accepted Resource accepted} {Programmed False 1 2026-05-07 16:47:43 +0200 CEST AddressNotAssigned Failed to assign to any requested addresses: no instances found for hostname "all-namespaces.gateway-conformance-infra.svc.cluster.local"}]]
    helpers.go:284: 2026-05-07T16:47:53.862720241+02:00: gateway-conformance-infra/all-namespaces Gateway not Programmed yet
    helpers.go:283: 2026-05-07T16:47:53.961736867+02:00: Programmed condition set to Status False with Reason AddressNotAssigned, expected Status True
    helpers.go:283: 2026-05-07T16:47:53.961772043+02:00: Programmed was not in conditions list [[{Accepted True 1 2026-05-07 16:47:43 +0200 CEST Accepted Resource accepted} {Programmed False 1 2026-05-07 16:47:43 +0200 CEST AddressNotAssigned Failed to assign to any requested addresses: no instances found for hostname "all-namespaces.gateway-conformance-infra.svc.cluster.local"}]]
    helpers.go:284: 2026-05-07T16:47:53.961797353+02:00: gateway-conformance-infra/all-namespaces Gateway not Programmed yet
    helpers.go:283: 2026-05-07T16:47:54.063553452+02:00: Programmed condition set to Status False with Reason AddressNotAssigned, expected Status True
    helpers.go:283: 2026-05-07T16:47:54.063586871+02:00: Programmed was not in conditions list [[{Accepted True 1 2026-05-07 16:47:43 +0200 CEST Accepted Resource accepted} {Programmed False 1 2026-05-07 16:47:43 +0200 CEST AddressNotAssigned Failed to assign to any requested addresses: no instances found for hostname "all-namespaces.gateway-conformance-infra.svc.cluster.local"}]]
    helpers.go:284: 2026-05-07T16:47:54.063610501+02:00: gateway-conformance-infra/all-namespaces Gateway not Programmed yet
    helpers.go:283: 2026-05-07T16:47:54.1860975+02:00: Programmed condition set to Status False with Reason AddressNotAssigned, expected Status True
    helpers.go:283: 2026-05-07T16:47:54.186254048+02:00: Programmed was not in conditions list [[{Accepted True 1 2026-05-07 16:47:43 +0200 CEST Accepted Resource accepted} {Programmed False 1 2026-05-07 16:47:43 +0200 CEST AddressNotAssigned Failed to assign to any requested addresses: no instances found for hostname "all-namespaces.gateway-conformance-infra.svc.cluster.local"}]]
    helpers.go:284: 2026-05-07T16:47:54.186335148+02:00: gateway-conformance-infra/all-namespaces Gateway not Programmed yet
    helpers.go:283: 2026-05-07T16:47:54.300137828+02:00: Programmed condition set to Status False with Reason AddressNotAssigned, expected Status True
    helpers.go:283: 2026-05-07T16:47:54.300188405+02:00: Programmed was not in conditions list [[{Accepted True 1 2026-05-07 16:47:43 +0200 CEST Accepted Resource accepted} {Programmed False 1 2026-05-07 16:47:43 +0200 CEST AddressNotAssigned Failed to assign to any requested addresses: no instances found for hostname "all-namespaces.gateway-conformance-infra.svc.cluster.local"}]]
    helpers.go:284: 2026-05-07T16:47:54.300213675+02:00: gateway-conformance-infra/all-namespaces Gateway not Programmed yet
    helpers.go:283: 2026-05-07T16:47:54.361245479+02:00: Programmed condition set to Status False with Reason AddressNotAssigned, expected Status True
    helpers.go:283: 2026-05-07T16:47:54.361280301+02:00: Programmed was not in conditions list [[{Accepted True 1 2026-05-07 16:47:43 +0200 CEST Accepted Resource accepted} {Programmed False 1 2026-05-07 16:47:43 +0200 CEST AddressNotAssigned Failed to assign to any requested addresses: no instances found for hostname "all-namespaces.gateway-conformance-infra.svc.cluster.local"}]]
    helpers.go:284: 2026-05-07T16:47:54.361313176+02:00: gateway-conformance-infra/all-namespaces Gateway not Programmed yet
    helpers.go:283: 2026-05-07T16:47:54.461058499+02:00: Programmed condition set to Status False with Reason AddressNotAssigned, expected Status True
    helpers.go:283: 2026-05-07T16:47:54.46109207+02:00: Programmed was not in conditions list [[{Accepted True 1 2026-05-07 16:47:43 +0200 CEST Accepted Resource accepted} {Programmed False 1 2026-05-07 16:47:43 +0200 CEST AddressNotAssigned Failed to assign to any requested addresses: no instances found for hostname "all-namespaces.gateway-conformance-infra.svc.cluster.local"}]]
    helpers.go:284: 2026-05-07T16:47:54.461124758+02:00: gateway-conformance-infra/all-namespaces Gateway not Programmed yet
    helpers.go:283: 2026-05-07T16:47:54.562024615+02:00: Programmed condition set to Status False with Reason AddressNotAssigned, expected Status True
    helpers.go:283: 2026-05-07T16:47:54.56205725+02:00: Programmed was not in conditions list [[{Accepted True 1 2026-05-07 16:47:43 +0200 CEST Accepted Resource accepted} {Programmed False 1 2026-05-07 16:47:43 +0200 CEST AddressNotAssigned Failed to assign to any requested addresses: no instances found for hostname "all-namespaces.gateway-conformance-infra.svc.cluster.local"}]]
    helpers.go:284: 2026-05-07T16:47:54.562089103+02:00: gateway-conformance-infra/all-namespaces Gateway not Programmed yet
    helpers.go:283: 2026-05-07T16:47:54.666551194+02:00: Programmed condition set to Status False with Reason AddressNotAssigned, expected Status True
    helpers.go:283: 2026-05-07T16:47:54.66661769+02:00: Programmed was not in conditions list [[{Accepted True 1 2026-05-07 16:47:43 +0200 CEST Accepted Resource accepted} {Programmed False 1 2026-05-07 16:47:43 +0200 CEST AddressNotAssigned Failed to assign to any requested addresses: no instances found for hostname "all-namespaces.gateway-conformance-infra.svc.cluster.local"}]]
    helpers.go:284: 2026-05-07T16:47:54.666735574+02:00: gateway-conformance-infra/all-namespaces Gateway not Programmed yet
    helpers.go:283: 2026-05-07T16:47:54.763456898+02:00: Programmed condition set to Status False with Reason AddressNotAssigned, expected Status True
    helpers.go:283: 2026-05-07T16:47:54.76349043+02:00: Programmed was not in conditions list [[{Accepted True 1 2026-05-07 16:47:43 +0200 CEST Accepted Resource accepted} {Programmed False 1 2026-05-07 16:47:43 +0200 CEST AddressNotAssigned Failed to assign to any requested addresses: no instances found for hostname "all-namespaces.gateway-conformance-infra.svc.cluster.local"}]]
    helpers.go:284: 2026-05-07T16:47:54.763519904+02:00: gateway-conformance-infra/all-namespaces Gateway not Programmed yet
    helpers.go:283: 2026-05-07T16:47:54.861617312+02:00: Programmed condition set to Status False with Reason AddressNotAssigned, expected Status True
    helpers.go:283: 2026-05-07T16:47:54.861650536+02:00: Programmed was not in conditions list [[{Accepted True 1 2026-05-07 16:47:43 +0200 CEST Accepted Resource accepted} {Programmed False 1 2026-05-07 16:47:43 +0200 CEST AddressNotAssigned Failed to assign to any requested addresses: no instances found for hostname "all-namespaces.gateway-conformance-infra.svc.cluster.local"}]]
    helpers.go:284: 2026-05-07T16:47:54.861672896+02:00: gateway-conformance-infra/all-namespaces Gateway not Programmed yet
    helpers.go:283: 2026-05-07T16:47:54.961539802+02:00: Programmed condition set to Status False with Reason AddressNotAssigned, expected Status True
    helpers.go:283: 2026-05-07T16:47:54.961571405+02:00: Programmed was not in conditions list [[{Accepted True 1 2026-05-07 16:47:43 +0200 CEST Accepted Resource accepted} {Programmed False 1 2026-05-07 16:47:43 +0200 CEST AddressNotAssigned Failed to assign to any requested addresses: no instances found for hostname "all-namespaces.gateway-conformance-infra.svc.cluster.local"}]]
    helpers.go:284: 2026-05-07T16:47:54.961600368+02:00: gateway-conformance-infra/all-namespaces Gateway not Programmed yet
    helpers.go:283: 2026-05-07T16:47:55.061604594+02:00: Programmed condition set to Status False with Reason AddressNotAssigned, expected Status True
    helpers.go:283: 2026-05-07T16:47:55.061635316+02:00: Programmed was not in conditions list [[{Accepted True 1 2026-05-07 16:47:43 +0200 CEST Accepted Resource accepted} {Programmed False 1 2026-05-07 16:47:43 +0200 CEST AddressNotAssigned Failed to assign to any requested addresses: no instances found for hostname "all-namespaces.gateway-conformance-infra.svc.cluster.local"}]]
    helpers.go:284: 2026-05-07T16:47:55.061661376+02:00: gateway-conformance-infra/all-namespaces Gateway not Programmed yet
    helpers.go:283: 2026-05-07T16:47:55.166871511+02:00: Programmed condition set to Status False with Reason AddressNotAssigned, expected Status True
    helpers.go:283: 2026-05-07T16:47:55.166913958+02:00: Programmed was not in conditions list [[{Accepted True 1 2026-05-07 16:47:43 +0200 CEST Accepted Resource accepted} {Programmed False 1 2026-05-07 16:47:43 +0200 CEST AddressNotAssigned Failed to assign to any requested addresses: no instances found for hostname "all-namespaces.gateway-conformance-infra.svc.cluster.local"}]]
    helpers.go:284: 2026-05-07T16:47:55.166952457+02:00: gateway-conformance-infra/all-namespaces Gateway not Programmed yet
    helpers.go:283: 2026-05-07T16:47:55.268848506+02:00: Programmed condition set to Status False with Reason AddressNotAssigned, expected Status True
    helpers.go:283: 2026-05-07T16:47:55.268882936+02:00: Programmed was not in conditions list [[{Accepted True 1 2026-05-07 16:47:43 +0200 CEST Accepted Resource accepted} {Programmed False 1 2026-05-07 16:47:43 +0200 CEST AddressNotAssigned Failed to assign to any requested addresses: no instances found for hostname "all-namespaces.gateway-conformance-infra.svc.cluster.local"}]]
    helpers.go:284: 2026-05-07T16:47:55.268910536+02:00: gateway-conformance-infra/all-namespaces Gateway not Programmed yet
    helpers.go:283: 2026-05-07T16:47:55.362802354+02:00: Programmed condition set to Status False with Reason AddressNotAssigned, expected Status True
    helpers.go:283: 2026-05-07T16:47:55.362832393+02:00: Programmed was not in conditions list [[{Accepted True 1 2026-05-07 16:47:43 +0200 CEST Accepted Resource accepted} {Programmed False 1 2026-05-07 16:47:43 +0200 CEST AddressNotAssigned Failed to assign to any requested addresses: no instances found for hostname "backend-namespaces.gateway-conformance-infra.svc.cluster.local"}]]
    helpers.go:284: 2026-05-07T16:47:55.362855304+02:00: gateway-conformance-infra/backend-namespaces Gateway not Programmed yet
    helpers.go:296: 2026-05-07T16:47:55.471774258+02:00: Ready condition set to False, expected True
    helpers.go:296: 2026-05-07T16:47:55.471815785+02:00: Ready was not in conditions list
    helpers.go:299: 2026-05-07T16:47:55.471827313+02:00: Pod gateway-conformance-infra/all-namespaces-5d4445bcb-xlszj not ready yet
    helpers.go:296: 2026-05-07T16:47:55.563624684+02:00: Ready condition set to False, expected True
    helpers.go:296: 2026-05-07T16:47:55.563671117+02:00: Ready was not in conditions list
    helpers.go:299: 2026-05-07T16:47:55.563699893+02:00: Pod gateway-conformance-infra/all-namespaces-5d4445bcb-xlszj not ready yet
    helpers.go:296: 2026-05-07T16:47:55.662725306+02:00: Ready condition set to False, expected True
    helpers.go:296: 2026-05-07T16:47:55.662764859+02:00: Ready was not in conditions list
    helpers.go:299: 2026-05-07T16:47:55.662776422+02:00: Pod gateway-conformance-infra/all-namespaces-5d4445bcb-xlszj not ready yet
    helpers.go:296: 2026-05-07T16:47:55.763660985+02:00: Ready condition set to False, expected True
    helpers.go:296: 2026-05-07T16:47:55.763689963+02:00: Ready was not in conditions list
    helpers.go:299: 2026-05-07T16:47:55.763700787+02:00: Pod gateway-conformance-infra/all-namespaces-5d4445bcb-xlszj not ready yet
    helpers.go:296: 2026-05-07T16:47:55.864805536+02:00: Ready condition set to False, expected True
    helpers.go:296: 2026-05-07T16:47:55.864848516+02:00: Ready was not in conditions list
    helpers.go:299: 2026-05-07T16:47:55.864867412+02:00: Pod gateway-conformance-infra/all-namespaces-5d4445bcb-xlszj not ready yet
    helpers.go:296: 2026-05-07T16:47:55.967275393+02:00: Ready condition set to False, expected True
    helpers.go:296: 2026-05-07T16:47:55.967316398+02:00: Ready was not in conditions list
    helpers.go:299: 2026-05-07T16:47:55.967335113+02:00: Pod gateway-conformance-infra/all-namespaces-5d4445bcb-xlszj not ready yet
    helpers.go:296: 2026-05-07T16:47:56.063335782+02:00: Ready condition set to False, expected True
    helpers.go:296: 2026-05-07T16:47:56.063363603+02:00: Ready was not in conditions list
    helpers.go:299: 2026-05-07T16:47:56.063374534+02:00: Pod gateway-conformance-infra/all-namespaces-5d4445bcb-xlszj not ready yet
    helpers.go:296: 2026-05-07T16:47:56.170063826+02:00: Ready condition set to False, expected True
    helpers.go:296: 2026-05-07T16:47:56.17011831+02:00: Ready was not in conditions list
    helpers.go:299: 2026-05-07T16:47:56.170140847+02:00: Pod gateway-conformance-infra/all-namespaces-5d4445bcb-xlszj not ready yet
    helpers.go:304: 2026-05-07T16:47:56.366997401+02:00: Gateways and Pods in gateway-conformance-infra, gateway-conformance-app-backend, gateway-conformance-web-backend namespaces ready
=== RUN   TestConformance/MeshGRPCRouteWeight
    conformance.go:54: Skipping MeshGRPCRouteWeight: suite does not support Mesh
=== RUN   TestConformance/MeshHTTPRoute303Redirect
    conformance.go:54: Skipping MeshHTTPRoute303Redirect: suite does not support Mesh
=== RUN   TestConformance/MeshHTTPRoute307Redirect
    conformance.go:54: Skipping MeshHTTPRoute307Redirect: suite does not support Mesh
=== RUN   TestConformance/MeshHTTPRoute308Redirect
    conformance.go:54: Skipping MeshHTTPRoute308Redirect: suite does not support Mesh
=== RUN   TestConformance/MeshHTTPRouteMatching
    conformance.go:54: Skipping MeshHTTPRouteMatching: suite does not support Mesh
=== RUN   TestConformance/MeshHTTPRouteNamedRule
    conformance.go:54: Skipping MeshHTTPRouteNamedRule: suite does not support Mesh
=== RUN   TestConformance/MeshHTTPRouteQueryParamMatching
    conformance.go:54: Skipping MeshHTTPRouteQueryParamMatching: suite does not support Mesh
=== RUN   TestConformance/MeshHTTPRouteRedirectHostAndStatus
    conformance.go:54: Skipping MeshHTTPRouteRedirectHostAndStatus: suite does not support Mesh
=== RUN   TestConformance/MeshHTTPRouteRedirectPath
    conformance.go:54: Skipping MeshHTTPRouteRedirectPath: suite does not support Mesh
=== RUN   TestConformance/MeshHTTPRouteRedirectPort
    conformance.go:54: Skipping MeshHTTPRouteRedirectPort: suite does not support Mesh
=== RUN   TestConformance/MeshHTTPRouteSchemeRedirect
    conformance.go:54: Skipping MeshHTTPRouteSchemeRedirect: suite does not support Mesh
=== RUN   TestConformance/MeshHTTPRouteRequestHeaderModifier
    conformance.go:54: Skipping MeshHTTPRouteRequestHeaderModifier: suite does not support Mesh
=== RUN   TestConformance/MeshHTTPRouteBackendRequestHeaderModifier
    conformance.go:54: Skipping MeshHTTPRouteBackendRequestHeaderModifier: suite does not support Mesh
=== RUN   TestConformance/MeshHTTPRouteRewritePath
    conformance.go:54: Skipping MeshHTTPRouteRewritePath: suite does not support Mesh
=== RUN   TestConformance/MeshHTTPRouteSimpleSameNamespace
    conformance.go:54: Skipping MeshHTTPRouteSimpleSameNamespace: suite does not support Mesh
=== RUN   TestConformance/MeshHTTPRouteWeight
    conformance.go:54: Skipping MeshHTTPRouteWeight: suite does not support Mesh
=== RUN   TestConformance/MeshBasic
    conformance.go:54: Skipping MeshBasic: suite does not support Mesh
=== RUN   TestConformance/MeshConsumerRoute
    conformance.go:54: Skipping MeshConsumerRoute: suite does not support Mesh
=== RUN   TestConformance/MeshFrontendHostname
    conformance.go:54: Skipping MeshFrontendHostname: suite does not support Mesh
=== RUN   TestConformance/MeshFrontend
    conformance.go:54: Skipping MeshFrontend: suite does not support Mesh
=== RUN   TestConformance/MeshPorts
    conformance.go:54: Skipping MeshPorts: suite does not support Mesh
=== RUN   TestConformance/MeshTrafficSplit
    conformance.go:54: Skipping MeshTrafficSplit: suite does not support Mesh
=== RUN   TestConformance/BackendTLSPolicyConflictResolution
    conformance.go:54: Skipping BackendTLSPolicyConflictResolution: suite does not support BackendTLSPolicy
=== RUN   TestConformance/BackendTLSPolicyInvalidCACertificateRef
    conformance.go:54: Skipping BackendTLSPolicyInvalidCACertificateRef: suite does not support BackendTLSPolicy
=== RUN   TestConformance/BackendTLSPolicyInvalidKind
    conformance.go:54: Skipping BackendTLSPolicyInvalidKind: suite does not support BackendTLSPolicy
=== RUN   TestConformance/BackendTLSPolicyObservedGenerationBump
    conformance.go:54: Skipping BackendTLSPolicyObservedGenerationBump: suite does not support BackendTLSPolicy
=== RUN   TestConformance/BackendTLSPolicySANValidation
    conformance.go:54: Skipping BackendTLSPolicySANValidation: suite does not support BackendTLSPolicy
=== RUN   TestConformance/BackendTLSPolicy
    conformance.go:54: Skipping BackendTLSPolicy: suite does not support BackendTLSPolicy
=== RUN   TestConformance/GatewayHTTPListenerIsolation
    conformance.go:54: Skipping GatewayHTTPListenerIsolation: suite does not support GatewayHTTPListenerIsolation
=== RUN   TestConformance/GatewayInfrastructure
    conformance.go:54: Skipping GatewayInfrastructure: suite does not support GatewayInfrastructurePropagation
=== RUN   TestConformance/GatewayFrontendInvalidDefaultClientCertificateValidation
    conformance.go:54: Skipping GatewayFrontendInvalidDefaultClientCertificateValidation: suite does not support GatewayFrontendClientCertificateValidation
=== RUN   TestConformance/GatewayInvalidRouteKind
    conformance.go:70: 2026-05-07T16:47:56.373289206+02:00: Applying tests/gateway-invalid-route-kind.yaml
    apply.go:275: 2026-05-07T16:47:56.380763305+02:00: Creating gateway-only-invalid-route-kind Gateway
    apply.go:275: 2026-05-07T16:47:56.392347053+02:00: Creating gateway-supported-and-invalid-route-kind Gateway
    conformance.go:75: 2026-05-07T16:47:56.409344426+02:00: Running GatewayInvalidRouteKind, relying on the following features: Gateway-standard
=== RUN   TestConformance/GatewayInvalidRouteKind/Gateway_listener_should_have_a_false_ResolvedRefs_condition_with_reason_InvalidRouteKinds_and_no_supportedKinds
    helpers.go:912: 2026-05-07T16:47:56.417310663+02:00: Gateway gateway-conformance-infra/gateway-only-invalid-route-kind expected observedGeneration to be updated to 1 for all conditions, only 0/2 were updated. stale conditions are: Accepted (generation 0), Programmed (generation 0)
    helpers.go:917: 2026-05-07T16:47:56.527257095+02:00: Conditions matched expectations
    helpers.go:917: 2026-05-07T16:47:56.527294723+02:00: Gateway status listeners matched expectations
=== RUN   TestConformance/GatewayInvalidRouteKind/Gateway_listener_should_have_a_false_ResolvedRefs_condition_with_reason_InvalidRouteKinds_and_HTTPRoute_must_be_put_in_the_supportedKinds
    helpers.go:917: 2026-05-07T16:47:56.53439251+02:00: Conditions matched expectations
    helpers.go:917: 2026-05-07T16:47:56.53442321+02:00: Gateway status listeners matched expectations
=== NAME  TestConformance/GatewayInvalidRouteKind
    apply.go:283: 2026-05-07T16:47:56.534472948+02:00: Deleting gateway-supported-and-invalid-route-kind Gateway
    apply.go:283: 2026-05-07T16:47:56.592820521+02:00: Deleting gateway-only-invalid-route-kind Gateway
=== RUN   TestConformance/GatewayInvalidTLSBackendConfiguration
    conformance.go:54: Skipping GatewayInvalidTLSBackendConfiguration: suite does not support GatewayBackendClientCertificate
=== RUN   TestConformance/GatewayInvalidTLSConfiguration
    conformance.go:70: 2026-05-07T16:47:56.619291145+02:00: Applying tests/gateway-invalid-tls-configuration.yaml
    apply.go:275: 2026-05-07T16:47:56.643540936+02:00: Creating gateway-certificate-nonexistent-secret Gateway
    apply.go:275: 2026-05-07T16:47:56.66944741+02:00: Creating gateway-certificate-unsupported-group Gateway
    apply.go:275: 2026-05-07T16:47:56.746881474+02:00: Creating gateway-certificate-unsupported-kind Gateway
    apply.go:275: 2026-05-07T16:47:56.777403541+02:00: Creating gateway-certificate-malformed-secret Gateway
    apply.go:275: 2026-05-07T16:47:56.806222701+02:00: Creating malformed-certificate Secret
2026-05-07T16:47:56+02:00	INFO	tls: failed to find any PEM data in certificate input
    conformance.go:75: 2026-05-07T16:47:56.83769366+02:00: Running GatewayInvalidTLSConfiguration, relying on the following features: Gateway-standard
=== RUN   TestConformance/GatewayInvalidTLSConfiguration/Nonexistent_secret_referenced_as_CertificateRef_in_a_Gateway_listener
=== PAUSE TestConformance/GatewayInvalidTLSConfiguration/Nonexistent_secret_referenced_as_CertificateRef_in_a_Gateway_listener
=== RUN   TestConformance/GatewayInvalidTLSConfiguration/Unsupported_group_resource_referenced_as_CertificateRef_in_a_Gateway_listener
=== PAUSE TestConformance/GatewayInvalidTLSConfiguration/Unsupported_group_resource_referenced_as_CertificateRef_in_a_Gateway_listener
=== RUN   TestConformance/GatewayInvalidTLSConfiguration/Unsupported_kind_resource_referenced_as_CertificateRef_in_a_Gateway_listener
=== PAUSE TestConformance/GatewayInvalidTLSConfiguration/Unsupported_kind_resource_referenced_as_CertificateRef_in_a_Gateway_listener
=== RUN   TestConformance/GatewayInvalidTLSConfiguration/Malformed_secret_referenced_as_CertificateRef_in_a_Gateway_listener
=== PAUSE TestConformance/GatewayInvalidTLSConfiguration/Malformed_secret_referenced_as_CertificateRef_in_a_Gateway_listener
=== CONT  TestConformance/GatewayInvalidTLSConfiguration/Nonexistent_secret_referenced_as_CertificateRef_in_a_Gateway_listener
=== CONT  TestConformance/GatewayInvalidTLSConfiguration/Malformed_secret_referenced_as_CertificateRef_in_a_Gateway_listener
=== CONT  TestConformance/GatewayInvalidTLSConfiguration/Unsupported_group_resource_referenced_as_CertificateRef_in_a_Gateway_listener
=== CONT  TestConformance/GatewayInvalidTLSConfiguration/Unsupported_kind_resource_referenced_as_CertificateRef_in_a_Gateway_listener
=== NAME  TestConformance/GatewayInvalidTLSConfiguration/Unsupported_group_resource_referenced_as_CertificateRef_in_a_Gateway_listener
    helpers.go:917: 2026-05-07T16:47:56.863695548+02:00: Conditions matched expectations
    helpers.go:917: 2026-05-07T16:47:56.863731273+02:00: Gateway status listeners matched expectations
=== NAME  TestConformance/GatewayInvalidTLSConfiguration/Unsupported_kind_resource_referenced_as_CertificateRef_in_a_Gateway_listener
    helpers.go:917: 2026-05-07T16:47:56.863743571+02:00: Conditions matched expectations
    helpers.go:917: 2026-05-07T16:47:56.863784011+02:00: Gateway status listeners matched expectations
=== NAME  TestConformance/GatewayInvalidTLSConfiguration/Nonexistent_secret_referenced_as_CertificateRef_in_a_Gateway_listener
    helpers.go:917: 2026-05-07T16:47:56.86381831+02:00: Conditions matched expectations
    helpers.go:917: 2026-05-07T16:47:56.863854999+02:00: Gateway status listeners matched expectations
=== NAME  TestConformance/GatewayInvalidTLSConfiguration/Malformed_secret_referenced_as_CertificateRef_in_a_Gateway_listener
    helpers.go:917: 2026-05-07T16:47:56.863878147+02:00: Conditions matched expectations
    helpers.go:917: 2026-05-07T16:47:56.863920045+02:00: Gateway status listeners matched expectations
=== NAME  TestConformance/GatewayInvalidTLSConfiguration
    apply.go:283: 2026-05-07T16:47:56.8639677+02:00: Deleting malformed-certificate Secret
    apply.go:283: 2026-05-07T16:47:56.891642436+02:00: Deleting gateway-certificate-malformed-secret Gateway
    apply.go:283: 2026-05-07T16:47:56.93102077+02:00: Deleting gateway-certificate-unsupported-kind Gateway
    apply.go:283: 2026-05-07T16:47:56.968324768+02:00: Deleting gateway-certificate-unsupported-group Gateway
    apply.go:283: 2026-05-07T16:47:56.996014671+02:00: Deleting gateway-certificate-nonexistent-secret Gateway
=== RUN   TestConformance/GatewayModifyListeners
    conformance.go:70: 2026-05-07T16:47:57.032864667+02:00: Applying tests/gateway-modify-listeners.yaml
    apply.go:275: 2026-05-07T16:47:57.046508837+02:00: Creating gateway-add-listener Gateway
    apply.go:275: 2026-05-07T16:47:57.091470432+02:00: Creating http-route-1 HTTPRoute
    apply.go:275: 2026-05-07T16:47:57.110659159+02:00: Creating gateway-remove-listener Gateway
    apply.go:275: 2026-05-07T16:47:57.134521438+02:00: Creating http-route-2 HTTPRoute
    conformance.go:75: 2026-05-07T16:47:57.162352565+02:00: Running GatewayModifyListeners, relying on the following features: Gateway-standard
=== RUN   TestConformance/GatewayModifyListeners/should_be_able_to_add_a_listener_that_then_becomes_available_for_routing_traffic
    helpers.go:283: 2026-05-07T16:47:57.200726153+02:00: Programmed condition set to Status False with Reason AddressNotUsable, expected Status True
    helpers.go:283: 2026-05-07T16:47:57.200772973+02:00: Programmed was not in conditions list [[{Accepted True 1 2026-05-07 16:47:57 +0200 CEST Accepted Resource accepted} {Programmed False 1 2026-05-07 16:47:57 +0200 CEST AddressNotUsable Failed to assign to any requested addresses: hostname "gateway-add-listener.gateway-conformance-infra.svc.cluster.local" not found}]]
    helpers.go:284: 2026-05-07T16:47:57.200809695+02:00: gateway-conformance-infra/gateway-add-listener Gateway not Programmed yet
    helpers.go:283: 2026-05-07T16:47:57.32721604+02:00: Programmed condition set to Status False with Reason AddressNotUsable, expected Status True
    helpers.go:283: 2026-05-07T16:47:57.327257399+02:00: Programmed was not in conditions list [[{Accepted True 1 2026-05-07 16:47:57 +0200 CEST Accepted Resource accepted} {Programmed False 1 2026-05-07 16:47:57 +0200 CEST AddressNotUsable Failed to assign to any requested addresses: hostname "gateway-add-listener.gateway-conformance-infra.svc.cluster.local" not found}]]
    helpers.go:284: 2026-05-07T16:47:57.327290091+02:00: gateway-conformance-infra/gateway-add-listener Gateway not Programmed yet
    helpers.go:283: 2026-05-07T16:47:57.370541325+02:00: Programmed condition set to Status False with Reason AddressNotUsable, expected Status True
    helpers.go:283: 2026-05-07T16:47:57.370585248+02:00: Programmed was not in conditions list [[{Accepted True 1 2026-05-07 16:47:57 +0200 CEST Accepted Resource accepted} {Programmed False 1 2026-05-07 16:47:57 +0200 CEST AddressNotUsable Failed to assign to any requested addresses: hostname "gateway-add-listener.gateway-conformance-infra.svc.cluster.local" not found}]]
    helpers.go:284: 2026-05-07T16:47:57.370616083+02:00: gateway-conformance-infra/gateway-add-listener Gateway not Programmed yet
    helpers.go:283: 2026-05-07T16:47:57.470362911+02:00: Programmed condition set to Status False with Reason AddressNotUsable, expected Status True
    helpers.go:283: 2026-05-07T16:47:57.470412702+02:00: Programmed was not in conditions list [[{Accepted True 1 2026-05-07 16:47:57 +0200 CEST Accepted Resource accepted} {Programmed False 1 2026-05-07 16:47:57 +0200 CEST AddressNotUsable Failed to assign to any requested addresses: hostname "gateway-add-listener.gateway-conformance-infra.svc.cluster.local" not found}]]
    helpers.go:284: 2026-05-07T16:47:57.470442678+02:00: gateway-conformance-infra/gateway-add-listener Gateway not Programmed yet
    helpers.go:283: 2026-05-07T16:47:57.574853552+02:00: Programmed condition set to Status False with Reason AddressNotAssigned, expected Status True
    helpers.go:283: 2026-05-07T16:47:57.574883806+02:00: Programmed was not in conditions list [[{Accepted True 1 2026-05-07 16:47:57 +0200 CEST Accepted Resource accepted} {Programmed False 1 2026-05-07 16:47:57 +0200 CEST AddressNotAssigned Failed to assign to any requested addresses: no instances found for hostname "gateway-add-listener.gateway-conformance-infra.svc.cluster.local"}]]
    helpers.go:284: 2026-05-07T16:47:57.574914446+02:00: gateway-conformance-infra/gateway-add-listener Gateway not Programmed yet
    helpers.go:283: 2026-05-07T16:47:57.667375655+02:00: Programmed condition set to Status False with Reason AddressNotAssigned, expected Status True
    helpers.go:283: 2026-05-07T16:47:57.667408383+02:00: Programmed was not in conditions list [[{Accepted True 1 2026-05-07 16:47:57 +0200 CEST Accepted Resource accepted} {Programmed False 1 2026-05-07 16:47:57 +0200 CEST AddressNotAssigned Failed to assign to any requested addresses: no instances found for hostname "gateway-add-listener.gateway-conformance-infra.svc.cluster.local"}]]
    helpers.go:284: 2026-05-07T16:47:57.667431858+02:00: gateway-conformance-infra/gateway-add-listener Gateway not Programmed yet
    helpers.go:283: 2026-05-07T16:47:57.76785627+02:00: Programmed condition set to Status False with Reason AddressNotAssigned, expected Status True
    helpers.go:283: 2026-05-07T16:47:57.767887724+02:00: Programmed was not in conditions list [[{Accepted True 1 2026-05-07 16:47:57 +0200 CEST Accepted Resource accepted} {Programmed False 1 2026-05-07 16:47:57 +0200 CEST AddressNotAssigned Failed to assign to any requested addresses: no instances found for hostname "gateway-add-listener.gateway-conformance-infra.svc.cluster.local"}]]
    helpers.go:284: 2026-05-07T16:47:57.767911878+02:00: gateway-conformance-infra/gateway-add-listener Gateway not Programmed yet
    helpers.go:283: 2026-05-07T16:47:57.869189902+02:00: Programmed condition set to Status False with Reason AddressNotAssigned, expected Status True
    helpers.go:283: 2026-05-07T16:47:57.869236497+02:00: Programmed was not in conditions list [[{Accepted True 1 2026-05-07 16:47:57 +0200 CEST Accepted Resource accepted} {Programmed False 1 2026-05-07 16:47:57 +0200 CEST AddressNotAssigned Failed to assign to any requested addresses: no instances found for hostname "gateway-add-listener.gateway-conformance-infra.svc.cluster.local"}]]
    helpers.go:284: 2026-05-07T16:47:57.869259864+02:00: gateway-conformance-infra/gateway-add-listener Gateway not Programmed yet
    helpers.go:283: 2026-05-07T16:47:57.967458314+02:00: Programmed condition set to Status False with Reason AddressNotAssigned, expected Status True
    helpers.go:283: 2026-05-07T16:47:57.967490733+02:00: Programmed was not in conditions list [[{Accepted True 1 2026-05-07 16:47:57 +0200 CEST Accepted Resource accepted} {Programmed False 1 2026-05-07 16:47:57 +0200 CEST AddressNotAssigned Failed to assign to any requested addresses: no instances found for hostname "gateway-add-listener.gateway-conformance-infra.svc.cluster.local"}]]
    helpers.go:284: 2026-05-07T16:47:57.967516938+02:00: gateway-conformance-infra/gateway-add-listener Gateway not Programmed yet
    helpers.go:283: 2026-05-07T16:47:58.067399237+02:00: Programmed condition set to Status False with Reason AddressNotAssigned, expected Status True
    helpers.go:283: 2026-05-07T16:47:58.067428893+02:00: Programmed was not in conditions list [[{Accepted True 1 2026-05-07 16:47:57 +0200 CEST Accepted Resource accepted} {Programmed False 1 2026-05-07 16:47:57 +0200 CEST AddressNotAssigned Failed to assign to any requested addresses: no instances found for hostname "gateway-add-listener.gateway-conformance-infra.svc.cluster.local"}]]
    helpers.go:284: 2026-05-07T16:47:58.067451704+02:00: gateway-conformance-infra/gateway-add-listener Gateway not Programmed yet
    helpers.go:283: 2026-05-07T16:47:58.167487759+02:00: Programmed condition set to Status False with Reason AddressNotAssigned, expected Status True
    helpers.go:283: 2026-05-07T16:47:58.167518855+02:00: Programmed was not in conditions list [[{Accepted True 1 2026-05-07 16:47:57 +0200 CEST Accepted Resource accepted} {Programmed False 1 2026-05-07 16:47:57 +0200 CEST AddressNotAssigned Failed to assign to any requested addresses: no instances found for hostname "gateway-add-listener.gateway-conformance-infra.svc.cluster.local"}]]
    helpers.go:284: 2026-05-07T16:47:58.167554562+02:00: gateway-conformance-infra/gateway-add-listener Gateway not Programmed yet
    helpers.go:283: 2026-05-07T16:47:58.267834204+02:00: Programmed condition set to Status False with Reason AddressNotAssigned, expected Status True
    helpers.go:283: 2026-05-07T16:47:58.26786435+02:00: Programmed was not in conditions list [[{Accepted True 1 2026-05-07 16:47:57 +0200 CEST Accepted Resource accepted} {Programmed False 1 2026-05-07 16:47:57 +0200 CEST AddressNotAssigned Failed to assign to any requested addresses: no instances found for hostname "gateway-add-listener.gateway-conformance-infra.svc.cluster.local"}]]
    helpers.go:284: 2026-05-07T16:47:58.267886281+02:00: gateway-conformance-infra/gateway-add-listener Gateway not Programmed yet
    helpers.go:283: 2026-05-07T16:47:58.384035702+02:00: Programmed condition set to Status False with Reason AddressNotAssigned, expected Status True
    helpers.go:283: 2026-05-07T16:47:58.384067943+02:00: Programmed was not in conditions list [[{Accepted True 1 2026-05-07 16:47:57 +0200 CEST Accepted Resource accepted} {Programmed False 1 2026-05-07 16:47:57 +0200 CEST AddressNotAssigned Failed to assign to any requested addresses: no instances found for hostname "gateway-add-listener.gateway-conformance-infra.svc.cluster.local"}]]
    helpers.go:284: 2026-05-07T16:47:58.384092714+02:00: gateway-conformance-infra/gateway-add-listener Gateway not Programmed yet
    helpers.go:283: 2026-05-07T16:47:58.466975554+02:00: Programmed condition set to Status False with Reason AddressNotAssigned, expected Status True
    helpers.go:283: 2026-05-07T16:47:58.46700335+02:00: Programmed was not in conditions list [[{Accepted True 1 2026-05-07 16:47:57 +0200 CEST Accepted Resource accepted} {Programmed False 1 2026-05-07 16:47:57 +0200 CEST AddressNotAssigned Failed to assign to any requested addresses: no instances found for hostname "gateway-add-listener.gateway-conformance-infra.svc.cluster.local"}]]
    helpers.go:284: 2026-05-07T16:47:58.467023865+02:00: gateway-conformance-infra/gateway-add-listener Gateway not Programmed yet
    helpers.go:283: 2026-05-07T16:47:58.56739505+02:00: Programmed condition set to Status False with Reason AddressNotAssigned, expected Status True
    helpers.go:283: 2026-05-07T16:47:58.56742352+02:00: Programmed was not in conditions list [[{Accepted True 1 2026-05-07 16:47:57 +0200 CEST Accepted Resource accepted} {Programmed False 1 2026-05-07 16:47:57 +0200 CEST AddressNotAssigned Failed to assign to any requested addresses: no instances found for hostname "gateway-add-listener.gateway-conformance-infra.svc.cluster.local"}]]
    helpers.go:284: 2026-05-07T16:47:58.567445244+02:00: gateway-conformance-infra/gateway-add-listener Gateway not Programmed yet
    helpers.go:283: 2026-05-07T16:47:58.667922029+02:00: Programmed condition set to Status False with Reason AddressNotAssigned, expected Status True
    helpers.go:283: 2026-05-07T16:47:58.667951246+02:00: Programmed was not in conditions list [[{Accepted True 1 2026-05-07 16:47:57 +0200 CEST Accepted Resource accepted} {Programmed False 1 2026-05-07 16:47:57 +0200 CEST AddressNotAssigned Failed to assign to any requested addresses: no instances found for hostname "gateway-add-listener.gateway-conformance-infra.svc.cluster.local"}]]
    helpers.go:284: 2026-05-07T16:47:58.667977641+02:00: gateway-conformance-infra/gateway-add-listener Gateway not Programmed yet
    helpers.go:283: 2026-05-07T16:47:58.768083763+02:00: Programmed condition set to Status False with Reason AddressNotAssigned, expected Status True
    helpers.go:283: 2026-05-07T16:47:58.768114562+02:00: Programmed was not in conditions list [[{Accepted True 1 2026-05-07 16:47:57 +0200 CEST Accepted Resource accepted} {Programmed False 1 2026-05-07 16:47:57 +0200 CEST AddressNotAssigned Failed to assign to any requested addresses: no instances found for hostname "gateway-add-listener.gateway-conformance-infra.svc.cluster.local"}]]
    helpers.go:284: 2026-05-07T16:47:58.768136342+02:00: gateway-conformance-infra/gateway-add-listener Gateway not Programmed yet
    helpers.go:283: 2026-05-07T16:47:58.867155961+02:00: Programmed condition set to Status False with Reason AddressNotAssigned, expected Status True
    helpers.go:283: 2026-05-07T16:47:58.867240827+02:00: Programmed was not in conditions list [[{Accepted True 1 2026-05-07 16:47:57 +0200 CEST Accepted Resource accepted} {Programmed False 1 2026-05-07 16:47:57 +0200 CEST AddressNotAssigned Failed to assign to any requested addresses: no instances found for hostname "gateway-add-listener.gateway-conformance-infra.svc.cluster.local"}]]
    helpers.go:284: 2026-05-07T16:47:58.867286352+02:00: gateway-conformance-infra/gateway-add-listener Gateway not Programmed yet
    helpers.go:283: 2026-05-07T16:47:58.967705145+02:00: Programmed condition set to Status False with Reason AddressNotAssigned, expected Status True
    helpers.go:283: 2026-05-07T16:47:58.967733027+02:00: Programmed was not in conditions list [[{Accepted True 1 2026-05-07 16:47:57 +0200 CEST Accepted Resource accepted} {Programmed False 1 2026-05-07 16:47:57 +0200 CEST AddressNotAssigned Failed to assign to any requested addresses: no instances found for hostname "gateway-add-listener.gateway-conformance-infra.svc.cluster.local"}]]
    helpers.go:284: 2026-05-07T16:47:58.967753468+02:00: gateway-conformance-infra/gateway-add-listener Gateway not Programmed yet
    helpers.go:283: 2026-05-07T16:47:59.066453796+02:00: Programmed condition set to Status False with Reason AddressNotAssigned, expected Status True
    helpers.go:283: 2026-05-07T16:47:59.066481813+02:00: Programmed was not in conditions list [[{Accepted True 1 2026-05-07 16:47:57 +0200 CEST Accepted Resource accepted} {Programmed False 1 2026-05-07 16:47:57 +0200 CEST AddressNotAssigned Failed to assign to any requested addresses: no instances found for hostname "gateway-add-listener.gateway-conformance-infra.svc.cluster.local"}]]
    helpers.go:284: 2026-05-07T16:47:59.066501756+02:00: gateway-conformance-infra/gateway-add-listener Gateway not Programmed yet
    helpers.go:283: 2026-05-07T16:47:59.167080925+02:00: Programmed condition set to Status False with Reason AddressNotAssigned, expected Status True
    helpers.go:283: 2026-05-07T16:47:59.167110055+02:00: Programmed was not in conditions list [[{Accepted True 1 2026-05-07 16:47:57 +0200 CEST Accepted Resource accepted} {Programmed False 1 2026-05-07 16:47:57 +0200 CEST AddressNotAssigned Failed to assign to any requested addresses: no instances found for hostname "gateway-add-listener.gateway-conformance-infra.svc.cluster.local"}]]
    helpers.go:284: 2026-05-07T16:47:59.167130199+02:00: gateway-conformance-infra/gateway-add-listener Gateway not Programmed yet
    helpers.go:283: 2026-05-07T16:47:59.276692967+02:00: Programmed condition set to Status False with Reason AddressNotAssigned, expected Status True
    helpers.go:283: 2026-05-07T16:47:59.276721998+02:00: Programmed was not in conditions list [[{Accepted True 1 2026-05-07 16:47:57 +0200 CEST Accepted Resource accepted} {Programmed False 1 2026-05-07 16:47:57 +0200 CEST AddressNotAssigned Failed to assign to any requested addresses: no instances found for hostname "gateway-add-listener.gateway-conformance-infra.svc.cluster.local"}]]
    helpers.go:284: 2026-05-07T16:47:59.276756892+02:00: gateway-conformance-infra/gateway-add-listener Gateway not Programmed yet
    helpers.go:283: 2026-05-07T16:47:59.366564801+02:00: Programmed condition set to Status False with Reason AddressNotAssigned, expected Status True
    helpers.go:283: 2026-05-07T16:47:59.366592811+02:00: Programmed was not in conditions list [[{Accepted True 1 2026-05-07 16:47:57 +0200 CEST Accepted Resource accepted} {Programmed False 1 2026-05-07 16:47:57 +0200 CEST AddressNotAssigned Failed to assign to any requested addresses: no instances found for hostname "gateway-remove-listener.gateway-conformance-infra.svc.cluster.local"; no instances found for hostname "gateway-remove-listener.gateway-conformance-infra.svc.cluster.local"}]]
    helpers.go:284: 2026-05-07T16:47:59.366625543+02:00: gateway-conformance-infra/gateway-remove-listener Gateway not Programmed yet
    helpers.go:283: 2026-05-07T16:47:59.467024204+02:00: Programmed condition set to Status False with Reason AddressNotAssigned, expected Status True
    helpers.go:283: 2026-05-07T16:47:59.467057688+02:00: Programmed was not in conditions list [[{Accepted True 1 2026-05-07 16:47:57 +0200 CEST Accepted Resource accepted} {Programmed False 1 2026-05-07 16:47:57 +0200 CEST AddressNotAssigned Failed to assign to any requested addresses: no instances found for hostname "gateway-remove-listener.gateway-conformance-infra.svc.cluster.local"; no instances found for hostname "gateway-remove-listener.gateway-conformance-infra.svc.cluster.local"}]]
    helpers.go:284: 2026-05-07T16:47:59.467102602+02:00: gateway-conformance-infra/gateway-remove-listener Gateway not Programmed yet
    helpers.go:283: 2026-05-07T16:47:59.566131203+02:00: Programmed condition set to Status False with Reason AddressNotAssigned, expected Status True
    helpers.go:283: 2026-05-07T16:47:59.566174487+02:00: Programmed was not in conditions list [[{Accepted True 1 2026-05-07 16:47:57 +0200 CEST Accepted Resource accepted} {Programmed False 1 2026-05-07 16:47:57 +0200 CEST AddressNotAssigned Failed to assign to any requested addresses: no instances found for hostname "gateway-remove-listener.gateway-conformance-infra.svc.cluster.local"; no instances found for hostname "gateway-remove-listener.gateway-conformance-infra.svc.cluster.local"}]]
    helpers.go:284: 2026-05-07T16:47:59.566204742+02:00: gateway-conformance-infra/gateway-remove-listener Gateway not Programmed yet
    helpers.go:283: 2026-05-07T16:47:59.668867663+02:00: Programmed condition set to Status False with Reason AddressNotAssigned, expected Status True
    helpers.go:283: 2026-05-07T16:47:59.668909588+02:00: Programmed was not in conditions list [[{Accepted True 1 2026-05-07 16:47:57 +0200 CEST Accepted Resource accepted} {Programmed False 1 2026-05-07 16:47:57 +0200 CEST AddressNotAssigned Failed to assign to any requested addresses: no instances found for hostname "gateway-remove-listener.gateway-conformance-infra.svc.cluster.local"; no instances found for hostname "gateway-remove-listener.gateway-conformance-infra.svc.cluster.local"}]]
    helpers.go:284: 2026-05-07T16:47:59.668942583+02:00: gateway-conformance-infra/gateway-remove-listener Gateway not Programmed yet
    helpers.go:283: 2026-05-07T16:47:59.770805952+02:00: Programmed condition set to Status False with Reason AddressNotAssigned, expected Status True
    helpers.go:283: 2026-05-07T16:47:59.771309839+02:00: Programmed was not in conditions list [[{Accepted True 1 2026-05-07 16:47:57 +0200 CEST Accepted Resource accepted} {Programmed False 1 2026-05-07 16:47:57 +0200 CEST AddressNotAssigned Failed to assign to any requested addresses: no instances found for hostname "gateway-remove-listener.gateway-conformance-infra.svc.cluster.local"; no instances found for hostname "gateway-remove-listener.gateway-conformance-infra.svc.cluster.local"}]]
    helpers.go:284: 2026-05-07T16:47:59.771440216+02:00: gateway-conformance-infra/gateway-remove-listener Gateway not Programmed yet
    helpers.go:283: 2026-05-07T16:47:59.869848476+02:00: Programmed condition set to Status False with Reason AddressNotAssigned, expected Status True
    helpers.go:283: 2026-05-07T16:47:59.869913505+02:00: Programmed was not in conditions list [[{Accepted True 1 2026-05-07 16:47:57 +0200 CEST Accepted Resource accepted} {Programmed False 1 2026-05-07 16:47:57 +0200 CEST AddressNotAssigned Failed to assign to any requested addresses: no instances found for hostname "gateway-remove-listener.gateway-conformance-infra.svc.cluster.local"; no instances found for hostname "gateway-remove-listener.gateway-conformance-infra.svc.cluster.local"}]]
    helpers.go:284: 2026-05-07T16:47:59.86995535+02:00: gateway-conformance-infra/gateway-remove-listener Gateway not Programmed yet
    helpers.go:283: 2026-05-07T16:47:59.969237612+02:00: Programmed condition set to Status False with Reason AddressNotAssigned, expected Status True
    helpers.go:283: 2026-05-07T16:47:59.969295419+02:00: Programmed was not in conditions list [[{Accepted True 1 2026-05-07 16:47:57 +0200 CEST Accepted Resource accepted} {Programmed False 1 2026-05-07 16:47:57 +0200 CEST AddressNotAssigned Failed to assign to any requested addresses: no instances found for hostname "gateway-remove-listener.gateway-conformance-infra.svc.cluster.local"; no instances found for hostname "gateway-remove-listener.gateway-conformance-infra.svc.cluster.local"}]]
    helpers.go:284: 2026-05-07T16:47:59.969348004+02:00: gateway-conformance-infra/gateway-remove-listener Gateway not Programmed yet
    helpers.go:283: 2026-05-07T16:48:00.067709517+02:00: Programmed condition set to Status False with Reason AddressNotAssigned, expected Status True
    helpers.go:283: 2026-05-07T16:48:00.06774299+02:00: Programmed was not in conditions list [[{Accepted True 1 2026-05-07 16:47:57 +0200 CEST Accepted Resource accepted} {Programmed False 1 2026-05-07 16:47:57 +0200 CEST AddressNotAssigned Failed to assign to any requested addresses: no instances found for hostname "gateway-remove-listener.gateway-conformance-infra.svc.cluster.local"; no instances found for hostname "gateway-remove-listener.gateway-conformance-infra.svc.cluster.local"}]]
    helpers.go:284: 2026-05-07T16:48:00.067769484+02:00: gateway-conformance-infra/gateway-remove-listener Gateway not Programmed yet
    helpers.go:283: 2026-05-07T16:48:00.167007439+02:00: Programmed condition set to Status False with Reason AddressNotAssigned, expected Status True
    helpers.go:283: 2026-05-07T16:48:00.167038699+02:00: Programmed was not in conditions list [[{Accepted True 1 2026-05-07 16:47:57 +0200 CEST Accepted Resource accepted} {Programmed False 1 2026-05-07 16:47:57 +0200 CEST AddressNotAssigned Failed to assign to any requested addresses: no instances found for hostname "gateway-remove-listener.gateway-conformance-infra.svc.cluster.local"; no instances found for hostname "gateway-remove-listener.gateway-conformance-infra.svc.cluster.local"}]]
    helpers.go:284: 2026-05-07T16:48:00.167062604+02:00: gateway-conformance-infra/gateway-remove-listener Gateway not Programmed yet
    helpers.go:283: 2026-05-07T16:48:00.267590857+02:00: Programmed condition set to Status False with Reason AddressNotAssigned, expected Status True
    helpers.go:283: 2026-05-07T16:48:00.267631242+02:00: Programmed was not in conditions list [[{Accepted True 1 2026-05-07 16:47:57 +0200 CEST Accepted Resource accepted} {Programmed False 1 2026-05-07 16:47:57 +0200 CEST AddressNotAssigned Failed to assign to any requested addresses: no instances found for hostname "gateway-remove-listener.gateway-conformance-infra.svc.cluster.local"; no instances found for hostname "gateway-remove-listener.gateway-conformance-infra.svc.cluster.local"}]]
    helpers.go:284: 2026-05-07T16:48:00.267669978+02:00: gateway-conformance-infra/gateway-remove-listener Gateway not Programmed yet
    helpers.go:296: 2026-05-07T16:48:00.369868698+02:00: Ready condition set to False, expected True
    helpers.go:296: 2026-05-07T16:48:00.369913877+02:00: Ready was not in conditions list
    helpers.go:299: 2026-05-07T16:48:00.369929541+02:00: Pod gateway-conformance-infra/gateway-remove-listener-65ffcbbcd-gmpsx not ready yet
    helpers.go:296: 2026-05-07T16:48:00.470996557+02:00: Ready condition set to False, expected True
    helpers.go:296: 2026-05-07T16:48:00.471043048+02:00: Ready was not in conditions list
    helpers.go:299: 2026-05-07T16:48:00.471064521+02:00: Pod gateway-conformance-infra/gateway-remove-listener-65ffcbbcd-gmpsx not ready yet
    helpers.go:296: 2026-05-07T16:48:00.578472381+02:00: Ready condition set to False, expected True
    helpers.go:296: 2026-05-07T16:48:00.578509987+02:00: Ready was not in conditions list
    helpers.go:299: 2026-05-07T16:48:00.578524342+02:00: Pod gateway-conformance-infra/gateway-remove-listener-65ffcbbcd-gmpsx not ready yet
    helpers.go:296: 2026-05-07T16:48:00.715724224+02:00: Ready condition set to False, expected True
    helpers.go:296: 2026-05-07T16:48:00.715754041+02:00: Ready was not in conditions list
    helpers.go:299: 2026-05-07T16:48:00.715769803+02:00: Pod gateway-conformance-infra/gateway-remove-listener-65ffcbbcd-gmpsx not ready yet
    helpers.go:296: 2026-05-07T16:48:00.772646679+02:00: Ready condition set to False, expected True
    helpers.go:296: 2026-05-07T16:48:00.772694542+02:00: Ready was not in conditions list
    helpers.go:299: 2026-05-07T16:48:00.772717986+02:00: Pod gateway-conformance-infra/gateway-remove-listener-65ffcbbcd-gmpsx not ready yet
    helpers.go:296: 2026-05-07T16:48:01.101055091+02:00: Ready condition set to False, expected True
    helpers.go:296: 2026-05-07T16:48:01.101091867+02:00: Ready was not in conditions list
    helpers.go:299: 2026-05-07T16:48:01.101103992+02:00: Pod gateway-conformance-infra/gateway-remove-listener-65ffcbbcd-gmpsx not ready yet
    helpers.go:296: 2026-05-07T16:48:01.109283086+02:00: Ready condition set to False, expected True
    helpers.go:296: 2026-05-07T16:48:01.109312917+02:00: Ready was not in conditions list
    helpers.go:299: 2026-05-07T16:48:01.109325016+02:00: Pod gateway-conformance-infra/gateway-remove-listener-65ffcbbcd-gmpsx not ready yet
    helpers.go:296: 2026-05-07T16:48:01.170132933+02:00: Ready condition set to False, expected True
    helpers.go:296: 2026-05-07T16:48:01.170175677+02:00: Ready was not in conditions list
    helpers.go:299: 2026-05-07T16:48:01.170188432+02:00: Pod gateway-conformance-infra/gateway-remove-listener-65ffcbbcd-gmpsx not ready yet
    helpers.go:304: 2026-05-07T16:48:01.271865472+02:00: Gateways and Pods in gateway-conformance-infra namespaces ready
    helpers.go:272: 2026-05-07T16:48:01.295941118+02:00: Gateway gateway-conformance-infra/gateway-add-listener expected observedGeneration to be updated to 2 for all conditions, only 0/2 were updated. stale conditions are: Accepted (generation 1), Programmed (generation 1)
    helpers.go:283: 2026-05-07T16:48:01.402810367+02:00: Programmed condition set to Status False with Reason AddressNotUsable, expected Status True
    helpers.go:283: 2026-05-07T16:48:01.402845319+02:00: Programmed was not in conditions list [[{Accepted True 2 2026-05-07 16:47:57 +0200 CEST Accepted Resource accepted} {Programmed False 2 2026-05-07 16:48:01 +0200 CEST AddressNotUsable Assigned to service(s) gateway-add-listener.gateway-conformance-infra.svc.cluster.local:443, but failed to assign to all requested addresses: port 80 not found for hostname "gateway-add-listener.gateway-conformance-infra.svc.cluster.local"}]]
    helpers.go:284: 2026-05-07T16:48:01.402877576+02:00: gateway-conformance-infra/gateway-add-listener Gateway not Programmed yet
    helpers.go:283: 2026-05-07T16:48:01.502626291+02:00: Programmed condition set to Status False with Reason AddressNotUsable, expected Status True
    helpers.go:283: 2026-05-07T16:48:01.502656988+02:00: Programmed was not in conditions list [[{Accepted True 2 2026-05-07 16:47:57 +0200 CEST Accepted Resource accepted} {Programmed False 2 2026-05-07 16:48:01 +0200 CEST AddressNotUsable Assigned to service(s) gateway-add-listener.gateway-conformance-infra.svc.cluster.local:443, but failed to assign to all requested addresses: port 80 not found for hostname "gateway-add-listener.gateway-conformance-infra.svc.cluster.local"}]]
    helpers.go:284: 2026-05-07T16:48:01.502679885+02:00: gateway-conformance-infra/gateway-add-listener Gateway not Programmed yet
    helpers.go:304: 2026-05-07T16:48:01.607087137+02:00: Gateways and Pods in gateway-conformance-infra namespaces ready
    helpers.go:917: 2026-05-07T16:48:01.610126362+02:00: Conditions matched expectations
    helpers.go:917: 2026-05-07T16:48:01.610172459+02:00: Conditions matched expectations
    helpers.go:917: 2026-05-07T16:48:01.610192555+02:00: Gateway status listeners matched expectations
=== RUN   TestConformance/GatewayModifyListeners/should_be_able_to_remove_listeners,_which_would_then_stop_routing_the_relevant_traffic
    helpers.go:304: 2026-05-07T16:48:01.623504363+02:00: Gateways and Pods in gateway-conformance-infra namespaces ready
    helpers.go:272: 2026-05-07T16:48:01.649415078+02:00: Gateway gateway-conformance-infra/gateway-remove-listener expected observedGeneration to be updated to 2 for all conditions, only 0/2 were updated. stale conditions are: Accepted (generation 1), Programmed (generation 1)
    helpers.go:304: 2026-05-07T16:48:01.752605032+02:00: Gateways and Pods in gateway-conformance-infra namespaces ready
    helpers.go:917: 2026-05-07T16:48:01.755141542+02:00: Conditions matched expectations
    helpers.go:917: 2026-05-07T16:48:01.755203734+02:00: Gateway status listeners matched expectations
=== NAME  TestConformance/GatewayModifyListeners
    apply.go:283: 2026-05-07T16:48:01.760199522+02:00: Deleting http-route-2 HTTPRoute
    apply.go:283: 2026-05-07T16:48:01.769412417+02:00: Deleting gateway-remove-listener Gateway
    apply.go:283: 2026-05-07T16:48:01.780498144+02:00: Deleting http-route-1 HTTPRoute
    apply.go:283: 2026-05-07T16:48:01.794521862+02:00: Deleting gateway-add-listener Gateway
=== RUN   TestConformance/GatewayObservedGenerationBump
    conformance.go:70: 2026-05-07T16:48:01.849526961+02:00: Applying tests/gateway-observed-generation-bump.yaml
    apply.go:275: 2026-05-07T16:48:01.869622644+02:00: Creating gateway-observed-generation-bump Gateway
    conformance.go:75: 2026-05-07T16:48:01.88488796+02:00: Running GatewayObservedGenerationBump, relying on the following features: Gateway-standard
=== RUN   TestConformance/GatewayObservedGenerationBump/observedGeneration_should_increment
    helpers.go:272: 2026-05-07T16:48:01.899941722+02:00: Gateway gateway-conformance-infra/gateway-observed-generation-bump expected observedGeneration to be updated to 1 for all conditions, only 0/2 were updated. stale conditions are: Accepted (generation 0), Programmed (generation 0)
    helpers.go:283: 2026-05-07T16:48:01.992326972+02:00: Programmed condition set to Status False with Reason AddressNotUsable, expected Status True
    helpers.go:283: 2026-05-07T16:48:01.992356102+02:00: Programmed was not in conditions list [[{Accepted True 1 2026-05-07 16:48:01 +0200 CEST Accepted Resource accepted} {Programmed False 1 2026-05-07 16:48:01 +0200 CEST AddressNotUsable Failed to assign to any requested addresses: hostname "gateway-observed-generation-bump.gateway-conformance-infra.svc.cluster.local" not found}]]
    helpers.go:284: 2026-05-07T16:48:01.992378438+02:00: gateway-conformance-infra/gateway-observed-generation-bump Gateway not Programmed yet
    helpers.go:283: 2026-05-07T16:48:02.092682312+02:00: Programmed condition set to Status False with Reason AddressNotUsable, expected Status True
    helpers.go:283: 2026-05-07T16:48:02.092711405+02:00: Programmed was not in conditions list [[{Accepted True 1 2026-05-07 16:48:01 +0200 CEST Accepted Resource accepted} {Programmed False 1 2026-05-07 16:48:01 +0200 CEST AddressNotUsable Failed to assign to any requested addresses: hostname "gateway-observed-generation-bump.gateway-conformance-infra.svc.cluster.local" not found}]]
    helpers.go:284: 2026-05-07T16:48:02.092734774+02:00: gateway-conformance-infra/gateway-observed-generation-bump Gateway not Programmed yet
    helpers.go:283: 2026-05-07T16:48:02.193566705+02:00: Programmed condition set to Status False with Reason AddressNotUsable, expected Status True
    helpers.go:283: 2026-05-07T16:48:02.193597144+02:00: Programmed was not in conditions list [[{Accepted True 1 2026-05-07 16:48:01 +0200 CEST Accepted Resource accepted} {Programmed False 1 2026-05-07 16:48:01 +0200 CEST AddressNotUsable Failed to assign to any requested addresses: hostname "gateway-observed-generation-bump.gateway-conformance-infra.svc.cluster.local" not found}]]
    helpers.go:284: 2026-05-07T16:48:02.193619176+02:00: gateway-conformance-infra/gateway-observed-generation-bump Gateway not Programmed yet
    helpers.go:283: 2026-05-07T16:48:02.298759395+02:00: Programmed condition set to Status False with Reason AddressNotAssigned, expected Status True
    helpers.go:283: 2026-05-07T16:48:02.298788031+02:00: Programmed was not in conditions list [[{Accepted True 1 2026-05-07 16:48:01 +0200 CEST Accepted Resource accepted} {Programmed False 1 2026-05-07 16:48:01 +0200 CEST AddressNotAssigned Failed to assign to any requested addresses: no instances found for hostname "gateway-observed-generation-bump.gateway-conformance-infra.svc.cluster.local"}]]
    helpers.go:284: 2026-05-07T16:48:02.298812157+02:00: gateway-conformance-infra/gateway-observed-generation-bump Gateway not Programmed yet
    helpers.go:283: 2026-05-07T16:48:02.390112042+02:00: Programmed condition set to Status False with Reason AddressNotAssigned, expected Status True
    helpers.go:283: 2026-05-07T16:48:02.390154446+02:00: Programmed was not in conditions list [[{Accepted True 1 2026-05-07 16:48:01 +0200 CEST Accepted Resource accepted} {Programmed False 1 2026-05-07 16:48:01 +0200 CEST AddressNotAssigned Failed to assign to any requested addresses: no instances found for hostname "gateway-observed-generation-bump.gateway-conformance-infra.svc.cluster.local"}]]
    helpers.go:284: 2026-05-07T16:48:02.390197521+02:00: gateway-conformance-infra/gateway-observed-generation-bump Gateway not Programmed yet
    helpers.go:283: 2026-05-07T16:48:02.48923675+02:00: Programmed condition set to Status False with Reason AddressNotAssigned, expected Status True
    helpers.go:283: 2026-05-07T16:48:02.489269636+02:00: Programmed was not in conditions list [[{Accepted True 1 2026-05-07 16:48:01 +0200 CEST Accepted Resource accepted} {Programmed False 1 2026-05-07 16:48:01 +0200 CEST AddressNotAssigned Failed to assign to any requested addresses: no instances found for hostname "gateway-observed-generation-bump.gateway-conformance-infra.svc.cluster.local"}]]
    helpers.go:284: 2026-05-07T16:48:02.489292969+02:00: gateway-conformance-infra/gateway-observed-generation-bump Gateway not Programmed yet
    helpers.go:283: 2026-05-07T16:48:02.589766402+02:00: Programmed condition set to Status False with Reason AddressNotAssigned, expected Status True
    helpers.go:283: 2026-05-07T16:48:02.58979929+02:00: Programmed was not in conditions list [[{Accepted True 1 2026-05-07 16:48:01 +0200 CEST Accepted Resource accepted} {Programmed False 1 2026-05-07 16:48:01 +0200 CEST AddressNotAssigned Failed to assign to any requested addresses: no instances found for hostname "gateway-observed-generation-bump.gateway-conformance-infra.svc.cluster.local"}]]
    helpers.go:284: 2026-05-07T16:48:02.589829227+02:00: gateway-conformance-infra/gateway-observed-generation-bump Gateway not Programmed yet
    helpers.go:283: 2026-05-07T16:48:02.689791929+02:00: Programmed condition set to Status False with Reason AddressNotAssigned, expected Status True
    helpers.go:283: 2026-05-07T16:48:02.689823914+02:00: Programmed was not in conditions list [[{Accepted True 1 2026-05-07 16:48:01 +0200 CEST Accepted Resource accepted} {Programmed False 1 2026-05-07 16:48:01 +0200 CEST AddressNotAssigned Failed to assign to any requested addresses: no instances found for hostname "gateway-observed-generation-bump.gateway-conformance-infra.svc.cluster.local"}]]
    helpers.go:284: 2026-05-07T16:48:02.689849167+02:00: gateway-conformance-infra/gateway-observed-generation-bump Gateway not Programmed yet
    helpers.go:283: 2026-05-07T16:48:02.792997369+02:00: Programmed condition set to Status False with Reason AddressNotAssigned, expected Status True
    helpers.go:283: 2026-05-07T16:48:02.793057432+02:00: Programmed was not in conditions list [[{Accepted True 1 2026-05-07 16:48:01 +0200 CEST Accepted Resource accepted} {Programmed False 1 2026-05-07 16:48:01 +0200 CEST AddressNotAssigned Failed to assign to any requested addresses: no instances found for hostname "gateway-observed-generation-bump.gateway-conformance-infra.svc.cluster.local"}]]
    helpers.go:284: 2026-05-07T16:48:02.79309263+02:00: gateway-conformance-infra/gateway-observed-generation-bump Gateway not Programmed yet
    helpers.go:283: 2026-05-07T16:48:02.889149891+02:00: Programmed condition set to Status False with Reason AddressNotAssigned, expected Status True
    helpers.go:283: 2026-05-07T16:48:02.88922985+02:00: Programmed was not in conditions list [[{Accepted True 1 2026-05-07 16:48:01 +0200 CEST Accepted Resource accepted} {Programmed False 1 2026-05-07 16:48:01 +0200 CEST AddressNotAssigned Failed to assign to any requested addresses: no instances found for hostname "gateway-observed-generation-bump.gateway-conformance-infra.svc.cluster.local"}]]
    helpers.go:284: 2026-05-07T16:48:02.889254626+02:00: gateway-conformance-infra/gateway-observed-generation-bump Gateway not Programmed yet
    helpers.go:283: 2026-05-07T16:48:02.989247994+02:00: Programmed condition set to Status False with Reason AddressNotAssigned, expected Status True
    helpers.go:283: 2026-05-07T16:48:02.989276432+02:00: Programmed was not in conditions list [[{Accepted True 1 2026-05-07 16:48:01 +0200 CEST Accepted Resource accepted} {Programmed False 1 2026-05-07 16:48:01 +0200 CEST AddressNotAssigned Failed to assign to any requested addresses: no instances found for hostname "gateway-observed-generation-bump.gateway-conformance-infra.svc.cluster.local"}]]
    helpers.go:284: 2026-05-07T16:48:02.989300075+02:00: gateway-conformance-infra/gateway-observed-generation-bump Gateway not Programmed yet
    helpers.go:283: 2026-05-07T16:48:03.088977207+02:00: Programmed condition set to Status False with Reason AddressNotAssigned, expected Status True
    helpers.go:283: 2026-05-07T16:48:03.089005814+02:00: Programmed was not in conditions list [[{Accepted True 1 2026-05-07 16:48:01 +0200 CEST Accepted Resource accepted} {Programmed False 1 2026-05-07 16:48:01 +0200 CEST AddressNotAssigned Failed to assign to any requested addresses: no instances found for hostname "gateway-observed-generation-bump.gateway-conformance-infra.svc.cluster.local"}]]
    helpers.go:284: 2026-05-07T16:48:03.089026748+02:00: gateway-conformance-infra/gateway-observed-generation-bump Gateway not Programmed yet
    helpers.go:283: 2026-05-07T16:48:03.195571563+02:00: Programmed condition set to Status False with Reason AddressNotAssigned, expected Status True
    helpers.go:283: 2026-05-07T16:48:03.195597672+02:00: Programmed was not in conditions list [[{Accepted True 1 2026-05-07 16:48:01 +0200 CEST Accepted Resource accepted} {Programmed False 1 2026-05-07 16:48:01 +0200 CEST AddressNotAssigned Failed to assign to any requested addresses: no instances found for hostname "gateway-observed-generation-bump.gateway-conformance-infra.svc.cluster.local"}]]
    helpers.go:284: 2026-05-07T16:48:03.19562121+02:00: gateway-conformance-infra/gateway-observed-generation-bump Gateway not Programmed yet
    helpers.go:283: 2026-05-07T16:48:03.289597029+02:00: Programmed condition set to Status False with Reason AddressNotAssigned, expected Status True
    helpers.go:283: 2026-05-07T16:48:03.289625622+02:00: Programmed was not in conditions list [[{Accepted True 1 2026-05-07 16:48:01 +0200 CEST Accepted Resource accepted} {Programmed False 1 2026-05-07 16:48:01 +0200 CEST AddressNotAssigned Failed to assign to any requested addresses: no instances found for hostname "gateway-observed-generation-bump.gateway-conformance-infra.svc.cluster.local"}]]
    helpers.go:284: 2026-05-07T16:48:03.289649071+02:00: gateway-conformance-infra/gateway-observed-generation-bump Gateway not Programmed yet
    helpers.go:283: 2026-05-07T16:48:03.390567867+02:00: Programmed condition set to Status False with Reason AddressNotAssigned, expected Status True
    helpers.go:283: 2026-05-07T16:48:03.39060883+02:00: Programmed was not in conditions list [[{Accepted True 1 2026-05-07 16:48:01 +0200 CEST Accepted Resource accepted} {Programmed False 1 2026-05-07 16:48:01 +0200 CEST AddressNotAssigned Failed to assign to any requested addresses: no instances found for hostname "gateway-observed-generation-bump.gateway-conformance-infra.svc.cluster.local"}]]
    helpers.go:284: 2026-05-07T16:48:03.390642125+02:00: gateway-conformance-infra/gateway-observed-generation-bump Gateway not Programmed yet
    helpers.go:283: 2026-05-07T16:48:03.497029359+02:00: Programmed condition set to Status False with Reason AddressNotAssigned, expected Status True
    helpers.go:283: 2026-05-07T16:48:03.497058436+02:00: Programmed was not in conditions list [[{Accepted True 1 2026-05-07 16:48:01 +0200 CEST Accepted Resource accepted} {Programmed False 1 2026-05-07 16:48:01 +0200 CEST AddressNotAssigned Failed to assign to any requested addresses: no instances found for hostname "gateway-observed-generation-bump.gateway-conformance-infra.svc.cluster.local"}]]
    helpers.go:284: 2026-05-07T16:48:03.497085696+02:00: gateway-conformance-infra/gateway-observed-generation-bump Gateway not Programmed yet
    helpers.go:283: 2026-05-07T16:48:03.588971638+02:00: Programmed condition set to Status False with Reason AddressNotAssigned, expected Status True
    helpers.go:283: 2026-05-07T16:48:03.589000094+02:00: Programmed was not in conditions list [[{Accepted True 1 2026-05-07 16:48:01 +0200 CEST Accepted Resource accepted} {Programmed False 1 2026-05-07 16:48:01 +0200 CEST AddressNotAssigned Failed to assign to any requested addresses: no instances found for hostname "gateway-observed-generation-bump.gateway-conformance-infra.svc.cluster.local"}]]
    helpers.go:284: 2026-05-07T16:48:03.589038724+02:00: gateway-conformance-infra/gateway-observed-generation-bump Gateway not Programmed yet
    helpers.go:283: 2026-05-07T16:48:03.689898195+02:00: Programmed condition set to Status False with Reason AddressNotAssigned, expected Status True
    helpers.go:283: 2026-05-07T16:48:03.689946759+02:00: Programmed was not in conditions list [[{Accepted True 1 2026-05-07 16:48:01 +0200 CEST Accepted Resource accepted} {Programmed False 1 2026-05-07 16:48:01 +0200 CEST AddressNotAssigned Failed to assign to any requested addresses: no instances found for hostname "gateway-observed-generation-bump.gateway-conformance-infra.svc.cluster.local"}]]
    helpers.go:284: 2026-05-07T16:48:03.689981574+02:00: gateway-conformance-infra/gateway-observed-generation-bump Gateway not Programmed yet
    helpers.go:283: 2026-05-07T16:48:03.788525635+02:00: Programmed condition set to Status False with Reason AddressNotAssigned, expected Status True
    helpers.go:283: 2026-05-07T16:48:03.788559321+02:00: Programmed was not in conditions list [[{Accepted True 1 2026-05-07 16:48:01 +0200 CEST Accepted Resource accepted} {Programmed False 1 2026-05-07 16:48:01 +0200 CEST AddressNotAssigned Failed to assign to any requested addresses: no instances found for hostname "gateway-observed-generation-bump.gateway-conformance-infra.svc.cluster.local"}]]
    helpers.go:284: 2026-05-07T16:48:03.788582564+02:00: gateway-conformance-infra/gateway-observed-generation-bump Gateway not Programmed yet
    helpers.go:283: 2026-05-07T16:48:03.889291944+02:00: Programmed condition set to Status False with Reason AddressNotAssigned, expected Status True
    helpers.go:283: 2026-05-07T16:48:03.889321318+02:00: Programmed was not in conditions list [[{Accepted True 1 2026-05-07 16:48:01 +0200 CEST Accepted Resource accepted} {Programmed False 1 2026-05-07 16:48:01 +0200 CEST AddressNotAssigned Failed to assign to any requested addresses: no instances found for hostname "gateway-observed-generation-bump.gateway-conformance-infra.svc.cluster.local"}]]
    helpers.go:284: 2026-05-07T16:48:03.889344082+02:00: gateway-conformance-infra/gateway-observed-generation-bump Gateway not Programmed yet
    helpers.go:283: 2026-05-07T16:48:03.989004469+02:00: Programmed condition set to Status False with Reason AddressNotAssigned, expected Status True
    helpers.go:283: 2026-05-07T16:48:03.98903587+02:00: Programmed was not in conditions list [[{Accepted True 1 2026-05-07 16:48:01 +0200 CEST Accepted Resource accepted} {Programmed False 1 2026-05-07 16:48:01 +0200 CEST AddressNotAssigned Failed to assign to any requested addresses: no instances found for hostname "gateway-observed-generation-bump.gateway-conformance-infra.svc.cluster.local"}]]
    helpers.go:284: 2026-05-07T16:48:03.989068192+02:00: gateway-conformance-infra/gateway-observed-generation-bump Gateway not Programmed yet
    helpers.go:283: 2026-05-07T16:48:04.088605761+02:00: Programmed condition set to Status False with Reason AddressNotAssigned, expected Status True
    helpers.go:283: 2026-05-07T16:48:04.088634384+02:00: Programmed was not in conditions list [[{Accepted True 1 2026-05-07 16:48:01 +0200 CEST Accepted Resource accepted} {Programmed False 1 2026-05-07 16:48:01 +0200 CEST AddressNotAssigned Failed to assign to any requested addresses: no instances found for hostname "gateway-observed-generation-bump.gateway-conformance-infra.svc.cluster.local"}]]
    helpers.go:284: 2026-05-07T16:48:04.088655304+02:00: gateway-conformance-infra/gateway-observed-generation-bump Gateway not Programmed yet
    helpers.go:283: 2026-05-07T16:48:04.189445132+02:00: Programmed condition set to Status False with Reason AddressNotAssigned, expected Status True
    helpers.go:283: 2026-05-07T16:48:04.189474234+02:00: Programmed was not in conditions list [[{Accepted True 1 2026-05-07 16:48:01 +0200 CEST Accepted Resource accepted} {Programmed False 1 2026-05-07 16:48:01 +0200 CEST AddressNotAssigned Failed to assign to any requested addresses: no instances found for hostname "gateway-observed-generation-bump.gateway-conformance-infra.svc.cluster.local"}]]
    helpers.go:284: 2026-05-07T16:48:04.18949747+02:00: gateway-conformance-infra/gateway-observed-generation-bump Gateway not Programmed yet
    helpers.go:283: 2026-05-07T16:48:04.28901468+02:00: Programmed condition set to Status False with Reason AddressNotAssigned, expected Status True
    helpers.go:283: 2026-05-07T16:48:04.289046299+02:00: Programmed was not in conditions list [[{Accepted True 1 2026-05-07 16:48:01 +0200 CEST Accepted Resource accepted} {Programmed False 1 2026-05-07 16:48:01 +0200 CEST AddressNotAssigned Failed to assign to any requested addresses: no instances found for hostname "gateway-observed-generation-bump.gateway-conformance-infra.svc.cluster.local"}]]
    helpers.go:284: 2026-05-07T16:48:04.289075098+02:00: gateway-conformance-infra/gateway-observed-generation-bump Gateway not Programmed yet
    helpers.go:296: 2026-05-07T16:48:04.392553941+02:00: Ready condition set to False, expected True
    helpers.go:296: 2026-05-07T16:48:04.392582653+02:00: Ready was not in conditions list
    helpers.go:299: 2026-05-07T16:48:04.392593576+02:00: Pod gateway-conformance-infra/gateway-observed-generation-bump-85f657865-2tb9d not ready yet
    helpers.go:296: 2026-05-07T16:48:04.500281582+02:00: Ready condition set to False, expected True
    helpers.go:296: 2026-05-07T16:48:04.500312131+02:00: Ready was not in conditions list
    helpers.go:299: 2026-05-07T16:48:04.50032291+02:00: Pod gateway-conformance-infra/gateway-observed-generation-bump-85f657865-2tb9d not ready yet
    helpers.go:296: 2026-05-07T16:48:04.625268738+02:00: Ready condition set to False, expected True
    helpers.go:296: 2026-05-07T16:48:04.625298641+02:00: Ready was not in conditions list
    helpers.go:299: 2026-05-07T16:48:04.625309066+02:00: Pod gateway-conformance-infra/gateway-observed-generation-bump-85f657865-2tb9d not ready yet
    helpers.go:296: 2026-05-07T16:48:04.734631335+02:00: Ready condition set to False, expected True
    helpers.go:296: 2026-05-07T16:48:04.734663709+02:00: Ready was not in conditions list
    helpers.go:299: 2026-05-07T16:48:04.734674696+02:00: Pod gateway-conformance-infra/gateway-observed-generation-bump-85f657865-2tb9d not ready yet
    helpers.go:296: 2026-05-07T16:48:04.792743766+02:00: Ready condition set to False, expected True
    helpers.go:296: 2026-05-07T16:48:04.792771928+02:00: Ready was not in conditions list
    helpers.go:299: 2026-05-07T16:48:04.792782174+02:00: Pod gateway-conformance-infra/gateway-observed-generation-bump-85f657865-2tb9d not ready yet
    helpers.go:296: 2026-05-07T16:48:04.894229977+02:00: Ready condition set to False, expected True
    helpers.go:296: 2026-05-07T16:48:04.894259234+02:00: Ready was not in conditions list
    helpers.go:299: 2026-05-07T16:48:04.894269403+02:00: Pod gateway-conformance-infra/gateway-observed-generation-bump-85f657865-2tb9d not ready yet
    helpers.go:296: 2026-05-07T16:48:04.991152785+02:00: Ready condition set to False, expected True
    helpers.go:296: 2026-05-07T16:48:04.99119185+02:00: Ready was not in conditions list
    helpers.go:299: 2026-05-07T16:48:04.991201665+02:00: Pod gateway-conformance-infra/gateway-observed-generation-bump-85f657865-2tb9d not ready yet
    helpers.go:296: 2026-05-07T16:48:05.092056115+02:00: Ready condition set to False, expected True
    helpers.go:296: 2026-05-07T16:48:05.092089579+02:00: Ready was not in conditions list
    helpers.go:299: 2026-05-07T16:48:05.092099437+02:00: Pod gateway-conformance-infra/gateway-observed-generation-bump-85f657865-2tb9d not ready yet
    helpers.go:296: 2026-05-07T16:48:05.191546382+02:00: Ready condition set to False, expected True
    helpers.go:296: 2026-05-07T16:48:05.191574284+02:00: Ready was not in conditions list
    helpers.go:299: 2026-05-07T16:48:05.191584172+02:00: Pod gateway-conformance-infra/gateway-observed-generation-bump-85f657865-2tb9d not ready yet
    helpers.go:304: 2026-05-07T16:48:05.292322403+02:00: Gateways and Pods in gateway-conformance-infra namespaces ready
    helpers.go:272: 2026-05-07T16:48:05.311317309+02:00: Gateway gateway-conformance-infra/gateway-observed-generation-bump expected observedGeneration to be updated to 2 for all conditions, only 0/2 were updated. stale conditions are: Accepted (generation 1), Programmed (generation 1)
    helpers.go:304: 2026-05-07T16:48:05.415799598+02:00: Gateways and Pods in gateway-conformance-infra namespaces ready
=== NAME  TestConformance/GatewayObservedGenerationBump
    apply.go:283: 2026-05-07T16:48:05.420715574+02:00: Deleting gateway-observed-generation-bump Gateway
=== RUN   TestConformance/GatewayOptionalAddressValue
    conformance.go:54: Skipping GatewayOptionalAddressValue: suite does not support GatewayAddressEmpty
=== RUN   TestConformance/GatewaySecretInvalidReferenceGrant
    conformance.go:54: Skipping GatewaySecretInvalidReferenceGrant: suite does not support ReferenceGrant
=== RUN   TestConformance/GatewaySecretMissingReferenceGrant
    conformance.go:54: Skipping GatewaySecretMissingReferenceGrant: suite does not support ReferenceGrant
=== RUN   TestConformance/GatewaySecretReferenceGrantAllInNamespace
    conformance.go:54: Skipping GatewaySecretReferenceGrantAllInNamespace: suite does not support ReferenceGrant
=== RUN   TestConformance/GatewaySecretReferenceGrantSpecific
    conformance.go:54: Skipping GatewaySecretReferenceGrantSpecific: suite does not support ReferenceGrant
=== RUN   TestConformance/GatewayStaticAddresses
    conformance.go:54: Skipping GatewayStaticAddresses: suite does not support GatewayStaticAddresses
=== RUN   TestConformance/GatewayBackendClientCertificateFeature
    conformance.go:54: Skipping GatewayBackendClientCertificateFeature: suite does not support GatewayBackendClientCertificate
=== RUN   TestConformance/GatewayWithAttachedRoutes
    conformance.go:70: 2026-05-07T16:48:05.433619069+02:00: Applying tests/gateway-with-attached-routes.yaml
    apply.go:275: 2026-05-07T16:48:05.443291889+02:00: Creating gateway-with-one-attached-route Gateway
    apply.go:275: 2026-05-07T16:48:05.473451654+02:00: Creating http-route-1 HTTPRoute
    apply.go:275: 2026-05-07T16:48:05.519426342+02:00: Creating gateway-with-two-attached-routes Gateway
    apply.go:275: 2026-05-07T16:48:05.551800742+02:00: Creating http-route-2 HTTPRoute
    apply.go:275: 2026-05-07T16:48:05.574045867+02:00: Creating http-route-3 HTTPRoute
    apply.go:275: 2026-05-07T16:48:05.600265157+02:00: Creating http-route-not-accepted HTTPRoute
    apply.go:275: 2026-05-07T16:48:05.644653911+02:00: Creating unresolved-gateway-with-one-attached-unresolved-route Gateway
    apply.go:275: 2026-05-07T16:48:05.67498704+02:00: Creating http-route-4 HTTPRoute
    conformance.go:75: 2026-05-07T16:48:05.690124055+02:00: Running GatewayWithAttachedRoutes, relying on the following features: Gateway-standard, HTTPRoute-standard
=== RUN   TestConformance/GatewayWithAttachedRoutes/Gateway_listener_should_have_one_valid_http_routes_attached
    helpers.go:917: 2026-05-07T16:48:05.699010808+02:00: Conditions matched expectations
    helpers.go:917: 2026-05-07T16:48:05.6990536+02:00: Gateway status listeners matched expectations
=== RUN   TestConformance/GatewayWithAttachedRoutes/Gateway_listener_should_have_two_valid_http_routes_attached
    helpers.go:917: 2026-05-07T16:48:05.704418114+02:00: Conditions matched expectations
    helpers.go:917: 2026-05-07T16:48:05.704461822+02:00: Gateway status listeners matched expectations
=== RUN   TestConformance/GatewayWithAttachedRoutes/Gateway_listener_should_have_AttachedRoutes_set_even_when_Gateway_has_unresolved_refs
    helpers.go:917: 2026-05-07T16:48:05.723771048+02:00: Conditions matched expectations
    helpers.go:917: 2026-05-07T16:48:05.723818385+02:00: Gateway status listeners matched expectations
=== NAME  TestConformance/GatewayWithAttachedRoutes
    apply.go:283: 2026-05-07T16:48:05.745828904+02:00: Deleting http-route-4 HTTPRoute
    apply.go:283: 2026-05-07T16:48:05.755966775+02:00: Deleting unresolved-gateway-with-one-attached-unresolved-route Gateway
    apply.go:283: 2026-05-07T16:48:05.790414484+02:00: Deleting http-route-not-accepted HTTPRoute
    apply.go:283: 2026-05-07T16:48:05.816145814+02:00: Deleting http-route-3 HTTPRoute
    apply.go:283: 2026-05-07T16:48:05.847403371+02:00: Deleting http-route-2 HTTPRoute
    apply.go:283: 2026-05-07T16:48:05.884447331+02:00: Deleting gateway-with-two-attached-routes Gateway
    apply.go:283: 2026-05-07T16:48:05.914269996+02:00: Deleting http-route-1 HTTPRoute
    apply.go:283: 2026-05-07T16:48:05.930466077+02:00: Deleting gateway-with-one-attached-route Gateway
=== RUN   TestConformance/GatewayWithAttachedRoutesWithPort8080
    conformance.go:54: Skipping GatewayWithAttachedRoutesWithPort8080: suite does not support GatewayPort8080
=== RUN   TestConformance/GatewayFrontendClientCertificateValidationInsecureFallback
    conformance.go:54: Skipping GatewayFrontendClientCertificateValidationInsecureFallback: suite does not support GatewayFrontendClientCertificateValidation
=== RUN   TestConformance/GatewayFrontendClientCertificateValidation
    conformance.go:54: Skipping GatewayFrontendClientCertificateValidation: suite does not support GatewayFrontendClientCertificateValidation
=== RUN   TestConformance/GatewayInvalidFrontendClientCertificateValidation
    conformance.go:54: Skipping GatewayInvalidFrontendClientCertificateValidation: suite does not support ReferenceGrant
=== RUN   TestConformance/GatewayClassObservedGenerationBump
    conformance.go:70: 2026-05-07T16:48:05.998401222+02:00: Applying tests/gatewayclass-observed-generation-bump.yaml
    apply.go:275: 2026-05-07T16:48:06.022804872+02:00: Creating gatewayclass-observed-generation-bump GatewayClass
    conformance.go:75: 2026-05-07T16:48:06.035496142+02:00: Running GatewayClassObservedGenerationBump, relying on the following features: Gateway-standard
=== RUN   TestConformance/GatewayClassObservedGenerationBump/observedGeneration_should_increment
    helpers.go:133: 2026-05-07T16:48:06.063568605+02:00: GatewayClassexpected observedGeneration to be updated to 1 for all conditions, only 0/1 were updated. stale conditions are: Accepted (generation 0)
    helpers.go:133: 2026-05-07T16:48:06.224520336+02:00: GatewayClassexpected observedGeneration to be updated to 2 for all conditions, only 0/1 were updated. stale conditions are: Accepted (generation 1)
=== NAME  TestConformance/GatewayClassObservedGenerationBump
    apply.go:283: 2026-05-07T16:48:06.334689352+02:00: Deleting gatewayclass-observed-generation-bump GatewayClass
=== RUN   TestConformance/GRPCExactMethodMatching
    conformance.go:54: Skipping GRPCExactMethodMatching: suite does not support GRPCRoute
=== RUN   TestConformance/GRPCRouteHeaderMatching
    conformance.go:54: Skipping GRPCRouteHeaderMatching: suite does not support GRPCRoute
=== RUN   TestConformance/GRPCRouteListenerHostnameMatching
    conformance.go:54: Skipping GRPCRouteListenerHostnameMatching: suite does not support GRPCRoute
=== RUN   TestConformance/GRPCRouteNamedRule
    conformance.go:54: Skipping GRPCRouteNamedRule: suite does not support GRPCRoute
=== RUN   TestConformance/GRPCRouteWeight
    conformance.go:54: Skipping GRPCRouteWeight: suite does not support GRPCRoute
=== RUN   TestConformance/HTTPRoute303Redirect
    conformance.go:54: Skipping HTTPRoute303Redirect: suite does not support HTTPRoute303RedirectStatusCode
=== RUN   TestConformance/HTTPRoute307Redirect
    conformance.go:54: Skipping HTTPRoute307Redirect: suite does not support HTTPRoute307RedirectStatusCode
=== RUN   TestConformance/HTTPRoute308Redirect
    conformance.go:54: Skipping HTTPRoute308Redirect: suite does not support HTTPRoute308RedirectStatusCode
=== RUN   TestConformance/HTTPRouteBackendProtocolH2C
    conformance.go:54: Skipping HTTPRouteBackendProtocolH2C: suite does not support HTTPRouteBackendProtocolH2C
=== RUN   TestConformance/HTTPRouteBackendProtocolWebSocket
    conformance.go:54: Skipping HTTPRouteBackendProtocolWebSocket: suite does not support HTTPRouteBackendProtocolWebSocket
=== RUN   TestConformance/HTTPRouteCORSAllowCredentialsBehavior
    conformance.go:54: Skipping HTTPRouteCORSAllowCredentialsBehavior: suite does not support HTTPRouteCORS
=== RUN   TestConformance/HTTPRouteCORS
    conformance.go:54: Skipping HTTPRouteCORS: suite does not support HTTPRouteCORS
=== RUN   TestConformance/HTTPRouteCrossNamespace
    conformance.go:70: 2026-05-07T16:48:06.347739845+02:00: Applying tests/httproute-cross-namespace.yaml
    apply.go:275: 2026-05-07T16:48:06.364637557+02:00: Creating cross-namespace HTTPRoute
    conformance.go:75: 2026-05-07T16:48:06.37525106+02:00: Running HTTPRouteCrossNamespace, relying on the following features: Gateway-standard, HTTPRoute-standard
    helpers.go:812: 2026-05-07T16:48:06.481939674+02:00: Conditions matched expectations
    helpers.go:812: 2026-05-07T16:48:06.481986968+02:00: Route gateway-conformance-web-backend/cross-namespace Parents matched expectations
=== RUN   TestConformance/HTTPRouteCrossNamespace/Simple_HTTP_request_should_reach_web-backend
    httproute-cross-namespace.go:49: 2026-05-07T16:48:06.486136008+02:00: Making GET request to host  via http://172.18.255.208/
    http.go:291: 2026-05-07T16:48:06.50798289+02:00: Request passed
=== NAME  TestConformance/HTTPRouteCrossNamespace
    apply.go:283: 2026-05-07T16:48:06.508048145+02:00: Deleting cross-namespace HTTPRoute
=== RUN   TestConformance/HTTPRouteDisallowedKind
    conformance.go:54: Skipping HTTPRouteDisallowedKind: suite does not support TLSRoute
=== RUN   TestConformance/HTTPRouteExactPathMatching
    conformance.go:70: 2026-05-07T16:48:06.519466885+02:00: Applying tests/httproute-exact-path-matching.yaml
    apply.go:275: 2026-05-07T16:48:06.538135637+02:00: Creating exact-matching HTTPRoute
    conformance.go:75: 2026-05-07T16:48:06.550844642+02:00: Running HTTPRouteExactPathMatching, relying on the following features: Gateway-standard, HTTPRoute-standard
    helpers.go:812: 2026-05-07T16:48:06.6581966+02:00: Conditions matched expectations
    helpers.go:812: 2026-05-07T16:48:06.658249824+02:00: Route gateway-conformance-infra/exact-matching Parents matched expectations
=== RUN   TestConformance/HTTPRouteExactPathMatching/0_request_to_'/one'_should_go_to_infra-backend-v1
=== PAUSE TestConformance/HTTPRouteExactPathMatching/0_request_to_'/one'_should_go_to_infra-backend-v1
=== RUN   TestConformance/HTTPRouteExactPathMatching/1_request_to_'/two'_should_go_to_infra-backend-v2
=== PAUSE TestConformance/HTTPRouteExactPathMatching/1_request_to_'/two'_should_go_to_infra-backend-v2
=== RUN   TestConformance/HTTPRouteExactPathMatching/2_request_to_'/'_should_receive_one_of_[]
=== PAUSE TestConformance/HTTPRouteExactPathMatching/2_request_to_'/'_should_receive_one_of_[]
=== RUN   TestConformance/HTTPRouteExactPathMatching/3_request_to_'/one/example'_should_receive_one_of_[]
=== PAUSE TestConformance/HTTPRouteExactPathMatching/3_request_to_'/one/example'_should_receive_one_of_[]
=== RUN   TestConformance/HTTPRouteExactPathMatching/4_request_to_'/two/'_should_receive_one_of_[]
=== PAUSE TestConformance/HTTPRouteExactPathMatching/4_request_to_'/two/'_should_receive_one_of_[]
=== RUN   TestConformance/HTTPRouteExactPathMatching/5_request_to_'/Two'_should_receive_one_of_[]
=== PAUSE TestConformance/HTTPRouteExactPathMatching/5_request_to_'/Two'_should_receive_one_of_[]
=== CONT  TestConformance/HTTPRouteExactPathMatching/0_request_to_'/one'_should_go_to_infra-backend-v1
=== CONT  TestConformance/HTTPRouteExactPathMatching/3_request_to_'/one/example'_should_receive_one_of_[]
=== CONT  TestConformance/HTTPRouteExactPathMatching/2_request_to_'/'_should_receive_one_of_[]
=== CONT  TestConformance/HTTPRouteExactPathMatching/1_request_to_'/two'_should_go_to_infra-backend-v2
=== NAME  TestConformance/HTTPRouteExactPathMatching/0_request_to_'/one'_should_go_to_infra-backend-v1
    httproute-exact-path-matching.go:79: 2026-05-07T16:48:06.670672883+02:00: Making GET request to host  via http://172.18.255.205/one
=== CONT  TestConformance/HTTPRouteExactPathMatching/5_request_to_'/Two'_should_receive_one_of_[]
=== CONT  TestConformance/HTTPRouteExactPathMatching/4_request_to_'/two/'_should_receive_one_of_[]
=== NAME  TestConformance/HTTPRouteExactPathMatching/2_request_to_'/'_should_receive_one_of_[]
    httproute-exact-path-matching.go:79: 2026-05-07T16:48:06.6706939+02:00: Making GET request to host  via http://172.18.255.205/
=== NAME  TestConformance/HTTPRouteExactPathMatching/3_request_to_'/one/example'_should_receive_one_of_[]
    httproute-exact-path-matching.go:79: 2026-05-07T16:48:06.670687367+02:00: Making GET request to host  via http://172.18.255.205/one/example
=== NAME  TestConformance/HTTPRouteExactPathMatching/1_request_to_'/two'_should_go_to_infra-backend-v2
    httproute-exact-path-matching.go:79: 2026-05-07T16:48:06.670728494+02:00: Making GET request to host  via http://172.18.255.205/two
=== NAME  TestConformance/HTTPRouteExactPathMatching/5_request_to_'/Two'_should_receive_one_of_[]
    httproute-exact-path-matching.go:79: 2026-05-07T16:48:06.670747584+02:00: Making GET request to host  via http://172.18.255.205/Two
=== NAME  TestConformance/HTTPRouteExactPathMatching/4_request_to_'/two/'_should_receive_one_of_[]
    httproute-exact-path-matching.go:79: 2026-05-07T16:48:06.670757931+02:00: Making GET request to host  via http://172.18.255.205/two/
=== NAME  TestConformance/HTTPRouteExactPathMatching/5_request_to_'/Two'_should_receive_one_of_[]
    http.go:291: 2026-05-07T16:48:06.680713099+02:00: Request passed
=== NAME  TestConformance/HTTPRouteExactPathMatching/4_request_to_'/two/'_should_receive_one_of_[]
    http.go:291: 2026-05-07T16:48:06.680773416+02:00: Request passed
=== NAME  TestConformance/HTTPRouteExactPathMatching/2_request_to_'/'_should_receive_one_of_[]
    http.go:291: 2026-05-07T16:48:06.680953384+02:00: Request passed
=== NAME  TestConformance/HTTPRouteExactPathMatching/3_request_to_'/one/example'_should_receive_one_of_[]
    http.go:291: 2026-05-07T16:48:06.680996703+02:00: Request passed
=== NAME  TestConformance/HTTPRouteExactPathMatching/0_request_to_'/one'_should_go_to_infra-backend-v1
    http.go:291: 2026-05-07T16:48:06.699034245+02:00: Request passed
=== NAME  TestConformance/HTTPRouteExactPathMatching/1_request_to_'/two'_should_go_to_infra-backend-v2
    http.go:291: 2026-05-07T16:48:06.699189717+02:00: Request passed
=== NAME  TestConformance/HTTPRouteExactPathMatching
    apply.go:283: 2026-05-07T16:48:06.699305446+02:00: Deleting exact-matching HTTPRoute
=== RUN   TestConformance/HTTPRouteHeaderMatching
    conformance.go:70: 2026-05-07T16:48:06.740396022+02:00: Applying tests/httproute-header-matching.yaml
    apply.go:275: 2026-05-07T16:48:06.752266451+02:00: Creating header-matching HTTPRoute
    conformance.go:75: 2026-05-07T16:48:06.765605727+02:00: Running HTTPRouteHeaderMatching, relying on the following features: Gateway-standard, HTTPRoute-standard
    helpers.go:812: 2026-05-07T16:48:06.872443807+02:00: Conditions matched expectations
    helpers.go:812: 2026-05-07T16:48:06.872502727+02:00: Route gateway-conformance-infra/header-matching Parents matched expectations
=== RUN   TestConformance/HTTPRouteHeaderMatching/0_request_to_'/'_with_headers_should_go_to_infra-backend-v1
=== PAUSE TestConformance/HTTPRouteHeaderMatching/0_request_to_'/'_with_headers_should_go_to_infra-backend-v1
=== RUN   TestConformance/HTTPRouteHeaderMatching/1_request_to_'/'_with_headers_should_go_to_infra-backend-v2
=== PAUSE TestConformance/HTTPRouteHeaderMatching/1_request_to_'/'_with_headers_should_go_to_infra-backend-v2
=== RUN   TestConformance/HTTPRouteHeaderMatching/2_request_to_'/'_with_headers_should_go_to_infra-backend-v1
=== PAUSE TestConformance/HTTPRouteHeaderMatching/2_request_to_'/'_with_headers_should_go_to_infra-backend-v1
=== RUN   TestConformance/HTTPRouteHeaderMatching/3_request_to_'/'_with_headers_should_go_to_infra-backend-v2
=== PAUSE TestConformance/HTTPRouteHeaderMatching/3_request_to_'/'_with_headers_should_go_to_infra-backend-v2
=== RUN   TestConformance/HTTPRouteHeaderMatching/4_request_to_'/'_with_headers_should_receive_one_of_[]
=== PAUSE TestConformance/HTTPRouteHeaderMatching/4_request_to_'/'_with_headers_should_receive_one_of_[]
=== RUN   TestConformance/HTTPRouteHeaderMatching/5_request_to_'/'_with_headers_should_receive_one_of_[]
=== PAUSE TestConformance/HTTPRouteHeaderMatching/5_request_to_'/'_with_headers_should_receive_one_of_[]
=== RUN   TestConformance/HTTPRouteHeaderMatching/6_request_to_'/'_with_headers_should_go_to_infra-backend-v1
=== PAUSE TestConformance/HTTPRouteHeaderMatching/6_request_to_'/'_with_headers_should_go_to_infra-backend-v1
=== RUN   TestConformance/HTTPRouteHeaderMatching/7_request_to_'/'_with_headers_should_go_to_infra-backend-v1
=== PAUSE TestConformance/HTTPRouteHeaderMatching/7_request_to_'/'_with_headers_should_go_to_infra-backend-v1
=== RUN   TestConformance/HTTPRouteHeaderMatching/8_request_to_'/'_with_headers_should_go_to_infra-backend-v2
=== PAUSE TestConformance/HTTPRouteHeaderMatching/8_request_to_'/'_with_headers_should_go_to_infra-backend-v2
=== RUN   TestConformance/HTTPRouteHeaderMatching/9_request_to_'/'_with_headers_should_go_to_infra-backend-v2
=== PAUSE TestConformance/HTTPRouteHeaderMatching/9_request_to_'/'_with_headers_should_go_to_infra-backend-v2
=== RUN   TestConformance/HTTPRouteHeaderMatching/10_request_to_'/'_with_headers_should_receive_one_of_[]
=== PAUSE TestConformance/HTTPRouteHeaderMatching/10_request_to_'/'_with_headers_should_receive_one_of_[]
=== CONT  TestConformance/HTTPRouteHeaderMatching/0_request_to_'/'_with_headers_should_go_to_infra-backend-v1
=== CONT  TestConformance/HTTPRouteHeaderMatching/6_request_to_'/'_with_headers_should_go_to_infra-backend-v1
=== CONT  TestConformance/HTTPRouteHeaderMatching/9_request_to_'/'_with_headers_should_go_to_infra-backend-v2
=== CONT  TestConformance/HTTPRouteHeaderMatching/10_request_to_'/'_with_headers_should_receive_one_of_[]
=== CONT  TestConformance/HTTPRouteHeaderMatching/5_request_to_'/'_with_headers_should_receive_one_of_[]
=== CONT  TestConformance/HTTPRouteHeaderMatching/8_request_to_'/'_with_headers_should_go_to_infra-backend-v2
=== CONT  TestConformance/HTTPRouteHeaderMatching/3_request_to_'/'_with_headers_should_go_to_infra-backend-v2
=== CONT  TestConformance/HTTPRouteHeaderMatching/1_request_to_'/'_with_headers_should_go_to_infra-backend-v2
=== CONT  TestConformance/HTTPRouteHeaderMatching/7_request_to_'/'_with_headers_should_go_to_infra-backend-v1
=== NAME  TestConformance/HTTPRouteHeaderMatching/9_request_to_'/'_with_headers_should_go_to_infra-backend-v2
    httproute-header-matching.go:98: 2026-05-07T16:48:06.877427742+02:00: Making GET request to host  via http://172.18.255.205/
=== CONT  TestConformance/HTTPRouteHeaderMatching/4_request_to_'/'_with_headers_should_receive_one_of_[]
=== NAME  TestConformance/HTTPRouteHeaderMatching/1_request_to_'/'_with_headers_should_go_to_infra-backend-v2
    httproute-header-matching.go:98: 2026-05-07T16:48:06.877462325+02:00: Making GET request to host  via http://172.18.255.205/
=== NAME  TestConformance/HTTPRouteHeaderMatching/10_request_to_'/'_with_headers_should_receive_one_of_[]
    httproute-header-matching.go:98: 2026-05-07T16:48:06.877446804+02:00: Making GET request to host  via http://172.18.255.205/
=== NAME  TestConformance/HTTPRouteHeaderMatching/8_request_to_'/'_with_headers_should_go_to_infra-backend-v2
    httproute-header-matching.go:98: 2026-05-07T16:48:06.87747226+02:00: Making GET request to host  via http://172.18.255.205/
=== NAME  TestConformance/HTTPRouteHeaderMatching/3_request_to_'/'_with_headers_should_go_to_infra-backend-v2
    httproute-header-matching.go:98: 2026-05-07T16:48:06.877466631+02:00: Making GET request to host  via http://172.18.255.205/
=== NAME  TestConformance/HTTPRouteHeaderMatching/7_request_to_'/'_with_headers_should_go_to_infra-backend-v1
    httproute-header-matching.go:98: 2026-05-07T16:48:06.877471609+02:00: Making GET request to host  via http://172.18.255.205/
=== NAME  TestConformance/HTTPRouteHeaderMatching/0_request_to_'/'_with_headers_should_go_to_infra-backend-v1
    httproute-header-matching.go:98: 2026-05-07T16:48:06.877406115+02:00: Making GET request to host  via http://172.18.255.205/
=== NAME  TestConformance/HTTPRouteHeaderMatching/5_request_to_'/'_with_headers_should_receive_one_of_[]
    httproute-header-matching.go:98: 2026-05-07T16:48:06.877438209+02:00: Making GET request to host  via http://172.18.255.205/
=== NAME  TestConformance/HTTPRouteHeaderMatching/6_request_to_'/'_with_headers_should_go_to_infra-backend-v1
    httproute-header-matching.go:98: 2026-05-07T16:48:06.877416343+02:00: Making GET request to host  via http://172.18.255.205/
=== CONT  TestConformance/HTTPRouteHeaderMatching/2_request_to_'/'_with_headers_should_go_to_infra-backend-v1
=== NAME  TestConformance/HTTPRouteHeaderMatching/4_request_to_'/'_with_headers_should_receive_one_of_[]
    httproute-header-matching.go:98: 2026-05-07T16:48:06.87750966+02:00: Making GET request to host  via http://172.18.255.205/
=== NAME  TestConformance/HTTPRouteHeaderMatching/2_request_to_'/'_with_headers_should_go_to_infra-backend-v1
    httproute-header-matching.go:98: 2026-05-07T16:48:06.879004438+02:00: Making GET request to host  via http://172.18.255.205/
=== NAME  TestConformance/HTTPRouteHeaderMatching/10_request_to_'/'_with_headers_should_receive_one_of_[]
    http.go:291: 2026-05-07T16:48:06.920815822+02:00: Request passed
=== NAME  TestConformance/HTTPRouteHeaderMatching/5_request_to_'/'_with_headers_should_receive_one_of_[]
    http.go:291: 2026-05-07T16:48:06.950782203+02:00: Request passed
=== NAME  TestConformance/HTTPRouteHeaderMatching/4_request_to_'/'_with_headers_should_receive_one_of_[]
    http.go:291: 2026-05-07T16:48:06.950952049+02:00: Request passed
=== NAME  TestConformance/HTTPRouteHeaderMatching/7_request_to_'/'_with_headers_should_go_to_infra-backend-v1
    http.go:291: 2026-05-07T16:48:06.963702059+02:00: Request passed
=== NAME  TestConformance/HTTPRouteHeaderMatching/8_request_to_'/'_with_headers_should_go_to_infra-backend-v2
    http.go:291: 2026-05-07T16:48:06.963850519+02:00: Request passed
=== NAME  TestConformance/HTTPRouteHeaderMatching/0_request_to_'/'_with_headers_should_go_to_infra-backend-v1
    http.go:291: 2026-05-07T16:48:06.973784269+02:00: Request passed
=== NAME  TestConformance/HTTPRouteHeaderMatching/2_request_to_'/'_with_headers_should_go_to_infra-backend-v1
    http.go:291: 2026-05-07T16:48:06.973964033+02:00: Request passed
=== NAME  TestConformance/HTTPRouteHeaderMatching/9_request_to_'/'_with_headers_should_go_to_infra-backend-v2
    http.go:291: 2026-05-07T16:48:06.974496813+02:00: Request passed
=== NAME  TestConformance/HTTPRouteHeaderMatching/1_request_to_'/'_with_headers_should_go_to_infra-backend-v2
    http.go:291: 2026-05-07T16:48:06.974495031+02:00: Request passed
=== NAME  TestConformance/HTTPRouteHeaderMatching/3_request_to_'/'_with_headers_should_go_to_infra-backend-v2
    http.go:291: 2026-05-07T16:48:06.977808918+02:00: Request passed
=== NAME  TestConformance/HTTPRouteHeaderMatching/6_request_to_'/'_with_headers_should_go_to_infra-backend-v1
    http.go:291: 2026-05-07T16:48:06.980857987+02:00: Request passed
=== NAME  TestConformance/HTTPRouteHeaderMatching
    apply.go:283: 2026-05-07T16:48:06.980915106+02:00: Deleting header-matching HTTPRoute
=== RUN   TestConformance/HTTPRouteHostnameIntersection
    conformance.go:70: 2026-05-07T16:48:06.995226564+02:00: Applying tests/httproute-hostname-intersection.yaml
    apply.go:275: 2026-05-07T16:48:07.013331241+02:00: Creating httproute-hostname-intersection Gateway
    apply.go:275: 2026-05-07T16:48:07.029496427+02:00: Creating httproute-hostname-intersection-all Gateway
    apply.go:275: 2026-05-07T16:48:07.052390636+02:00: Creating specific-host-matches-listener-specific-host HTTPRoute
    apply.go:275: 2026-05-07T16:48:07.101727078+02:00: Creating specific-host-matches-listener-wildcard-host HTTPRoute
    apply.go:275: 2026-05-07T16:48:07.124776354+02:00: Creating wildcard-host-matches-listener-specific-host HTTPRoute
    apply.go:275: 2026-05-07T16:48:07.161835624+02:00: Creating wildcard-host-matches-listener-wildcard-host HTTPRoute
    apply.go:275: 2026-05-07T16:48:07.195423958+02:00: Creating no-intersecting-hosts HTTPRoute
    apply.go:275: 2026-05-07T16:48:07.244853177+02:00: Creating httproute-hostname-intersection-all HTTPRoute
    conformance.go:75: 2026-05-07T16:48:07.261388906+02:00: Running HTTPRouteHostnameIntersection, relying on the following features: Gateway-standard, HTTPRoute-standard
    helpers.go:283: 2026-05-07T16:48:07.273360044+02:00: Programmed condition set to Status False with Reason AddressNotUsable, expected Status True
    helpers.go:283: 2026-05-07T16:48:07.273423842+02:00: Programmed was not in conditions list [[{Accepted True 1 2026-05-07 16:48:07 +0200 CEST Accepted Resource accepted} {Programmed False 1 2026-05-07 16:48:07 +0200 CEST AddressNotUsable Failed to assign to any requested addresses: hostname "httproute-hostname-intersection.gateway-conformance-infra.svc.cluster.local" not found}]]
    helpers.go:284: 2026-05-07T16:48:07.273454658+02:00: gateway-conformance-infra/httproute-hostname-intersection Gateway not Programmed yet
    helpers.go:283: 2026-05-07T16:48:07.374303309+02:00: Programmed condition set to Status False with Reason AddressNotUsable, expected Status True
    helpers.go:283: 2026-05-07T16:48:07.374332408+02:00: Programmed was not in conditions list [[{Accepted True 1 2026-05-07 16:48:07 +0200 CEST Accepted Resource accepted} {Programmed False 1 2026-05-07 16:48:07 +0200 CEST AddressNotUsable Failed to assign to any requested addresses: hostname "httproute-hostname-intersection.gateway-conformance-infra.svc.cluster.local" not found}]]
    helpers.go:284: 2026-05-07T16:48:07.374354884+02:00: gateway-conformance-infra/httproute-hostname-intersection Gateway not Programmed yet
    helpers.go:283: 2026-05-07T16:48:07.474903136+02:00: Programmed condition set to Status False with Reason AddressNotUsable, expected Status True
    helpers.go:283: 2026-05-07T16:48:07.474933535+02:00: Programmed was not in conditions list [[{Accepted True 1 2026-05-07 16:48:07 +0200 CEST Accepted Resource accepted} {Programmed False 1 2026-05-07 16:48:07 +0200 CEST AddressNotUsable Failed to assign to any requested addresses: hostname "httproute-hostname-intersection.gateway-conformance-infra.svc.cluster.local" not found}]]
    helpers.go:284: 2026-05-07T16:48:07.474955925+02:00: gateway-conformance-infra/httproute-hostname-intersection Gateway not Programmed yet
    helpers.go:283: 2026-05-07T16:48:07.591607559+02:00: Programmed condition set to Status False with Reason AddressNotAssigned, expected Status True
    helpers.go:283: 2026-05-07T16:48:07.591649452+02:00: Programmed was not in conditions list [[{Accepted True 1 2026-05-07 16:48:07 +0200 CEST Accepted Resource accepted} {Programmed False 1 2026-05-07 16:48:07 +0200 CEST AddressNotAssigned Failed to assign to any requested addresses: no instances found for hostname "httproute-hostname-intersection.gateway-conformance-infra.svc.cluster.local"}]]
    helpers.go:284: 2026-05-07T16:48:07.591673619+02:00: gateway-conformance-infra/httproute-hostname-intersection Gateway not Programmed yet
    helpers.go:283: 2026-05-07T16:48:07.666237035+02:00: Programmed condition set to Status False with Reason AddressNotAssigned, expected Status True
    helpers.go:283: 2026-05-07T16:48:07.666275691+02:00: Programmed was not in conditions list [[{Accepted True 1 2026-05-07 16:48:07 +0200 CEST Accepted Resource accepted} {Programmed False 1 2026-05-07 16:48:07 +0200 CEST AddressNotAssigned Failed to assign to any requested addresses: no instances found for hostname "httproute-hostname-intersection.gateway-conformance-infra.svc.cluster.local"}]]
    helpers.go:284: 2026-05-07T16:48:07.666300094+02:00: gateway-conformance-infra/httproute-hostname-intersection Gateway not Programmed yet
    helpers.go:283: 2026-05-07T16:48:07.765529277+02:00: Programmed condition set to Status False with Reason AddressNotAssigned, expected Status True
    helpers.go:283: 2026-05-07T16:48:07.765561733+02:00: Programmed was not in conditions list [[{Accepted True 1 2026-05-07 16:48:07 +0200 CEST Accepted Resource accepted} {Programmed False 1 2026-05-07 16:48:07 +0200 CEST AddressNotAssigned Failed to assign to any requested addresses: no instances found for hostname "httproute-hostname-intersection.gateway-conformance-infra.svc.cluster.local"}]]
    helpers.go:284: 2026-05-07T16:48:07.765584634+02:00: gateway-conformance-infra/httproute-hostname-intersection Gateway not Programmed yet
    helpers.go:283: 2026-05-07T16:48:07.866052639+02:00: Programmed condition set to Status False with Reason AddressNotAssigned, expected Status True
    helpers.go:283: 2026-05-07T16:48:07.86608487+02:00: Programmed was not in conditions list [[{Accepted True 1 2026-05-07 16:48:07 +0200 CEST Accepted Resource accepted} {Programmed False 1 2026-05-07 16:48:07 +0200 CEST AddressNotAssigned Failed to assign to any requested addresses: no instances found for hostname "httproute-hostname-intersection.gateway-conformance-infra.svc.cluster.local"}]]
    helpers.go:284: 2026-05-07T16:48:07.866108621+02:00: gateway-conformance-infra/httproute-hostname-intersection Gateway not Programmed yet
    helpers.go:283: 2026-05-07T16:48:07.966587158+02:00: Programmed condition set to Status False with Reason AddressNotAssigned, expected Status True
    helpers.go:283: 2026-05-07T16:48:07.966619612+02:00: Programmed was not in conditions list [[{Accepted True 1 2026-05-07 16:48:07 +0200 CEST Accepted Resource accepted} {Programmed False 1 2026-05-07 16:48:07 +0200 CEST AddressNotAssigned Failed to assign to any requested addresses: no instances found for hostname "httproute-hostname-intersection.gateway-conformance-infra.svc.cluster.local"}]]
    helpers.go:284: 2026-05-07T16:48:07.966652223+02:00: gateway-conformance-infra/httproute-hostname-intersection Gateway not Programmed yet
    helpers.go:283: 2026-05-07T16:48:08.065940353+02:00: Programmed condition set to Status False with Reason AddressNotAssigned, expected Status True
    helpers.go:283: 2026-05-07T16:48:08.065969704+02:00: Programmed was not in conditions list [[{Accepted True 1 2026-05-07 16:48:07 +0200 CEST Accepted Resource accepted} {Programmed False 1 2026-05-07 16:48:07 +0200 CEST AddressNotAssigned Failed to assign to any requested addresses: no instances found for hostname "httproute-hostname-intersection.gateway-conformance-infra.svc.cluster.local"}]]
    helpers.go:284: 2026-05-07T16:48:08.065992699+02:00: gateway-conformance-infra/httproute-hostname-intersection Gateway not Programmed yet
    helpers.go:283: 2026-05-07T16:48:08.167424573+02:00: Programmed condition set to Status False with Reason AddressNotAssigned, expected Status True
    helpers.go:283: 2026-05-07T16:48:08.167456699+02:00: Programmed was not in conditions list [[{Accepted True 1 2026-05-07 16:48:07 +0200 CEST Accepted Resource accepted} {Programmed False 1 2026-05-07 16:48:07 +0200 CEST AddressNotAssigned Failed to assign to any requested addresses: no instances found for hostname "httproute-hostname-intersection.gateway-conformance-infra.svc.cluster.local"}]]
    helpers.go:284: 2026-05-07T16:48:08.16748089+02:00: gateway-conformance-infra/httproute-hostname-intersection Gateway not Programmed yet
    helpers.go:283: 2026-05-07T16:48:08.268759261+02:00: Programmed condition set to Status False with Reason AddressNotAssigned, expected Status True
    helpers.go:283: 2026-05-07T16:48:08.26998369+02:00: Programmed was not in conditions list [[{Accepted True 1 2026-05-07 16:48:07 +0200 CEST Accepted Resource accepted} {Programmed False 1 2026-05-07 16:48:07 +0200 CEST AddressNotAssigned Failed to assign to any requested addresses: no instances found for hostname "httproute-hostname-intersection.gateway-conformance-infra.svc.cluster.local"}]]
    helpers.go:284: 2026-05-07T16:48:08.270050105+02:00: gateway-conformance-infra/httproute-hostname-intersection Gateway not Programmed yet
    helpers.go:283: 2026-05-07T16:48:08.384234412+02:00: Programmed condition set to Status False with Reason AddressNotAssigned, expected Status True
    helpers.go:283: 2026-05-07T16:48:08.384278647+02:00: Programmed was not in conditions list [[{Accepted True 1 2026-05-07 16:48:07 +0200 CEST Accepted Resource accepted} {Programmed False 1 2026-05-07 16:48:07 +0200 CEST AddressNotAssigned Failed to assign to any requested addresses: no instances found for hostname "httproute-hostname-intersection.gateway-conformance-infra.svc.cluster.local"}]]
    helpers.go:284: 2026-05-07T16:48:08.384312594+02:00: gateway-conformance-infra/httproute-hostname-intersection Gateway not Programmed yet
    helpers.go:283: 2026-05-07T16:48:08.467642365+02:00: Programmed condition set to Status False with Reason AddressNotAssigned, expected Status True
    helpers.go:283: 2026-05-07T16:48:08.467694377+02:00: Programmed was not in conditions list [[{Accepted True 1 2026-05-07 16:48:07 +0200 CEST Accepted Resource accepted} {Programmed False 1 2026-05-07 16:48:07 +0200 CEST AddressNotAssigned Failed to assign to any requested addresses: no instances found for hostname "httproute-hostname-intersection.gateway-conformance-infra.svc.cluster.local"}]]
    helpers.go:284: 2026-05-07T16:48:08.467735433+02:00: gateway-conformance-infra/httproute-hostname-intersection Gateway not Programmed yet
    helpers.go:283: 2026-05-07T16:48:08.567012804+02:00: Programmed condition set to Status False with Reason AddressNotAssigned, expected Status True
    helpers.go:283: 2026-05-07T16:48:08.567048089+02:00: Programmed was not in conditions list [[{Accepted True 1 2026-05-07 16:48:07 +0200 CEST Accepted Resource accepted} {Programmed False 1 2026-05-07 16:48:07 +0200 CEST AddressNotAssigned Failed to assign to any requested addresses: no instances found for hostname "httproute-hostname-intersection.gateway-conformance-infra.svc.cluster.local"}]]
    helpers.go:284: 2026-05-07T16:48:08.567079245+02:00: gateway-conformance-infra/httproute-hostname-intersection Gateway not Programmed yet
    helpers.go:283: 2026-05-07T16:48:08.667820258+02:00: Programmed condition set to Status False with Reason AddressNotAssigned, expected Status True
    helpers.go:283: 2026-05-07T16:48:08.66786951+02:00: Programmed was not in conditions list [[{Accepted True 1 2026-05-07 16:48:07 +0200 CEST Accepted Resource accepted} {Programmed False 1 2026-05-07 16:48:07 +0200 CEST AddressNotAssigned Failed to assign to any requested addresses: no instances found for hostname "httproute-hostname-intersection.gateway-conformance-infra.svc.cluster.local"}]]
    helpers.go:284: 2026-05-07T16:48:08.667907363+02:00: gateway-conformance-infra/httproute-hostname-intersection Gateway not Programmed yet
    helpers.go:283: 2026-05-07T16:48:08.767183621+02:00: Programmed condition set to Status False with Reason AddressNotAssigned, expected Status True
    helpers.go:283: 2026-05-07T16:48:08.767222818+02:00: Programmed was not in conditions list [[{Accepted True 1 2026-05-07 16:48:07 +0200 CEST Accepted Resource accepted} {Programmed False 1 2026-05-07 16:48:07 +0200 CEST AddressNotAssigned Failed to assign to any requested addresses: no instances found for hostname "httproute-hostname-intersection.gateway-conformance-infra.svc.cluster.local"}]]
    helpers.go:284: 2026-05-07T16:48:08.767249108+02:00: gateway-conformance-infra/httproute-hostname-intersection Gateway not Programmed yet
    helpers.go:283: 2026-05-07T16:48:08.874487087+02:00: Programmed condition set to Status False with Reason AddressNotAssigned, expected Status True
    helpers.go:283: 2026-05-07T16:48:08.874535461+02:00: Programmed was not in conditions list [[{Accepted True 1 2026-05-07 16:48:07 +0200 CEST Accepted Resource accepted} {Programmed False 1 2026-05-07 16:48:07 +0200 CEST AddressNotAssigned Failed to assign to any requested addresses: no instances found for hostname "httproute-hostname-intersection.gateway-conformance-infra.svc.cluster.local"}]]
    helpers.go:284: 2026-05-07T16:48:08.874564546+02:00: gateway-conformance-infra/httproute-hostname-intersection Gateway not Programmed yet
    helpers.go:283: 2026-05-07T16:48:08.965640152+02:00: Programmed condition set to Status False with Reason AddressNotAssigned, expected Status True
    helpers.go:283: 2026-05-07T16:48:08.965678984+02:00: Programmed was not in conditions list [[{Accepted True 1 2026-05-07 16:48:07 +0200 CEST Accepted Resource accepted} {Programmed False 1 2026-05-07 16:48:07 +0200 CEST AddressNotAssigned Failed to assign to any requested addresses: no instances found for hostname "httproute-hostname-intersection.gateway-conformance-infra.svc.cluster.local"}]]
    helpers.go:284: 2026-05-07T16:48:08.965708239+02:00: gateway-conformance-infra/httproute-hostname-intersection Gateway not Programmed yet
    helpers.go:283: 2026-05-07T16:48:09.075318692+02:00: Programmed condition set to Status False with Reason AddressNotAssigned, expected Status True
    helpers.go:283: 2026-05-07T16:48:09.075357126+02:00: Programmed was not in conditions list [[{Accepted True 1 2026-05-07 16:48:07 +0200 CEST Accepted Resource accepted} {Programmed False 1 2026-05-07 16:48:07 +0200 CEST AddressNotAssigned Failed to assign to any requested addresses: no instances found for hostname "httproute-hostname-intersection.gateway-conformance-infra.svc.cluster.local"}]]
    helpers.go:284: 2026-05-07T16:48:09.075397277+02:00: gateway-conformance-infra/httproute-hostname-intersection Gateway not Programmed yet
    helpers.go:283: 2026-05-07T16:48:09.194730502+02:00: Programmed condition set to Status False with Reason AddressNotAssigned, expected Status True
    helpers.go:283: 2026-05-07T16:48:09.194759116+02:00: Programmed was not in conditions list [[{Accepted True 1 2026-05-07 16:48:07 +0200 CEST Accepted Resource accepted} {Programmed False 1 2026-05-07 16:48:07 +0200 CEST AddressNotAssigned Failed to assign to any requested addresses: no instances found for hostname "httproute-hostname-intersection.gateway-conformance-infra.svc.cluster.local"}]]
    helpers.go:284: 2026-05-07T16:48:09.194781545+02:00: gateway-conformance-infra/httproute-hostname-intersection Gateway not Programmed yet
    helpers.go:283: 2026-05-07T16:48:09.280061638+02:00: Programmed condition set to Status False with Reason AddressNotAssigned, expected Status True
    helpers.go:283: 2026-05-07T16:48:09.280126316+02:00: Programmed was not in conditions list [[{Accepted True 1 2026-05-07 16:48:07 +0200 CEST Accepted Resource accepted} {Programmed False 1 2026-05-07 16:48:07 +0200 CEST AddressNotAssigned Failed to assign to any requested addresses: no instances found for hostname "httproute-hostname-intersection.gateway-conformance-infra.svc.cluster.local"}]]
    helpers.go:284: 2026-05-07T16:48:09.280270377+02:00: gateway-conformance-infra/httproute-hostname-intersection Gateway not Programmed yet
    helpers.go:283: 2026-05-07T16:48:09.366588199+02:00: Programmed condition set to Status False with Reason AddressNotAssigned, expected Status True
    helpers.go:283: 2026-05-07T16:48:09.366621252+02:00: Programmed was not in conditions list [[{Accepted True 1 2026-05-07 16:48:07 +0200 CEST Accepted Resource accepted} {Programmed False 1 2026-05-07 16:48:07 +0200 CEST AddressNotAssigned Failed to assign to any requested addresses: no instances found for hostname "httproute-hostname-intersection.gateway-conformance-infra.svc.cluster.local"}]]
    helpers.go:284: 2026-05-07T16:48:09.366647268+02:00: gateway-conformance-infra/httproute-hostname-intersection Gateway not Programmed yet
    helpers.go:283: 2026-05-07T16:48:09.46592388+02:00: Programmed condition set to Status False with Reason AddressNotAssigned, expected Status True
    helpers.go:283: 2026-05-07T16:48:09.465956203+02:00: Programmed was not in conditions list [[{Accepted True 1 2026-05-07 16:48:07 +0200 CEST Accepted Resource accepted} {Programmed False 1 2026-05-07 16:48:07 +0200 CEST AddressNotAssigned Failed to assign to any requested addresses: no instances found for hostname "httproute-hostname-intersection-all.gateway-conformance-infra.svc.cluster.local"}]]
    helpers.go:284: 2026-05-07T16:48:09.465979504+02:00: gateway-conformance-infra/httproute-hostname-intersection-all Gateway not Programmed yet
    helpers.go:283: 2026-05-07T16:48:09.566944621+02:00: Programmed condition set to Status False with Reason AddressNotAssigned, expected Status True
    helpers.go:283: 2026-05-07T16:48:09.566974219+02:00: Programmed was not in conditions list [[{Accepted True 1 2026-05-07 16:48:07 +0200 CEST Accepted Resource accepted} {Programmed False 1 2026-05-07 16:48:07 +0200 CEST AddressNotAssigned Failed to assign to any requested addresses: no instances found for hostname "httproute-hostname-intersection-all.gateway-conformance-infra.svc.cluster.local"}]]
    helpers.go:284: 2026-05-07T16:48:09.566998101+02:00: gateway-conformance-infra/httproute-hostname-intersection-all Gateway not Programmed yet
    helpers.go:283: 2026-05-07T16:48:09.666194661+02:00: Programmed condition set to Status False with Reason AddressNotAssigned, expected Status True
    helpers.go:283: 2026-05-07T16:48:09.666224219+02:00: Programmed was not in conditions list [[{Accepted True 1 2026-05-07 16:48:07 +0200 CEST Accepted Resource accepted} {Programmed False 1 2026-05-07 16:48:07 +0200 CEST AddressNotAssigned Failed to assign to any requested addresses: no instances found for hostname "httproute-hostname-intersection-all.gateway-conformance-infra.svc.cluster.local"}]]
    helpers.go:284: 2026-05-07T16:48:09.666256039+02:00: gateway-conformance-infra/httproute-hostname-intersection-all Gateway not Programmed yet
    helpers.go:283: 2026-05-07T16:48:09.766500259+02:00: Programmed condition set to Status False with Reason AddressNotAssigned, expected Status True
    helpers.go:283: 2026-05-07T16:48:09.766530856+02:00: Programmed was not in conditions list [[{Accepted True 1 2026-05-07 16:48:07 +0200 CEST Accepted Resource accepted} {Programmed False 1 2026-05-07 16:48:07 +0200 CEST AddressNotAssigned Failed to assign to any requested addresses: no instances found for hostname "httproute-hostname-intersection-all.gateway-conformance-infra.svc.cluster.local"}]]
    helpers.go:284: 2026-05-07T16:48:09.766555436+02:00: gateway-conformance-infra/httproute-hostname-intersection-all Gateway not Programmed yet
    helpers.go:283: 2026-05-07T16:48:09.865640749+02:00: Programmed condition set to Status False with Reason AddressNotAssigned, expected Status True
    helpers.go:283: 2026-05-07T16:48:09.865667914+02:00: Programmed was not in conditions list [[{Accepted True 1 2026-05-07 16:48:07 +0200 CEST Accepted Resource accepted} {Programmed False 1 2026-05-07 16:48:07 +0200 CEST AddressNotAssigned Failed to assign to any requested addresses: no instances found for hostname "httproute-hostname-intersection-all.gateway-conformance-infra.svc.cluster.local"}]]
    helpers.go:284: 2026-05-07T16:48:09.865697729+02:00: gateway-conformance-infra/httproute-hostname-intersection-all Gateway not Programmed yet
    helpers.go:283: 2026-05-07T16:48:09.965778191+02:00: Programmed condition set to Status False with Reason AddressNotAssigned, expected Status True
    helpers.go:283: 2026-05-07T16:48:09.965809294+02:00: Programmed was not in conditions list [[{Accepted True 1 2026-05-07 16:48:07 +0200 CEST Accepted Resource accepted} {Programmed False 1 2026-05-07 16:48:07 +0200 CEST AddressNotAssigned Failed to assign to any requested addresses: no instances found for hostname "httproute-hostname-intersection-all.gateway-conformance-infra.svc.cluster.local"}]]
    helpers.go:284: 2026-05-07T16:48:09.965830998+02:00: gateway-conformance-infra/httproute-hostname-intersection-all Gateway not Programmed yet
    helpers.go:283: 2026-05-07T16:48:10.065724871+02:00: Programmed condition set to Status False with Reason AddressNotAssigned, expected Status True
    helpers.go:283: 2026-05-07T16:48:10.065752615+02:00: Programmed was not in conditions list [[{Accepted True 1 2026-05-07 16:48:07 +0200 CEST Accepted Resource accepted} {Programmed False 1 2026-05-07 16:48:07 +0200 CEST AddressNotAssigned Failed to assign to any requested addresses: no instances found for hostname "httproute-hostname-intersection-all.gateway-conformance-infra.svc.cluster.local"}]]
    helpers.go:284: 2026-05-07T16:48:10.065774643+02:00: gateway-conformance-infra/httproute-hostname-intersection-all Gateway not Programmed yet
    helpers.go:283: 2026-05-07T16:48:10.16562108+02:00: Programmed condition set to Status False with Reason AddressNotAssigned, expected Status True
    helpers.go:283: 2026-05-07T16:48:10.165653712+02:00: Programmed was not in conditions list [[{Accepted True 1 2026-05-07 16:48:07 +0200 CEST Accepted Resource accepted} {Programmed False 1 2026-05-07 16:48:07 +0200 CEST AddressNotAssigned Failed to assign to any requested addresses: no instances found for hostname "httproute-hostname-intersection-all.gateway-conformance-infra.svc.cluster.local"}]]
    helpers.go:284: 2026-05-07T16:48:10.165676705+02:00: gateway-conformance-infra/httproute-hostname-intersection-all Gateway not Programmed yet
    helpers.go:283: 2026-05-07T16:48:10.283087376+02:00: Programmed condition set to Status False with Reason AddressNotAssigned, expected Status True
    helpers.go:283: 2026-05-07T16:48:10.283116819+02:00: Programmed was not in conditions list [[{Accepted True 1 2026-05-07 16:48:07 +0200 CEST Accepted Resource accepted} {Programmed False 1 2026-05-07 16:48:07 +0200 CEST AddressNotAssigned Failed to assign to any requested addresses: no instances found for hostname "httproute-hostname-intersection-all.gateway-conformance-infra.svc.cluster.local"}]]
    helpers.go:284: 2026-05-07T16:48:10.283145227+02:00: gateway-conformance-infra/httproute-hostname-intersection-all Gateway not Programmed yet
    helpers.go:283: 2026-05-07T16:48:10.396705903+02:00: Programmed condition set to Status False with Reason AddressNotAssigned, expected Status True
    helpers.go:283: 2026-05-07T16:48:10.396748524+02:00: Programmed was not in conditions list [[{Accepted True 1 2026-05-07 16:48:07 +0200 CEST Accepted Resource accepted} {Programmed False 1 2026-05-07 16:48:07 +0200 CEST AddressNotAssigned Failed to assign to any requested addresses: no instances found for hostname "httproute-hostname-intersection-all.gateway-conformance-infra.svc.cluster.local"}]]
    helpers.go:284: 2026-05-07T16:48:10.39679756+02:00: gateway-conformance-infra/httproute-hostname-intersection-all Gateway not Programmed yet
    helpers.go:296: 2026-05-07T16:48:10.46924461+02:00: Ready condition set to False, expected True
    helpers.go:296: 2026-05-07T16:48:10.469282776+02:00: Ready was not in conditions list
    helpers.go:296: 2026-05-07T16:48:10.469298526+02:00: Ready condition set to False, expected True
    helpers.go:296: 2026-05-07T16:48:10.469307264+02:00: Ready was not in conditions list
    helpers.go:299: 2026-05-07T16:48:10.469315644+02:00: Pod gateway-conformance-infra/httproute-hostname-intersection-all-56c745d97f-8qcdx not ready yet
    helpers.go:296: 2026-05-07T16:48:10.570432224+02:00: Ready condition set to False, expected True
    helpers.go:296: 2026-05-07T16:48:10.570480171+02:00: Ready was not in conditions list
    helpers.go:296: 2026-05-07T16:48:10.570508492+02:00: Ready condition set to False, expected True
    helpers.go:296: 2026-05-07T16:48:10.570525524+02:00: Ready was not in conditions list
    helpers.go:299: 2026-05-07T16:48:10.570538048+02:00: Pod gateway-conformance-infra/httproute-hostname-intersection-all-56c745d97f-8qcdx not ready yet
    helpers.go:296: 2026-05-07T16:48:10.670276333+02:00: Ready condition set to False, expected True
    helpers.go:296: 2026-05-07T16:48:10.670320647+02:00: Ready was not in conditions list
    helpers.go:296: 2026-05-07T16:48:10.670343236+02:00: Ready condition set to False, expected True
    helpers.go:296: 2026-05-07T16:48:10.67035876+02:00: Ready was not in conditions list
    helpers.go:299: 2026-05-07T16:48:10.670373633+02:00: Pod gateway-conformance-infra/httproute-hostname-intersection-all-56c745d97f-8qcdx not ready yet
    helpers.go:296: 2026-05-07T16:48:10.770511265+02:00: Ready condition set to False, expected True
    helpers.go:296: 2026-05-07T16:48:10.770551638+02:00: Ready was not in conditions list
    helpers.go:296: 2026-05-07T16:48:10.770573942+02:00: Ready condition set to False, expected True
    helpers.go:296: 2026-05-07T16:48:10.77058689+02:00: Ready was not in conditions list
    helpers.go:299: 2026-05-07T16:48:10.770598732+02:00: Pod gateway-conformance-infra/httproute-hostname-intersection-all-56c745d97f-8qcdx not ready yet
    helpers.go:296: 2026-05-07T16:48:10.870493303+02:00: Ready condition set to False, expected True
    helpers.go:296: 2026-05-07T16:48:10.870528543+02:00: Ready was not in conditions list
    helpers.go:296: 2026-05-07T16:48:10.870544515+02:00: Ready condition set to False, expected True
    helpers.go:296: 2026-05-07T16:48:10.870553524+02:00: Ready was not in conditions list
    helpers.go:299: 2026-05-07T16:48:10.870561977+02:00: Pod gateway-conformance-infra/httproute-hostname-intersection-all-56c745d97f-8qcdx not ready yet
    helpers.go:296: 2026-05-07T16:48:10.968712999+02:00: Ready condition set to False, expected True
    helpers.go:296: 2026-05-07T16:48:10.968742715+02:00: Ready was not in conditions list
    helpers.go:296: 2026-05-07T16:48:10.96875824+02:00: Ready condition set to False, expected True
    helpers.go:296: 2026-05-07T16:48:10.968771445+02:00: Ready was not in conditions list
    helpers.go:299: 2026-05-07T16:48:10.968784892+02:00: Pod gateway-conformance-infra/httproute-hostname-intersection-all-56c745d97f-8qcdx not ready yet
    helpers.go:296: 2026-05-07T16:48:11.068820067+02:00: Ready condition set to False, expected True
    helpers.go:296: 2026-05-07T16:48:11.068847492+02:00: Ready was not in conditions list
    helpers.go:296: 2026-05-07T16:48:11.068862689+02:00: Ready condition set to False, expected True
    helpers.go:296: 2026-05-07T16:48:11.068871028+02:00: Ready was not in conditions list
    helpers.go:299: 2026-05-07T16:48:11.068879249+02:00: Pod gateway-conformance-infra/httproute-hostname-intersection-all-56c745d97f-8qcdx not ready yet
    helpers.go:296: 2026-05-07T16:48:11.170443958+02:00: Ready condition set to False, expected True
    helpers.go:296: 2026-05-07T16:48:11.17047992+02:00: Ready was not in conditions list
    helpers.go:296: 2026-05-07T16:48:11.170523495+02:00: Ready condition set to False, expected True
    helpers.go:296: 2026-05-07T16:48:11.170534544+02:00: Ready was not in conditions list
    helpers.go:299: 2026-05-07T16:48:11.170546651+02:00: Pod gateway-conformance-infra/httproute-hostname-intersection-all-56c745d97f-8qcdx not ready yet
    helpers.go:296: 2026-05-07T16:48:11.276828934+02:00: Ready condition set to False, expected True
    helpers.go:296: 2026-05-07T16:48:11.276858852+02:00: Ready was not in conditions list
    helpers.go:304: 2026-05-07T16:48:11.276879397+02:00: Gateways and Pods in gateway-conformance-infra namespaces ready
=== RUN   TestConformance/HTTPRouteHostnameIntersection/HTTPRoutes_that_do_intersect_with_listener_hostnames
    helpers.go:812: 2026-05-07T16:48:11.287887994+02:00: Conditions matched expectations
    helpers.go:812: 2026-05-07T16:48:11.287927555+02:00: Route gateway-conformance-infra/specific-host-matches-listener-specific-host Parents matched expectations
    helpers.go:812: 2026-05-07T16:48:11.289979009+02:00: Conditions matched expectations
    helpers.go:812: 2026-05-07T16:48:11.290006615+02:00: Route gateway-conformance-infra/specific-host-matches-listener-wildcard-host Parents matched expectations
    helpers.go:812: 2026-05-07T16:48:11.291844571+02:00: Conditions matched expectations
    helpers.go:812: 2026-05-07T16:48:11.291867337+02:00: Route gateway-conformance-infra/wildcard-host-matches-listener-specific-host Parents matched expectations
    helpers.go:812: 2026-05-07T16:48:11.293682112+02:00: Conditions matched expectations
    helpers.go:812: 2026-05-07T16:48:11.293710644+02:00: Route gateway-conformance-infra/wildcard-host-matches-listener-wildcard-host Parents matched expectations
=== RUN   TestConformance/HTTPRouteHostnameIntersection/HTTPRoutes_that_do_intersect_with_listener_hostnames/0_request_to_'very.specific.com/s1'_should_go_to_infra-backend-v1
=== PAUSE TestConformance/HTTPRouteHostnameIntersection/HTTPRoutes_that_do_intersect_with_listener_hostnames/0_request_to_'very.specific.com/s1'_should_go_to_infra-backend-v1
=== RUN   TestConformance/HTTPRouteHostnameIntersection/HTTPRoutes_that_do_intersect_with_listener_hostnames/1_request_to_'very.specific.com:1234/s1'_should_go_to_infra-backend-v1
=== PAUSE TestConformance/HTTPRouteHostnameIntersection/HTTPRoutes_that_do_intersect_with_listener_hostnames/1_request_to_'very.specific.com:1234/s1'_should_go_to_infra-backend-v1
=== RUN   TestConformance/HTTPRouteHostnameIntersection/HTTPRoutes_that_do_intersect_with_listener_hostnames/2_request_to_'non.matching.com/s1'_should_receive_one_of_[]
=== PAUSE TestConformance/HTTPRouteHostnameIntersection/HTTPRoutes_that_do_intersect_with_listener_hostnames/2_request_to_'non.matching.com/s1'_should_receive_one_of_[]
=== RUN   TestConformance/HTTPRouteHostnameIntersection/HTTPRoutes_that_do_intersect_with_listener_hostnames/3_request_to_'foo.nonmatchingwildcard.io/s1'_should_receive_one_of_[]
=== PAUSE TestConformance/HTTPRouteHostnameIntersection/HTTPRoutes_that_do_intersect_with_listener_hostnames/3_request_to_'foo.nonmatchingwildcard.io/s1'_should_receive_one_of_[]
=== RUN   TestConformance/HTTPRouteHostnameIntersection/HTTPRoutes_that_do_intersect_with_listener_hostnames/4_request_to_'foo.wildcard.io/s1'_should_receive_one_of_[]
=== PAUSE TestConformance/HTTPRouteHostnameIntersection/HTTPRoutes_that_do_intersect_with_listener_hostnames/4_request_to_'foo.wildcard.io/s1'_should_receive_one_of_[]
=== RUN   TestConformance/HTTPRouteHostnameIntersection/HTTPRoutes_that_do_intersect_with_listener_hostnames/5_request_to_'very.specific.com/non-matching-prefix'_should_receive_one_of_[]
=== PAUSE TestConformance/HTTPRouteHostnameIntersection/HTTPRoutes_that_do_intersect_with_listener_hostnames/5_request_to_'very.specific.com/non-matching-prefix'_should_receive_one_of_[]
=== RUN   TestConformance/HTTPRouteHostnameIntersection/HTTPRoutes_that_do_intersect_with_listener_hostnames/6_request_to_'foo.wildcard.io/s2'_should_go_to_infra-backend-v2
=== PAUSE TestConformance/HTTPRouteHostnameIntersection/HTTPRoutes_that_do_intersect_with_listener_hostnames/6_request_to_'foo.wildcard.io/s2'_should_go_to_infra-backend-v2
=== RUN   TestConformance/HTTPRouteHostnameIntersection/HTTPRoutes_that_do_intersect_with_listener_hostnames/7_request_to_'bar.wildcard.io/s2'_should_go_to_infra-backend-v2
=== PAUSE TestConformance/HTTPRouteHostnameIntersection/HTTPRoutes_that_do_intersect_with_listener_hostnames/7_request_to_'bar.wildcard.io/s2'_should_go_to_infra-backend-v2
=== RUN   TestConformance/HTTPRouteHostnameIntersection/HTTPRoutes_that_do_intersect_with_listener_hostnames/8_request_to_'foo.bar.wildcard.io/s2'_should_go_to_infra-backend-v2
=== PAUSE TestConformance/HTTPRouteHostnameIntersection/HTTPRoutes_that_do_intersect_with_listener_hostnames/8_request_to_'foo.bar.wildcard.io/s2'_should_go_to_infra-backend-v2
=== RUN   TestConformance/HTTPRouteHostnameIntersection/HTTPRoutes_that_do_intersect_with_listener_hostnames/9_request_to_'non.matching.com/s2'_should_receive_one_of_[]
=== PAUSE TestConformance/HTTPRouteHostnameIntersection/HTTPRoutes_that_do_intersect_with_listener_hostnames/9_request_to_'non.matching.com/s2'_should_receive_one_of_[]
=== RUN   TestConformance/HTTPRouteHostnameIntersection/HTTPRoutes_that_do_intersect_with_listener_hostnames/10_request_to_'wildcard.io/s2'_should_receive_one_of_[]
=== PAUSE TestConformance/HTTPRouteHostnameIntersection/HTTPRoutes_that_do_intersect_with_listener_hostnames/10_request_to_'wildcard.io/s2'_should_receive_one_of_[]
=== RUN   TestConformance/HTTPRouteHostnameIntersection/HTTPRoutes_that_do_intersect_with_listener_hostnames/11_request_to_'very.specific.com/s2'_should_receive_one_of_[]
=== PAUSE TestConformance/HTTPRouteHostnameIntersection/HTTPRoutes_that_do_intersect_with_listener_hostnames/11_request_to_'very.specific.com/s2'_should_receive_one_of_[]
=== RUN   TestConformance/HTTPRouteHostnameIntersection/HTTPRoutes_that_do_intersect_with_listener_hostnames/12_request_to_'foo.wildcard.io/non-matching-prefix'_should_receive_one_of_[]
=== PAUSE TestConformance/HTTPRouteHostnameIntersection/HTTPRoutes_that_do_intersect_with_listener_hostnames/12_request_to_'foo.wildcard.io/non-matching-prefix'_should_receive_one_of_[]
=== RUN   TestConformance/HTTPRouteHostnameIntersection/HTTPRoutes_that_do_intersect_with_listener_hostnames/13_request_to_'very.specific.com/s3'_should_go_to_infra-backend-v3
=== PAUSE TestConformance/HTTPRouteHostnameIntersection/HTTPRoutes_that_do_intersect_with_listener_hostnames/13_request_to_'very.specific.com/s3'_should_go_to_infra-backend-v3
=== RUN   TestConformance/HTTPRouteHostnameIntersection/HTTPRoutes_that_do_intersect_with_listener_hostnames/14_request_to_'non.matching.com/s3'_should_receive_one_of_[]
=== PAUSE TestConformance/HTTPRouteHostnameIntersection/HTTPRoutes_that_do_intersect_with_listener_hostnames/14_request_to_'non.matching.com/s3'_should_receive_one_of_[]
=== RUN   TestConformance/HTTPRouteHostnameIntersection/HTTPRoutes_that_do_intersect_with_listener_hostnames/15_request_to_'foo.specific.com/s3'_should_receive_one_of_[]
=== PAUSE TestConformance/HTTPRouteHostnameIntersection/HTTPRoutes_that_do_intersect_with_listener_hostnames/15_request_to_'foo.specific.com/s3'_should_receive_one_of_[]
=== RUN   TestConformance/HTTPRouteHostnameIntersection/HTTPRoutes_that_do_intersect_with_listener_hostnames/16_request_to_'foo.wildcard.io/s3'_should_receive_one_of_[]
=== PAUSE TestConformance/HTTPRouteHostnameIntersection/HTTPRoutes_that_do_intersect_with_listener_hostnames/16_request_to_'foo.wildcard.io/s3'_should_receive_one_of_[]
=== RUN   TestConformance/HTTPRouteHostnameIntersection/HTTPRoutes_that_do_intersect_with_listener_hostnames/17_request_to_'very.specific.com/non-matching-prefix'_should_receive_one_of_[]
=== PAUSE TestConformance/HTTPRouteHostnameIntersection/HTTPRoutes_that_do_intersect_with_listener_hostnames/17_request_to_'very.specific.com/non-matching-prefix'_should_receive_one_of_[]
=== RUN   TestConformance/HTTPRouteHostnameIntersection/HTTPRoutes_that_do_intersect_with_listener_hostnames/18_request_to_'foo.anotherwildcard.io/s4'_should_go_to_infra-backend-v1
=== PAUSE TestConformance/HTTPRouteHostnameIntersection/HTTPRoutes_that_do_intersect_with_listener_hostnames/18_request_to_'foo.anotherwildcard.io/s4'_should_go_to_infra-backend-v1
=== RUN   TestConformance/HTTPRouteHostnameIntersection/HTTPRoutes_that_do_intersect_with_listener_hostnames/19_request_to_'bar.anotherwildcard.io/s4'_should_go_to_infra-backend-v1
=== PAUSE TestConformance/HTTPRouteHostnameIntersection/HTTPRoutes_that_do_intersect_with_listener_hostnames/19_request_to_'bar.anotherwildcard.io/s4'_should_go_to_infra-backend-v1
=== RUN   TestConformance/HTTPRouteHostnameIntersection/HTTPRoutes_that_do_intersect_with_listener_hostnames/20_request_to_'foo.bar.anotherwildcard.io/s4'_should_go_to_infra-backend-v1
=== PAUSE TestConformance/HTTPRouteHostnameIntersection/HTTPRoutes_that_do_intersect_with_listener_hostnames/20_request_to_'foo.bar.anotherwildcard.io/s4'_should_go_to_infra-backend-v1
=== RUN   TestConformance/HTTPRouteHostnameIntersection/HTTPRoutes_that_do_intersect_with_listener_hostnames/21_request_to_'anotherwildcard.io/s4'_should_receive_one_of_[]
=== PAUSE TestConformance/HTTPRouteHostnameIntersection/HTTPRoutes_that_do_intersect_with_listener_hostnames/21_request_to_'anotherwildcard.io/s4'_should_receive_one_of_[]
=== RUN   TestConformance/HTTPRouteHostnameIntersection/HTTPRoutes_that_do_intersect_with_listener_hostnames/22_request_to_'foo.wildcard.io/s4'_should_receive_one_of_[]
=== PAUSE TestConformance/HTTPRouteHostnameIntersection/HTTPRoutes_that_do_intersect_with_listener_hostnames/22_request_to_'foo.wildcard.io/s4'_should_receive_one_of_[]
=== RUN   TestConformance/HTTPRouteHostnameIntersection/HTTPRoutes_that_do_intersect_with_listener_hostnames/23_request_to_'very.specific.com/s4'_should_receive_one_of_[]
=== PAUSE TestConformance/HTTPRouteHostnameIntersection/HTTPRoutes_that_do_intersect_with_listener_hostnames/23_request_to_'very.specific.com/s4'_should_receive_one_of_[]
=== RUN   TestConformance/HTTPRouteHostnameIntersection/HTTPRoutes_that_do_intersect_with_listener_hostnames/24_request_to_'foo.anotherwildcard.io/non-matching-prefix'_should_receive_one_of_[]
=== PAUSE TestConformance/HTTPRouteHostnameIntersection/HTTPRoutes_that_do_intersect_with_listener_hostnames/24_request_to_'foo.anotherwildcard.io/non-matching-prefix'_should_receive_one_of_[]
=== CONT  TestConformance/HTTPRouteHostnameIntersection/HTTPRoutes_that_do_intersect_with_listener_hostnames/0_request_to_'very.specific.com/s1'_should_go_to_infra-backend-v1
=== CONT  TestConformance/HTTPRouteHostnameIntersection/HTTPRoutes_that_do_intersect_with_listener_hostnames/24_request_to_'foo.anotherwildcard.io/non-matching-prefix'_should_receive_one_of_[]
=== CONT  TestConformance/HTTPRouteHostnameIntersection/HTTPRoutes_that_do_intersect_with_listener_hostnames/12_request_to_'foo.wildcard.io/non-matching-prefix'_should_receive_one_of_[]
=== CONT  TestConformance/HTTPRouteHostnameIntersection/HTTPRoutes_that_do_intersect_with_listener_hostnames/6_request_to_'foo.wildcard.io/s2'_should_go_to_infra-backend-v2
=== CONT  TestConformance/HTTPRouteHostnameIntersection/HTTPRoutes_that_do_intersect_with_listener_hostnames/3_request_to_'foo.nonmatchingwildcard.io/s1'_should_receive_one_of_[]
=== CONT  TestConformance/HTTPRouteHostnameIntersection/HTTPRoutes_that_do_intersect_with_listener_hostnames/17_request_to_'very.specific.com/non-matching-prefix'_should_receive_one_of_[]
=== NAME  TestConformance/HTTPRouteHostnameIntersection/HTTPRoutes_that_do_intersect_with_listener_hostnames/24_request_to_'foo.anotherwildcard.io/non-matching-prefix'_should_receive_one_of_[]
    httproute-hostname-intersection.go:201: 2026-05-07T16:48:11.304960266+02:00: Making GET request to host foo.anotherwildcard.io via http://172.18.255.210/non-matching-prefix
=== NAME  TestConformance/HTTPRouteHostnameIntersection/HTTPRoutes_that_do_intersect_with_listener_hostnames/17_request_to_'very.specific.com/non-matching-prefix'_should_receive_one_of_[]
    httproute-hostname-intersection.go:201: 2026-05-07T16:48:11.305000704+02:00: Making GET request to host very.specific.com via http://172.18.255.210/non-matching-prefix
=== NAME  TestConformance/HTTPRouteHostnameIntersection/HTTPRoutes_that_do_intersect_with_listener_hostnames/6_request_to_'foo.wildcard.io/s2'_should_go_to_infra-backend-v2
    httproute-hostname-intersection.go:201: 2026-05-07T16:48:11.305009322+02:00: Making GET request to host foo.wildcard.io via http://172.18.255.210/s2
=== NAME  TestConformance/HTTPRouteHostnameIntersection/HTTPRoutes_that_do_intersect_with_listener_hostnames/12_request_to_'foo.wildcard.io/non-matching-prefix'_should_receive_one_of_[]
    httproute-hostname-intersection.go:201: 2026-05-07T16:48:11.304962649+02:00: Making GET request to host foo.wildcard.io via http://172.18.255.210/non-matching-prefix
=== CONT  TestConformance/HTTPRouteHostnameIntersection/HTTPRoutes_that_do_intersect_with_listener_hostnames/23_request_to_'very.specific.com/s4'_should_receive_one_of_[]
=== CONT  TestConformance/HTTPRouteHostnameIntersection/HTTPRoutes_that_do_intersect_with_listener_hostnames/22_request_to_'foo.wildcard.io/s4'_should_receive_one_of_[]
=== NAME  TestConformance/HTTPRouteHostnameIntersection/HTTPRoutes_that_do_intersect_with_listener_hostnames/23_request_to_'very.specific.com/s4'_should_receive_one_of_[]
    httproute-hostname-intersection.go:201: 2026-05-07T16:48:11.305147904+02:00: Making GET request to host very.specific.com via http://172.18.255.210/s4
=== NAME  TestConformance/HTTPRouteHostnameIntersection/HTTPRoutes_that_do_intersect_with_listener_hostnames/22_request_to_'foo.wildcard.io/s4'_should_receive_one_of_[]
    httproute-hostname-intersection.go:201: 2026-05-07T16:48:11.305184583+02:00: Making GET request to host foo.wildcard.io via http://172.18.255.210/s4
=== CONT  TestConformance/HTTPRouteHostnameIntersection/HTTPRoutes_that_do_intersect_with_listener_hostnames/21_request_to_'anotherwildcard.io/s4'_should_receive_one_of_[]
    httproute-hostname-intersection.go:201: 2026-05-07T16:48:11.305255752+02:00: Making GET request to host anotherwildcard.io via http://172.18.255.210/s4
=== CONT  TestConformance/HTTPRouteHostnameIntersection/HTTPRoutes_that_do_intersect_with_listener_hostnames/20_request_to_'foo.bar.anotherwildcard.io/s4'_should_go_to_infra-backend-v1
    httproute-hostname-intersection.go:201: 2026-05-07T16:48:11.305350025+02:00: Making GET request to host foo.bar.anotherwildcard.io via http://172.18.255.210/s4
=== CONT  TestConformance/HTTPRouteHostnameIntersection/HTTPRoutes_that_do_intersect_with_listener_hostnames/19_request_to_'bar.anotherwildcard.io/s4'_should_go_to_infra-backend-v1
    httproute-hostname-intersection.go:201: 2026-05-07T16:48:11.305448501+02:00: Making GET request to host bar.anotherwildcard.io via http://172.18.255.210/s4
=== CONT  TestConformance/HTTPRouteHostnameIntersection/HTTPRoutes_that_do_intersect_with_listener_hostnames/18_request_to_'foo.anotherwildcard.io/s4'_should_go_to_infra-backend-v1
    httproute-hostname-intersection.go:201: 2026-05-07T16:48:11.305558723+02:00: Making GET request to host foo.anotherwildcard.io via http://172.18.255.210/s4
=== NAME  TestConformance/HTTPRouteHostnameIntersection/HTTPRoutes_that_do_intersect_with_listener_hostnames/0_request_to_'very.specific.com/s1'_should_go_to_infra-backend-v1
    httproute-hostname-intersection.go:201: 2026-05-07T16:48:11.304953761+02:00: Making GET request to host very.specific.com via http://172.18.255.210/s1
=== NAME  TestConformance/HTTPRouteHostnameIntersection/HTTPRoutes_that_do_intersect_with_listener_hostnames/3_request_to_'foo.nonmatchingwildcard.io/s1'_should_receive_one_of_[]
    httproute-hostname-intersection.go:201: 2026-05-07T16:48:11.305014321+02:00: Making GET request to host foo.nonmatchingwildcard.io via http://172.18.255.210/s1
=== NAME  TestConformance/HTTPRouteHostnameIntersection/HTTPRoutes_that_do_intersect_with_listener_hostnames/22_request_to_'foo.wildcard.io/s4'_should_receive_one_of_[]
    http.go:291: 2026-05-07T16:48:11.323751125+02:00: Request passed
=== NAME  TestConformance/HTTPRouteHostnameIntersection/HTTPRoutes_that_do_intersect_with_listener_hostnames/21_request_to_'anotherwildcard.io/s4'_should_receive_one_of_[]
    http.go:291: 2026-05-07T16:48:11.323769516+02:00: Request passed
=== CONT  TestConformance/HTTPRouteHostnameIntersection/HTTPRoutes_that_do_intersect_with_listener_hostnames/2_request_to_'non.matching.com/s1'_should_receive_one_of_[]
=== CONT  TestConformance/HTTPRouteHostnameIntersection/HTTPRoutes_that_do_intersect_with_listener_hostnames/1_request_to_'very.specific.com:1234/s1'_should_go_to_infra-backend-v1
=== NAME  TestConformance/HTTPRouteHostnameIntersection/HTTPRoutes_that_do_intersect_with_listener_hostnames/2_request_to_'non.matching.com/s1'_should_receive_one_of_[]
    httproute-hostname-intersection.go:201: 2026-05-07T16:48:11.323823597+02:00: Making GET request to host non.matching.com via http://172.18.255.210/s1
=== NAME  TestConformance/HTTPRouteHostnameIntersection/HTTPRoutes_that_do_intersect_with_listener_hostnames/1_request_to_'very.specific.com:1234/s1'_should_go_to_infra-backend-v1
    httproute-hostname-intersection.go:201: 2026-05-07T16:48:11.323839029+02:00: Making GET request to host very.specific.com:1234 via http://172.18.255.210/s1
=== NAME  TestConformance/HTTPRouteHostnameIntersection/HTTPRoutes_that_do_intersect_with_listener_hostnames/17_request_to_'very.specific.com/non-matching-prefix'_should_receive_one_of_[]
    http.go:291: 2026-05-07T16:48:11.323994028+02:00: Request passed
=== NAME  TestConformance/HTTPRouteHostnameIntersection/HTTPRoutes_that_do_intersect_with_listener_hostnames/12_request_to_'foo.wildcard.io/non-matching-prefix'_should_receive_one_of_[]
    http.go:291: 2026-05-07T16:48:11.323939927+02:00: Request passed
=== CONT  TestConformance/HTTPRouteHostnameIntersection/HTTPRoutes_that_do_intersect_with_listener_hostnames/9_request_to_'non.matching.com/s2'_should_receive_one_of_[]
=== CONT  TestConformance/HTTPRouteHostnameIntersection/HTTPRoutes_that_do_intersect_with_listener_hostnames/11_request_to_'very.specific.com/s2'_should_receive_one_of_[]
=== NAME  TestConformance/HTTPRouteHostnameIntersection/HTTPRoutes_that_do_intersect_with_listener_hostnames/9_request_to_'non.matching.com/s2'_should_receive_one_of_[]
    httproute-hostname-intersection.go:201: 2026-05-07T16:48:11.324052393+02:00: Making GET request to host non.matching.com via http://172.18.255.210/s2
=== NAME  TestConformance/HTTPRouteHostnameIntersection/HTTPRoutes_that_do_intersect_with_listener_hostnames/11_request_to_'very.specific.com/s2'_should_receive_one_of_[]
    httproute-hostname-intersection.go:201: 2026-05-07T16:48:11.324060714+02:00: Making GET request to host very.specific.com via http://172.18.255.210/s2
=== NAME  TestConformance/HTTPRouteHostnameIntersection/HTTPRoutes_that_do_intersect_with_listener_hostnames/23_request_to_'very.specific.com/s4'_should_receive_one_of_[]
    http.go:291: 2026-05-07T16:48:11.324247276+02:00: Request passed
=== CONT  TestConformance/HTTPRouteHostnameIntersection/HTTPRoutes_that_do_intersect_with_listener_hostnames/10_request_to_'wildcard.io/s2'_should_receive_one_of_[]
    httproute-hostname-intersection.go:201: 2026-05-07T16:48:11.324319988+02:00: Making GET request to host wildcard.io via http://172.18.255.210/s2
=== NAME  TestConformance/HTTPRouteHostnameIntersection/HTTPRoutes_that_do_intersect_with_listener_hostnames/24_request_to_'foo.anotherwildcard.io/non-matching-prefix'_should_receive_one_of_[]
    http.go:291: 2026-05-07T16:48:11.32860851+02:00: Request passed
=== CONT  TestConformance/HTTPRouteHostnameIntersection/HTTPRoutes_that_do_intersect_with_listener_hostnames/15_request_to_'foo.specific.com/s3'_should_receive_one_of_[]
    httproute-hostname-intersection.go:201: 2026-05-07T16:48:11.328724608+02:00: Making GET request to host foo.specific.com via http://172.18.255.210/s3
=== NAME  TestConformance/HTTPRouteHostnameIntersection/HTTPRoutes_that_do_intersect_with_listener_hostnames/3_request_to_'foo.nonmatchingwildcard.io/s1'_should_receive_one_of_[]
    http.go:291: 2026-05-07T16:48:11.344132096+02:00: Request passed
=== CONT  TestConformance/HTTPRouteHostnameIntersection/HTTPRoutes_that_do_intersect_with_listener_hostnames/16_request_to_'foo.wildcard.io/s3'_should_receive_one_of_[]
    httproute-hostname-intersection.go:201: 2026-05-07T16:48:11.344225308+02:00: Making GET request to host foo.wildcard.io via http://172.18.255.210/s3
=== NAME  TestConformance/HTTPRouteHostnameIntersection/HTTPRoutes_that_do_intersect_with_listener_hostnames/9_request_to_'non.matching.com/s2'_should_receive_one_of_[]
    http.go:291: 2026-05-07T16:48:11.361001635+02:00: Request passed
=== CONT  TestConformance/HTTPRouteHostnameIntersection/HTTPRoutes_that_do_intersect_with_listener_hostnames/5_request_to_'very.specific.com/non-matching-prefix'_should_receive_one_of_[]
    httproute-hostname-intersection.go:201: 2026-05-07T16:48:11.361059282+02:00: Making GET request to host very.specific.com via http://172.18.255.210/non-matching-prefix
=== NAME  TestConformance/HTTPRouteHostnameIntersection/HTTPRoutes_that_do_intersect_with_listener_hostnames/11_request_to_'very.specific.com/s2'_should_receive_one_of_[]
    http.go:291: 2026-05-07T16:48:11.361109533+02:00: Request passed
=== CONT  TestConformance/HTTPRouteHostnameIntersection/HTTPRoutes_that_do_intersect_with_listener_hostnames/14_request_to_'non.matching.com/s3'_should_receive_one_of_[]
    httproute-hostname-intersection.go:201: 2026-05-07T16:48:11.361147706+02:00: Making GET request to host non.matching.com via http://172.18.255.210/s3
=== NAME  TestConformance/HTTPRouteHostnameIntersection/HTTPRoutes_that_do_intersect_with_listener_hostnames/19_request_to_'bar.anotherwildcard.io/s4'_should_go_to_infra-backend-v1
    http.go:291: 2026-05-07T16:48:11.361251542+02:00: Request passed
=== CONT  TestConformance/HTTPRouteHostnameIntersection/HTTPRoutes_that_do_intersect_with_listener_hostnames/4_request_to_'foo.wildcard.io/s1'_should_receive_one_of_[]
    httproute-hostname-intersection.go:201: 2026-05-07T16:48:11.361295639+02:00: Making GET request to host foo.wildcard.io via http://172.18.255.210/s1
=== NAME  TestConformance/HTTPRouteHostnameIntersection/HTTPRoutes_that_do_intersect_with_listener_hostnames/15_request_to_'foo.specific.com/s3'_should_receive_one_of_[]
    http.go:291: 2026-05-07T16:48:11.361340635+02:00: Request passed
=== CONT  TestConformance/HTTPRouteHostnameIntersection/HTTPRoutes_that_do_intersect_with_listener_hostnames/8_request_to_'foo.bar.wildcard.io/s2'_should_go_to_infra-backend-v2
    httproute-hostname-intersection.go:201: 2026-05-07T16:48:11.361382627+02:00: Making GET request to host foo.bar.wildcard.io via http://172.18.255.210/s2
=== NAME  TestConformance/HTTPRouteHostnameIntersection/HTTPRoutes_that_do_intersect_with_listener_hostnames/6_request_to_'foo.wildcard.io/s2'_should_go_to_infra-backend-v2
    http.go:291: 2026-05-07T16:48:11.36144164+02:00: Request passed
=== CONT  TestConformance/HTTPRouteHostnameIntersection/HTTPRoutes_that_do_intersect_with_listener_hostnames/13_request_to_'very.specific.com/s3'_should_go_to_infra-backend-v3
    httproute-hostname-intersection.go:201: 2026-05-07T16:48:11.361493501+02:00: Making GET request to host very.specific.com via http://172.18.255.210/s3
=== NAME  TestConformance/HTTPRouteHostnameIntersection/HTTPRoutes_that_do_intersect_with_listener_hostnames/2_request_to_'non.matching.com/s1'_should_receive_one_of_[]
    http.go:291: 2026-05-07T16:48:11.362117129+02:00: Request passed
=== CONT  TestConformance/HTTPRouteHostnameIntersection/HTTPRoutes_that_do_intersect_with_listener_hostnames/7_request_to_'bar.wildcard.io/s2'_should_go_to_infra-backend-v2
    httproute-hostname-intersection.go:201: 2026-05-07T16:48:11.362157634+02:00: Making GET request to host bar.wildcard.io via http://172.18.255.210/s2
=== NAME  TestConformance/HTTPRouteHostnameIntersection/HTTPRoutes_that_do_intersect_with_listener_hostnames/10_request_to_'wildcard.io/s2'_should_receive_one_of_[]
    http.go:291: 2026-05-07T16:48:11.362246794+02:00: Request passed
=== NAME  TestConformance/HTTPRouteHostnameIntersection/HTTPRoutes_that_do_intersect_with_listener_hostnames/18_request_to_'foo.anotherwildcard.io/s4'_should_go_to_infra-backend-v1
    http.go:291: 2026-05-07T16:48:11.369793679+02:00: Request passed
=== NAME  TestConformance/HTTPRouteHostnameIntersection/HTTPRoutes_that_do_intersect_with_listener_hostnames/0_request_to_'very.specific.com/s1'_should_go_to_infra-backend-v1
    http.go:291: 2026-05-07T16:48:11.369926958+02:00: Request passed
=== NAME  TestConformance/HTTPRouteHostnameIntersection/HTTPRoutes_that_do_intersect_with_listener_hostnames/16_request_to_'foo.wildcard.io/s3'_should_receive_one_of_[]
    http.go:291: 2026-05-07T16:48:11.385721509+02:00: Request passed
=== NAME  TestConformance/HTTPRouteHostnameIntersection/HTTPRoutes_that_do_intersect_with_listener_hostnames/20_request_to_'foo.bar.anotherwildcard.io/s4'_should_go_to_infra-backend-v1
    http.go:291: 2026-05-07T16:48:11.386137716+02:00: Request passed
=== NAME  TestConformance/HTTPRouteHostnameIntersection/HTTPRoutes_that_do_intersect_with_listener_hostnames/4_request_to_'foo.wildcard.io/s1'_should_receive_one_of_[]
    http.go:291: 2026-05-07T16:48:11.393637567+02:00: Request passed
=== NAME  TestConformance/HTTPRouteHostnameIntersection/HTTPRoutes_that_do_intersect_with_listener_hostnames/5_request_to_'very.specific.com/non-matching-prefix'_should_receive_one_of_[]
    http.go:291: 2026-05-07T16:48:11.393663539+02:00: Request passed
=== NAME  TestConformance/HTTPRouteHostnameIntersection/HTTPRoutes_that_do_intersect_with_listener_hostnames/14_request_to_'non.matching.com/s3'_should_receive_one_of_[]
    http.go:291: 2026-05-07T16:48:11.3937741+02:00: Request passed
=== NAME  TestConformance/HTTPRouteHostnameIntersection/HTTPRoutes_that_do_intersect_with_listener_hostnames/1_request_to_'very.specific.com:1234/s1'_should_go_to_infra-backend-v1
    http.go:291: 2026-05-07T16:48:11.395403654+02:00: Request passed
=== NAME  TestConformance/HTTPRouteHostnameIntersection/HTTPRoutes_that_do_intersect_with_listener_hostnames/8_request_to_'foo.bar.wildcard.io/s2'_should_go_to_infra-backend-v2
    http.go:291: 2026-05-07T16:48:11.409420433+02:00: Request passed
=== NAME  TestConformance/HTTPRouteHostnameIntersection/HTTPRoutes_that_do_intersect_with_listener_hostnames/13_request_to_'very.specific.com/s3'_should_go_to_infra-backend-v3
    http.go:291: 2026-05-07T16:48:11.409479783+02:00: Request passed
=== NAME  TestConformance/HTTPRouteHostnameIntersection/HTTPRoutes_that_do_intersect_with_listener_hostnames/7_request_to_'bar.wildcard.io/s2'_should_go_to_infra-backend-v2
    http.go:291: 2026-05-07T16:48:11.412204061+02:00: Request passed
=== RUN   TestConformance/HTTPRouteHostnameIntersection/HTTPRoutes_that_do_not_intersect_with_listener_hostnames
    helpers.go:812: 2026-05-07T16:48:11.422077311+02:00: Conditions matched expectations
    helpers.go:812: 2026-05-07T16:48:11.422120058+02:00: Route gateway-conformance-infra/no-intersecting-hosts Parents matched expectations
=== RUN   TestConformance/HTTPRouteHostnameIntersection/HTTPRoutes_that_do_not_intersect_with_listener_hostnames/0_request_to_'specific.but.wrong.com/s5'_should_receive_one_of_[]
=== PAUSE TestConformance/HTTPRouteHostnameIntersection/HTTPRoutes_that_do_not_intersect_with_listener_hostnames/0_request_to_'specific.but.wrong.com/s5'_should_receive_one_of_[]
=== RUN   TestConformance/HTTPRouteHostnameIntersection/HTTPRoutes_that_do_not_intersect_with_listener_hostnames/1_request_to_'wildcard.io/s5'_should_receive_one_of_[]
=== PAUSE TestConformance/HTTPRouteHostnameIntersection/HTTPRoutes_that_do_not_intersect_with_listener_hostnames/1_request_to_'wildcard.io/s5'_should_receive_one_of_[]
=== CONT  TestConformance/HTTPRouteHostnameIntersection/HTTPRoutes_that_do_not_intersect_with_listener_hostnames/0_request_to_'specific.but.wrong.com/s5'_should_receive_one_of_[]
=== CONT  TestConformance/HTTPRouteHostnameIntersection/HTTPRoutes_that_do_not_intersect_with_listener_hostnames/1_request_to_'wildcard.io/s5'_should_receive_one_of_[]
=== NAME  TestConformance/HTTPRouteHostnameIntersection/HTTPRoutes_that_do_not_intersect_with_listener_hostnames/0_request_to_'specific.but.wrong.com/s5'_should_receive_one_of_[]
    httproute-hostname-intersection.go:241: 2026-05-07T16:48:11.422297093+02:00: Making GET request to host specific.but.wrong.com via http://172.18.255.210/s5
=== NAME  TestConformance/HTTPRouteHostnameIntersection/HTTPRoutes_that_do_not_intersect_with_listener_hostnames/1_request_to_'wildcard.io/s5'_should_receive_one_of_[]
    httproute-hostname-intersection.go:241: 2026-05-07T16:48:11.422308306+02:00: Making GET request to host wildcard.io via http://172.18.255.210/s5
    http.go:291: 2026-05-07T16:48:11.423418865+02:00: Request passed
=== NAME  TestConformance/HTTPRouteHostnameIntersection/HTTPRoutes_that_do_not_intersect_with_listener_hostnames/0_request_to_'specific.but.wrong.com/s5'_should_receive_one_of_[]
    http.go:291: 2026-05-07T16:48:11.423533492+02:00: Request passed
=== RUN   TestConformance/HTTPRouteHostnameIntersection/HTTPRoutes_have_to_be_counted_in_AttachedRoutes_only_if_they_are_Accepted
    helpers.go:917: 2026-05-07T16:48:11.42668124+02:00: Conditions matched expectations
    helpers.go:917: 2026-05-07T16:48:11.426709257+02:00: Conditions matched expectations
    helpers.go:917: 2026-05-07T16:48:11.426720159+02:00: Conditions matched expectations
    helpers.go:917: 2026-05-07T16:48:11.426728215+02:00: Gateway status listeners matched expectations
=== RUN   TestConformance/HTTPRouteHostnameIntersection/HTTPRoutes_intersects_with_an_unspecified_hostname_listener
    helpers.go:812: 2026-05-07T16:48:11.430611101+02:00: Conditions matched expectations
    helpers.go:812: 2026-05-07T16:48:11.430644528+02:00: Route gateway-conformance-infra/httproute-hostname-intersection-all Parents matched expectations
=== RUN   TestConformance/HTTPRouteHostnameIntersection/HTTPRoutes_intersects_with_an_unspecified_hostname_listener/0_request_to_'first.com/'_should_go_to_infra-backend-v2
=== PAUSE TestConformance/HTTPRouteHostnameIntersection/HTTPRoutes_intersects_with_an_unspecified_hostname_listener/0_request_to_'first.com/'_should_go_to_infra-backend-v2
=== RUN   TestConformance/HTTPRouteHostnameIntersection/HTTPRoutes_intersects_with_an_unspecified_hostname_listener/1_request_to_'sub.first.com/'_should_go_to_infra-backend-v2
=== PAUSE TestConformance/HTTPRouteHostnameIntersection/HTTPRoutes_intersects_with_an_unspecified_hostname_listener/1_request_to_'sub.first.com/'_should_go_to_infra-backend-v2
=== RUN   TestConformance/HTTPRouteHostnameIntersection/HTTPRoutes_intersects_with_an_unspecified_hostname_listener/2_request_to_'second.com/'_should_go_to_infra-backend-v2
=== PAUSE TestConformance/HTTPRouteHostnameIntersection/HTTPRoutes_intersects_with_an_unspecified_hostname_listener/2_request_to_'second.com/'_should_go_to_infra-backend-v2
=== RUN   TestConformance/HTTPRouteHostnameIntersection/HTTPRoutes_intersects_with_an_unspecified_hostname_listener/3_request_to_'sub.second.com/'_should_go_to_infra-backend-v2
=== PAUSE TestConformance/HTTPRouteHostnameIntersection/HTTPRoutes_intersects_with_an_unspecified_hostname_listener/3_request_to_'sub.second.com/'_should_go_to_infra-backend-v2
=== RUN   TestConformance/HTTPRouteHostnameIntersection/HTTPRoutes_intersects_with_an_unspecified_hostname_listener/4_request_to_'third.com/'_should_receive_one_of_[]
=== PAUSE TestConformance/HTTPRouteHostnameIntersection/HTTPRoutes_intersects_with_an_unspecified_hostname_listener/4_request_to_'third.com/'_should_receive_one_of_[]
=== RUN   TestConformance/HTTPRouteHostnameIntersection/HTTPRoutes_intersects_with_an_unspecified_hostname_listener/5_request_to_'sub.third.com/'_should_receive_one_of_[]
=== PAUSE TestConformance/HTTPRouteHostnameIntersection/HTTPRoutes_intersects_with_an_unspecified_hostname_listener/5_request_to_'sub.third.com/'_should_receive_one_of_[]
=== CONT  TestConformance/HTTPRouteHostnameIntersection/HTTPRoutes_intersects_with_an_unspecified_hostname_listener/0_request_to_'first.com/'_should_go_to_infra-backend-v2
=== CONT  TestConformance/HTTPRouteHostnameIntersection/HTTPRoutes_intersects_with_an_unspecified_hostname_listener/3_request_to_'sub.second.com/'_should_go_to_infra-backend-v2
=== CONT  TestConformance/HTTPRouteHostnameIntersection/HTTPRoutes_intersects_with_an_unspecified_hostname_listener/2_request_to_'second.com/'_should_go_to_infra-backend-v2
=== CONT  TestConformance/HTTPRouteHostnameIntersection/HTTPRoutes_intersects_with_an_unspecified_hostname_listener/5_request_to_'sub.third.com/'_should_receive_one_of_[]
=== NAME  TestConformance/HTTPRouteHostnameIntersection/HTTPRoutes_intersects_with_an_unspecified_hostname_listener/0_request_to_'first.com/'_should_go_to_infra-backend-v2
    httproute-hostname-intersection.go:365: 2026-05-07T16:48:11.434272073+02:00: Making GET request to host first.com via http://172.18.255.211/
=== NAME  TestConformance/HTTPRouteHostnameIntersection/HTTPRoutes_intersects_with_an_unspecified_hostname_listener/3_request_to_'sub.second.com/'_should_go_to_infra-backend-v2
    httproute-hostname-intersection.go:365: 2026-05-07T16:48:11.434284298+02:00: Making GET request to host sub.second.com via http://172.18.255.211/
=== CONT  TestConformance/HTTPRouteHostnameIntersection/HTTPRoutes_intersects_with_an_unspecified_hostname_listener/4_request_to_'third.com/'_should_receive_one_of_[]
=== NAME  TestConformance/HTTPRouteHostnameIntersection/HTTPRoutes_intersects_with_an_unspecified_hostname_listener/2_request_to_'second.com/'_should_go_to_infra-backend-v2
    httproute-hostname-intersection.go:365: 2026-05-07T16:48:11.434290297+02:00: Making GET request to host second.com via http://172.18.255.211/
=== CONT  TestConformance/HTTPRouteHostnameIntersection/HTTPRoutes_intersects_with_an_unspecified_hostname_listener/1_request_to_'sub.first.com/'_should_go_to_infra-backend-v2
=== NAME  TestConformance/HTTPRouteHostnameIntersection/HTTPRoutes_intersects_with_an_unspecified_hostname_listener/5_request_to_'sub.third.com/'_should_receive_one_of_[]
    httproute-hostname-intersection.go:365: 2026-05-07T16:48:11.434311694+02:00: Making GET request to host sub.third.com via http://172.18.255.211/
=== NAME  TestConformance/HTTPRouteHostnameIntersection/HTTPRoutes_intersects_with_an_unspecified_hostname_listener/4_request_to_'third.com/'_should_receive_one_of_[]
    httproute-hostname-intersection.go:365: 2026-05-07T16:48:11.434324611+02:00: Making GET request to host third.com via http://172.18.255.211/
=== NAME  TestConformance/HTTPRouteHostnameIntersection/HTTPRoutes_intersects_with_an_unspecified_hostname_listener/1_request_to_'sub.first.com/'_should_go_to_infra-backend-v2
    httproute-hostname-intersection.go:365: 2026-05-07T16:48:11.434335225+02:00: Making GET request to host sub.first.com via http://172.18.255.211/
=== NAME  TestConformance/HTTPRouteHostnameIntersection/HTTPRoutes_intersects_with_an_unspecified_hostname_listener/4_request_to_'third.com/'_should_receive_one_of_[]
    http.go:291: 2026-05-07T16:48:11.448261997+02:00: Request passed
=== NAME  TestConformance/HTTPRouteHostnameIntersection/HTTPRoutes_intersects_with_an_unspecified_hostname_listener/5_request_to_'sub.third.com/'_should_receive_one_of_[]
    http.go:291: 2026-05-07T16:48:11.454965183+02:00: Request passed
=== NAME  TestConformance/HTTPRouteHostnameIntersection/HTTPRoutes_intersects_with_an_unspecified_hostname_listener/3_request_to_'sub.second.com/'_should_go_to_infra-backend-v2
    http.go:291: 2026-05-07T16:48:11.473383886+02:00: Request passed
=== NAME  TestConformance/HTTPRouteHostnameIntersection/HTTPRoutes_intersects_with_an_unspecified_hostname_listener/0_request_to_'first.com/'_should_go_to_infra-backend-v2
    http.go:291: 2026-05-07T16:48:11.473383893+02:00: Request passed
=== NAME  TestConformance/HTTPRouteHostnameIntersection/HTTPRoutes_intersects_with_an_unspecified_hostname_listener/1_request_to_'sub.first.com/'_should_go_to_infra-backend-v2
    http.go:291: 2026-05-07T16:48:11.473438587+02:00: Request passed
=== NAME  TestConformance/HTTPRouteHostnameIntersection/HTTPRoutes_intersects_with_an_unspecified_hostname_listener/2_request_to_'second.com/'_should_go_to_infra-backend-v2
    http.go:291: 2026-05-07T16:48:11.473472734+02:00: Request passed
=== NAME  TestConformance/HTTPRouteHostnameIntersection
    apply.go:283: 2026-05-07T16:48:11.473508619+02:00: Deleting httproute-hostname-intersection-all HTTPRoute
    apply.go:283: 2026-05-07T16:48:11.486332954+02:00: Deleting no-intersecting-hosts HTTPRoute
    apply.go:283: 2026-05-07T16:48:11.501392849+02:00: Deleting wildcard-host-matches-listener-wildcard-host HTTPRoute
    apply.go:283: 2026-05-07T16:48:11.515674514+02:00: Deleting wildcard-host-matches-listener-specific-host HTTPRoute
    apply.go:283: 2026-05-07T16:48:11.525670201+02:00: Deleting specific-host-matches-listener-wildcard-host HTTPRoute
    apply.go:283: 2026-05-07T16:48:11.540054072+02:00: Deleting specific-host-matches-listener-specific-host HTTPRoute
    apply.go:283: 2026-05-07T16:48:11.550981646+02:00: Deleting httproute-hostname-intersection-all Gateway
    apply.go:283: 2026-05-07T16:48:11.580833259+02:00: Deleting httproute-hostname-intersection Gateway
=== RUN   TestConformance/HTTPRouteHTTPSListenerDetectMisdirectedRequests
    conformance.go:54: Skipping HTTPRouteHTTPSListenerDetectMisdirectedRequests: suite does not support GatewayHTTPSListenerDetectMisdirectedRequests
=== RUN   TestConformance/HTTPRouteHTTPSListener
    conformance.go:70: 2026-05-07T16:48:11.593750661+02:00: Applying tests/httproute-https-listener.yaml
    apply.go:275: 2026-05-07T16:48:11.62502018+02:00: Creating httproute-https-test HTTPRoute
    apply.go:275: 2026-05-07T16:48:11.65703963+02:00: Creating httproute-https-test-no-hostname HTTPRoute
    conformance.go:75: 2026-05-07T16:48:11.669996698+02:00: Running HTTPRouteHTTPSListener, relying on the following features: Gateway-standard, HTTPRoute-standard
    helpers.go:812: 2026-05-07T16:48:11.720231734+02:00: Conditions matched expectations
    helpers.go:812: 2026-05-07T16:48:11.720296712+02:00: Route gateway-conformance-infra/httproute-https-test Parents matched expectations
    helpers.go:812: 2026-05-07T16:48:11.823521599+02:00: Conditions matched expectations
    helpers.go:812: 2026-05-07T16:48:11.823570741+02:00: Route gateway-conformance-infra/httproute-https-test-no-hostname Parents matched expectations
=== RUN   TestConformance/HTTPRouteHTTPSListener/0_request_to_'example.org/'_should_go_to_infra-backend-v1
    httproute-https-listener.go:77: 2026-05-07T16:48:11.852091773+02:00: Making GET request to host example.org via https://172.18.255.206/
    tls.go:90: 2026-05-07T16:48:11.896985956+02:00: Request passed
=== RUN   TestConformance/HTTPRouteHTTPSListener/1_request_to_'unknown-example.org/'_should_receive_one_of_[]
    httproute-https-listener.go:77: 2026-05-07T16:48:11.897095903+02:00: Making GET request to host unknown-example.org via https://172.18.255.206/
    tls.go:90: 2026-05-07T16:48:11.902937661+02:00: Request passed
=== RUN   TestConformance/HTTPRouteHTTPSListener/2_request_to_'second-example.org/'_should_go_to_infra-backend-v2
    httproute-https-listener.go:77: 2026-05-07T16:48:11.90301177+02:00: Making GET request to host second-example.org via https://172.18.255.206/
    tls.go:90: 2026-05-07T16:48:11.930617949+02:00: Request passed
=== NAME  TestConformance/HTTPRouteHTTPSListener
    apply.go:283: 2026-05-07T16:48:11.930668596+02:00: Deleting httproute-https-test-no-hostname HTTPRoute
    apply.go:283: 2026-05-07T16:48:11.945638646+02:00: Deleting httproute-https-test HTTPRoute
=== RUN   TestConformance/HTTPRouteInvalidBackendRefUnknownKind
    conformance.go:70: 2026-05-07T16:48:11.955929462+02:00: Applying tests/httproute-invalid-backendref-unknown-kind.yaml
    apply.go:275: 2026-05-07T16:48:11.962375629+02:00: Creating invalid-backend-ref-unknown-kind HTTPRoute
    conformance.go:75: 2026-05-07T16:48:11.973361526+02:00: Running HTTPRouteInvalidBackendRefUnknownKind, relying on the following features: Gateway-standard, HTTPRoute-standard
    helpers.go:812: 2026-05-07T16:48:12.084011305+02:00: Conditions matched expectations
    helpers.go:812: 2026-05-07T16:48:12.084058488+02:00: Route gateway-conformance-infra/invalid-backend-ref-unknown-kind Parents matched expectations
=== RUN   TestConformance/HTTPRouteInvalidBackendRefUnknownKind/HTTPRoute_with_Invalid_Kind_has_a_ResolvedRefs_Condition_with_status_False_and_Reason_InvalidKind
=== RUN   TestConformance/HTTPRouteInvalidBackendRefUnknownKind/HTTP_Request_to_invalid_backend_with_invalid_Kind_receives_a_500
    httproute-invalid-backendref-unknown-kind.go:63: 2026-05-07T16:48:12.088460615+02:00: Making GET request to host  via http://172.18.255.205/v2
    http.go:291: 2026-05-07T16:48:12.089830656+02:00: Request passed
=== NAME  TestConformance/HTTPRouteInvalidBackendRefUnknownKind
    apply.go:283: 2026-05-07T16:48:12.089874573+02:00: Deleting invalid-backend-ref-unknown-kind HTTPRoute
=== RUN   TestConformance/HTTPRouteInvalidCrossNamespaceBackendRef
    conformance.go:54: Skipping HTTPRouteInvalidCrossNamespaceBackendRef: suite does not support ReferenceGrant
=== RUN   TestConformance/HTTPRouteInvalidCrossNamespaceParentRef
    conformance.go:70: 2026-05-07T16:48:12.100377534+02:00: Applying tests/httproute-invalid-cross-namespace-parent-ref.yaml
    apply.go:275: 2026-05-07T16:48:12.113699916+02:00: Creating invalid-cross-namespace-parent-ref HTTPRoute
    conformance.go:75: 2026-05-07T16:48:12.124336773+02:00: Running HTTPRouteInvalidCrossNamespaceParentRef, relying on the following features: Gateway-standard, HTTPRoute-standard
=== RUN   TestConformance/HTTPRouteInvalidCrossNamespaceParentRef/HTTPRoute_should_have_an_Accepted:_false_condition_with_reason_NotAllowedByListeners
=== RUN   TestConformance/HTTPRouteInvalidCrossNamespaceParentRef/Route_should_not_have_Parents_set_in_status
    helpers.go:712: 2026-05-07T16:48:12.230693441+02:00: Conditions matched expectations
=== RUN   TestConformance/HTTPRouteInvalidCrossNamespaceParentRef/Gateway_should_have_0_Routes_attached
=== NAME  TestConformance/HTTPRouteInvalidCrossNamespaceParentRef
    apply.go:283: 2026-05-07T16:48:12.233209634+02:00: Deleting invalid-cross-namespace-parent-ref HTTPRoute
=== RUN   TestConformance/HTTPRouteInvalidNonExistentBackendRef
    conformance.go:70: 2026-05-07T16:48:12.244129946+02:00: Applying tests/httproute-invalid-nonexistent-backendref.yaml
    apply.go:275: 2026-05-07T16:48:12.249861287+02:00: Creating invalid-nonexistent-backend-ref HTTPRoute
    conformance.go:75: 2026-05-07T16:48:12.260369786+02:00: Running HTTPRouteInvalidNonExistentBackendRef, relying on the following features: Gateway-standard, HTTPRoute-standard
    helpers.go:812: 2026-05-07T16:48:12.366463741+02:00: Conditions matched expectations
    helpers.go:812: 2026-05-07T16:48:12.36651244+02:00: Route gateway-conformance-infra/invalid-nonexistent-backend-ref Parents matched expectations
=== RUN   TestConformance/HTTPRouteInvalidNonExistentBackendRef/HTTPRoute_with_only_a_nonexistent_BackendRef_has_a_ResolvedRefs_Condition_with_status_False_and_Reason_BackendNotFound
=== RUN   TestConformance/HTTPRouteInvalidNonExistentBackendRef/HTTP_Request_to_invalid_nonexistent_backend_receive_a_500
    httproute-invalid-nonexistent-backendref.go:62: 2026-05-07T16:48:12.370311448+02:00: Making GET request to host  via http://172.18.255.205/
    http.go:291: 2026-05-07T16:48:12.391302158+02:00: Request passed
=== NAME  TestConformance/HTTPRouteInvalidNonExistentBackendRef
    apply.go:283: 2026-05-07T16:48:12.391355799+02:00: Deleting invalid-nonexistent-backend-ref HTTPRoute
=== RUN   TestConformance/HTTPRouteInvalidParentRefNotMatchingListenerPort
    conformance.go:54: Skipping HTTPRouteInvalidParentRefNotMatchingListenerPort: suite does not support HTTPRouteDestinationPortMatching
=== RUN   TestConformance/HTTPRouteInvalidParentRefNotMatchingSectionName
    conformance.go:70: 2026-05-07T16:48:12.417106048+02:00: Applying tests/httproute-invalid-parentref-not-matching-section-name.yaml
    apply.go:275: 2026-05-07T16:48:12.429227775+02:00: Creating httproute-listener-not-matching-section-name HTTPRoute
    conformance.go:75: 2026-05-07T16:48:12.440132958+02:00: Running HTTPRouteInvalidParentRefNotMatchingSectionName, relying on the following features: Gateway-standard, HTTPRoute-standard
=== RUN   TestConformance/HTTPRouteInvalidParentRefNotMatchingSectionName/HTTPRoute_with_no_matching_sectionName_in_ParentRef_has_an_Accepted_Condition_with_status_False_and_Reason_NoMatchingParent
=== RUN   TestConformance/HTTPRouteInvalidParentRefNotMatchingSectionName/Route_should_not_have_Parents_accepted_in_status
    helpers.go:712: 2026-05-07T16:48:12.545026988+02:00: Conditions matched expectations
=== RUN   TestConformance/HTTPRouteInvalidParentRefNotMatchingSectionName/Gateway_should_have_0_Routes_attached
=== NAME  TestConformance/HTTPRouteInvalidParentRefNotMatchingSectionName
    apply.go:283: 2026-05-07T16:48:12.547113601+02:00: Deleting httproute-listener-not-matching-section-name HTTPRoute
=== RUN   TestConformance/HTTPRouteInvalidParentRefSectionNameNotMatchingPort
    conformance.go:54: Skipping HTTPRouteInvalidParentRefSectionNameNotMatchingPort: suite does not support HTTPRouteParentRefPort
=== RUN   TestConformance/HTTPRouteInvalidReferenceGrant
    conformance.go:54: Skipping HTTPRouteInvalidReferenceGrant: suite does not support ReferenceGrant
=== RUN   TestConformance/HTTPRouteListenerHostnameMatching
    conformance.go:70: 2026-05-07T16:48:12.556676639+02:00: Applying tests/httproute-listener-hostname-matching.yaml
    apply.go:275: 2026-05-07T16:48:12.562511132+02:00: Creating httproute-listener-hostname-matching Gateway
    apply.go:275: 2026-05-07T16:48:12.575217837+02:00: Creating backend-v1 HTTPRoute
    apply.go:275: 2026-05-07T16:48:12.593228263+02:00: Creating backend-v2 HTTPRoute
    apply.go:275: 2026-05-07T16:48:12.611069999+02:00: Creating backend-v3 HTTPRoute
    conformance.go:75: 2026-05-07T16:48:12.647565234+02:00: Running HTTPRouteListenerHostnameMatching, relying on the following features: Gateway-standard, HTTPRoute-standard
    helpers.go:283: 2026-05-07T16:48:12.651935493+02:00: Programmed condition set to Status False with Reason AddressNotUsable, expected Status True
    helpers.go:283: 2026-05-07T16:48:12.651975795+02:00: Programmed was not in conditions list [[{Accepted True 1 2026-05-07 16:48:12 +0200 CEST Accepted Resource accepted} {Programmed False 1 2026-05-07 16:48:12 +0200 CEST AddressNotUsable Failed to assign to any requested addresses: hostname "httproute-listener-hostname-matching.gateway-conformance-infra.svc.cluster.local" not found}]]
    helpers.go:284: 2026-05-07T16:48:12.652007735+02:00: gateway-conformance-infra/httproute-listener-hostname-matching Gateway not Programmed yet
    helpers.go:283: 2026-05-07T16:48:12.774504988+02:00: Programmed condition set to Status False with Reason AddressNotUsable, expected Status True
    helpers.go:283: 2026-05-07T16:48:12.774551273+02:00: Programmed was not in conditions list [[{Accepted True 1 2026-05-07 16:48:12 +0200 CEST Accepted Resource accepted} {Programmed False 1 2026-05-07 16:48:12 +0200 CEST AddressNotUsable Failed to assign to any requested addresses: hostname "httproute-listener-hostname-matching.gateway-conformance-infra.svc.cluster.local" not found}]]
    helpers.go:284: 2026-05-07T16:48:12.774584633+02:00: gateway-conformance-infra/httproute-listener-hostname-matching Gateway not Programmed yet
    helpers.go:283: 2026-05-07T16:48:12.893924618+02:00: Programmed condition set to Status False with Reason AddressNotUsable, expected Status True
    helpers.go:283: 2026-05-07T16:48:12.893952765+02:00: Programmed was not in conditions list [[{Accepted True 1 2026-05-07 16:48:12 +0200 CEST Accepted Resource accepted} {Programmed False 1 2026-05-07 16:48:12 +0200 CEST AddressNotUsable Failed to assign to any requested addresses: hostname "httproute-listener-hostname-matching.gateway-conformance-infra.svc.cluster.local" not found}]]
    helpers.go:284: 2026-05-07T16:48:12.893982048+02:00: gateway-conformance-infra/httproute-listener-hostname-matching Gateway not Programmed yet
    helpers.go:283: 2026-05-07T16:48:12.951624354+02:00: Programmed condition set to Status False with Reason AddressNotAssigned, expected Status True
    helpers.go:283: 2026-05-07T16:48:12.951654171+02:00: Programmed was not in conditions list [[{Accepted True 1 2026-05-07 16:48:12 +0200 CEST Accepted Resource accepted} {Programmed False 1 2026-05-07 16:48:12 +0200 CEST AddressNotAssigned Failed to assign to any requested addresses: no instances found for hostname "httproute-listener-hostname-matching.gateway-conformance-infra.svc.cluster.local"}]]
    helpers.go:284: 2026-05-07T16:48:12.95168288+02:00: gateway-conformance-infra/httproute-listener-hostname-matching Gateway not Programmed yet
    helpers.go:283: 2026-05-07T16:48:13.051636556+02:00: Programmed condition set to Status False with Reason AddressNotAssigned, expected Status True
    helpers.go:283: 2026-05-07T16:48:13.051667537+02:00: Programmed was not in conditions list [[{Accepted True 1 2026-05-07 16:48:12 +0200 CEST Accepted Resource accepted} {Programmed False 1 2026-05-07 16:48:12 +0200 CEST AddressNotAssigned Failed to assign to any requested addresses: no instances found for hostname "httproute-listener-hostname-matching.gateway-conformance-infra.svc.cluster.local"}]]
    helpers.go:284: 2026-05-07T16:48:13.051701393+02:00: gateway-conformance-infra/httproute-listener-hostname-matching Gateway not Programmed yet
    helpers.go:283: 2026-05-07T16:48:13.151305598+02:00: Programmed condition set to Status False with Reason AddressNotAssigned, expected Status True
    helpers.go:283: 2026-05-07T16:48:13.151334136+02:00: Programmed was not in conditions list [[{Accepted True 1 2026-05-07 16:48:12 +0200 CEST Accepted Resource accepted} {Programmed False 1 2026-05-07 16:48:12 +0200 CEST AddressNotAssigned Failed to assign to any requested addresses: no instances found for hostname "httproute-listener-hostname-matching.gateway-conformance-infra.svc.cluster.local"}]]
    helpers.go:284: 2026-05-07T16:48:13.151361524+02:00: gateway-conformance-infra/httproute-listener-hostname-matching Gateway not Programmed yet
    helpers.go:283: 2026-05-07T16:48:13.252818691+02:00: Programmed condition set to Status False with Reason AddressNotAssigned, expected Status True
    helpers.go:283: 2026-05-07T16:48:13.252850493+02:00: Programmed was not in conditions list [[{Accepted True 1 2026-05-07 16:48:12 +0200 CEST Accepted Resource accepted} {Programmed False 1 2026-05-07 16:48:12 +0200 CEST AddressNotAssigned Failed to assign to any requested addresses: no instances found for hostname "httproute-listener-hostname-matching.gateway-conformance-infra.svc.cluster.local"}]]
    helpers.go:284: 2026-05-07T16:48:13.252877189+02:00: gateway-conformance-infra/httproute-listener-hostname-matching Gateway not Programmed yet
    helpers.go:283: 2026-05-07T16:48:13.353152668+02:00: Programmed condition set to Status False with Reason AddressNotAssigned, expected Status True
    helpers.go:283: 2026-05-07T16:48:13.353191353+02:00: Programmed was not in conditions list [[{Accepted True 1 2026-05-07 16:48:12 +0200 CEST Accepted Resource accepted} {Programmed False 1 2026-05-07 16:48:12 +0200 CEST AddressNotAssigned Failed to assign to any requested addresses: no instances found for hostname "httproute-listener-hostname-matching.gateway-conformance-infra.svc.cluster.local"}]]
    helpers.go:284: 2026-05-07T16:48:13.353212899+02:00: gateway-conformance-infra/httproute-listener-hostname-matching Gateway not Programmed yet
    helpers.go:283: 2026-05-07T16:48:13.451941193+02:00: Programmed condition set to Status False with Reason AddressNotAssigned, expected Status True
    helpers.go:283: 2026-05-07T16:48:13.451975236+02:00: Programmed was not in conditions list [[{Accepted True 1 2026-05-07 16:48:12 +0200 CEST Accepted Resource accepted} {Programmed False 1 2026-05-07 16:48:12 +0200 CEST AddressNotAssigned Failed to assign to any requested addresses: no instances found for hostname "httproute-listener-hostname-matching.gateway-conformance-infra.svc.cluster.local"}]]
    helpers.go:284: 2026-05-07T16:48:13.451999811+02:00: gateway-conformance-infra/httproute-listener-hostname-matching Gateway not Programmed yet
    helpers.go:283: 2026-05-07T16:48:13.551852908+02:00: Programmed condition set to Status False with Reason AddressNotAssigned, expected Status True
    helpers.go:283: 2026-05-07T16:48:13.551883945+02:00: Programmed was not in conditions list [[{Accepted True 1 2026-05-07 16:48:12 +0200 CEST Accepted Resource accepted} {Programmed False 1 2026-05-07 16:48:12 +0200 CEST AddressNotAssigned Failed to assign to any requested addresses: no instances found for hostname "httproute-listener-hostname-matching.gateway-conformance-infra.svc.cluster.local"}]]
    helpers.go:284: 2026-05-07T16:48:13.551907754+02:00: gateway-conformance-infra/httproute-listener-hostname-matching Gateway not Programmed yet
    helpers.go:283: 2026-05-07T16:48:13.651889489+02:00: Programmed condition set to Status False with Reason AddressNotAssigned, expected Status True
    helpers.go:283: 2026-05-07T16:48:13.651934715+02:00: Programmed was not in conditions list [[{Accepted True 1 2026-05-07 16:48:12 +0200 CEST Accepted Resource accepted} {Programmed False 1 2026-05-07 16:48:12 +0200 CEST AddressNotAssigned Failed to assign to any requested addresses: no instances found for hostname "httproute-listener-hostname-matching.gateway-conformance-infra.svc.cluster.local"}]]
    helpers.go:284: 2026-05-07T16:48:13.651969585+02:00: gateway-conformance-infra/httproute-listener-hostname-matching Gateway not Programmed yet
    helpers.go:283: 2026-05-07T16:48:13.752266365+02:00: Programmed condition set to Status False with Reason AddressNotAssigned, expected Status True
    helpers.go:283: 2026-05-07T16:48:13.752302047+02:00: Programmed was not in conditions list [[{Accepted True 1 2026-05-07 16:48:12 +0200 CEST Accepted Resource accepted} {Programmed False 1 2026-05-07 16:48:12 +0200 CEST AddressNotAssigned Failed to assign to any requested addresses: no instances found for hostname "httproute-listener-hostname-matching.gateway-conformance-infra.svc.cluster.local"}]]
    helpers.go:284: 2026-05-07T16:48:13.752340398+02:00: gateway-conformance-infra/httproute-listener-hostname-matching Gateway not Programmed yet
    helpers.go:283: 2026-05-07T16:48:13.858232091+02:00: Programmed condition set to Status False with Reason AddressNotAssigned, expected Status True
    helpers.go:283: 2026-05-07T16:48:13.858276183+02:00: Programmed was not in conditions list [[{Accepted True 1 2026-05-07 16:48:12 +0200 CEST Accepted Resource accepted} {Programmed False 1 2026-05-07 16:48:12 +0200 CEST AddressNotAssigned Failed to assign to any requested addresses: no instances found for hostname "httproute-listener-hostname-matching.gateway-conformance-infra.svc.cluster.local"}]]
    helpers.go:284: 2026-05-07T16:48:13.858341658+02:00: gateway-conformance-infra/httproute-listener-hostname-matching Gateway not Programmed yet
    helpers.go:283: 2026-05-07T16:48:13.953030379+02:00: Programmed condition set to Status False with Reason AddressNotAssigned, expected Status True
    helpers.go:283: 2026-05-07T16:48:13.953073364+02:00: Programmed was not in conditions list [[{Accepted True 1 2026-05-07 16:48:12 +0200 CEST Accepted Resource accepted} {Programmed False 1 2026-05-07 16:48:12 +0200 CEST AddressNotAssigned Failed to assign to any requested addresses: no instances found for hostname "httproute-listener-hostname-matching.gateway-conformance-infra.svc.cluster.local"}]]
    helpers.go:284: 2026-05-07T16:48:13.953108476+02:00: gateway-conformance-infra/httproute-listener-hostname-matching Gateway not Programmed yet
    helpers.go:283: 2026-05-07T16:48:14.0544993+02:00: Programmed condition set to Status False with Reason AddressNotAssigned, expected Status True
    helpers.go:283: 2026-05-07T16:48:14.054549278+02:00: Programmed was not in conditions list [[{Accepted True 1 2026-05-07 16:48:12 +0200 CEST Accepted Resource accepted} {Programmed False 1 2026-05-07 16:48:12 +0200 CEST AddressNotAssigned Failed to assign to any requested addresses: no instances found for hostname "httproute-listener-hostname-matching.gateway-conformance-infra.svc.cluster.local"}]]
    helpers.go:284: 2026-05-07T16:48:14.054584678+02:00: gateway-conformance-infra/httproute-listener-hostname-matching Gateway not Programmed yet
    helpers.go:283: 2026-05-07T16:48:14.159785594+02:00: Programmed condition set to Status False with Reason AddressNotAssigned, expected Status True
    helpers.go:283: 2026-05-07T16:48:14.160611397+02:00: Programmed was not in conditions list [[{Accepted True 1 2026-05-07 16:48:12 +0200 CEST Accepted Resource accepted} {Programmed False 1 2026-05-07 16:48:12 +0200 CEST AddressNotAssigned Failed to assign to any requested addresses: no instances found for hostname "httproute-listener-hostname-matching.gateway-conformance-infra.svc.cluster.local"}]]
    helpers.go:284: 2026-05-07T16:48:14.160661921+02:00: gateway-conformance-infra/httproute-listener-hostname-matching Gateway not Programmed yet
    helpers.go:283: 2026-05-07T16:48:14.259221844+02:00: Programmed condition set to Status False with Reason AddressNotAssigned, expected Status True
    helpers.go:283: 2026-05-07T16:48:14.259258527+02:00: Programmed was not in conditions list [[{Accepted True 1 2026-05-07 16:48:12 +0200 CEST Accepted Resource accepted} {Programmed False 1 2026-05-07 16:48:12 +0200 CEST AddressNotAssigned Failed to assign to any requested addresses: no instances found for hostname "httproute-listener-hostname-matching.gateway-conformance-infra.svc.cluster.local"}]]
    helpers.go:284: 2026-05-07T16:48:14.259291178+02:00: gateway-conformance-infra/httproute-listener-hostname-matching Gateway not Programmed yet
    helpers.go:283: 2026-05-07T16:48:14.355756968+02:00: Programmed condition set to Status False with Reason AddressNotAssigned, expected Status True
    helpers.go:283: 2026-05-07T16:48:14.35580587+02:00: Programmed was not in conditions list [[{Accepted True 1 2026-05-07 16:48:12 +0200 CEST Accepted Resource accepted} {Programmed False 1 2026-05-07 16:48:12 +0200 CEST AddressNotAssigned Failed to assign to any requested addresses: no instances found for hostname "httproute-listener-hostname-matching.gateway-conformance-infra.svc.cluster.local"}]]
    helpers.go:284: 2026-05-07T16:48:14.355846808+02:00: gateway-conformance-infra/httproute-listener-hostname-matching Gateway not Programmed yet
    helpers.go:283: 2026-05-07T16:48:14.452373305+02:00: Programmed condition set to Status False with Reason AddressNotAssigned, expected Status True
    helpers.go:283: 2026-05-07T16:48:14.452408055+02:00: Programmed was not in conditions list [[{Accepted True 1 2026-05-07 16:48:12 +0200 CEST Accepted Resource accepted} {Programmed False 1 2026-05-07 16:48:12 +0200 CEST AddressNotAssigned Failed to assign to any requested addresses: no instances found for hostname "httproute-listener-hostname-matching.gateway-conformance-infra.svc.cluster.local"}]]
    helpers.go:284: 2026-05-07T16:48:14.452450884+02:00: gateway-conformance-infra/httproute-listener-hostname-matching Gateway not Programmed yet
    helpers.go:283: 2026-05-07T16:48:14.55525501+02:00: Programmed condition set to Status False with Reason AddressNotAssigned, expected Status True
    helpers.go:283: 2026-05-07T16:48:14.555301001+02:00: Programmed was not in conditions list [[{Accepted True 1 2026-05-07 16:48:12 +0200 CEST Accepted Resource accepted} {Programmed False 1 2026-05-07 16:48:12 +0200 CEST AddressNotAssigned Failed to assign to any requested addresses: no instances found for hostname "httproute-listener-hostname-matching.gateway-conformance-infra.svc.cluster.local"}]]
    helpers.go:284: 2026-05-07T16:48:14.555335833+02:00: gateway-conformance-infra/httproute-listener-hostname-matching Gateway not Programmed yet
    helpers.go:283: 2026-05-07T16:48:14.652866948+02:00: Programmed condition set to Status False with Reason AddressNotAssigned, expected Status True
    helpers.go:283: 2026-05-07T16:48:14.652902052+02:00: Programmed was not in conditions list [[{Accepted True 1 2026-05-07 16:48:12 +0200 CEST Accepted Resource accepted} {Programmed False 1 2026-05-07 16:48:12 +0200 CEST AddressNotAssigned Failed to assign to any requested addresses: no instances found for hostname "httproute-listener-hostname-matching.gateway-conformance-infra.svc.cluster.local"}]]
    helpers.go:284: 2026-05-07T16:48:14.652938094+02:00: gateway-conformance-infra/httproute-listener-hostname-matching Gateway not Programmed yet
    helpers.go:283: 2026-05-07T16:48:14.753400355+02:00: Programmed condition set to Status False with Reason AddressNotAssigned, expected Status True
    helpers.go:283: 2026-05-07T16:48:14.753440629+02:00: Programmed was not in conditions list [[{Accepted True 1 2026-05-07 16:48:12 +0200 CEST Accepted Resource accepted} {Programmed False 1 2026-05-07 16:48:12 +0200 CEST AddressNotAssigned Failed to assign to any requested addresses: no instances found for hostname "httproute-listener-hostname-matching.gateway-conformance-infra.svc.cluster.local"}]]
    helpers.go:284: 2026-05-07T16:48:14.753485649+02:00: gateway-conformance-infra/httproute-listener-hostname-matching Gateway not Programmed yet
    helpers.go:283: 2026-05-07T16:48:14.854510606+02:00: Programmed condition set to Status False with Reason AddressNotAssigned, expected Status True
    helpers.go:283: 2026-05-07T16:48:14.854546768+02:00: Programmed was not in conditions list [[{Accepted True 1 2026-05-07 16:48:12 +0200 CEST Accepted Resource accepted} {Programmed False 1 2026-05-07 16:48:12 +0200 CEST AddressNotAssigned Failed to assign to any requested addresses: no instances found for hostname "httproute-listener-hostname-matching.gateway-conformance-infra.svc.cluster.local"}]]
    helpers.go:284: 2026-05-07T16:48:14.854573329+02:00: gateway-conformance-infra/httproute-listener-hostname-matching Gateway not Programmed yet
    helpers.go:283: 2026-05-07T16:48:14.951900294+02:00: Programmed condition set to Status False with Reason AddressNotAssigned, expected Status True
    helpers.go:283: 2026-05-07T16:48:14.951937064+02:00: Programmed was not in conditions list [[{Accepted True 1 2026-05-07 16:48:12 +0200 CEST Accepted Resource accepted} {Programmed False 1 2026-05-07 16:48:12 +0200 CEST AddressNotAssigned Failed to assign to any requested addresses: no instances found for hostname "httproute-listener-hostname-matching.gateway-conformance-infra.svc.cluster.local"}]]
    helpers.go:284: 2026-05-07T16:48:14.951963505+02:00: gateway-conformance-infra/httproute-listener-hostname-matching Gateway not Programmed yet
    helpers.go:283: 2026-05-07T16:48:15.051980076+02:00: Programmed condition set to Status False with Reason AddressNotAssigned, expected Status True
    helpers.go:283: 2026-05-07T16:48:15.052011329+02:00: Programmed was not in conditions list [[{Accepted True 1 2026-05-07 16:48:12 +0200 CEST Accepted Resource accepted} {Programmed False 1 2026-05-07 16:48:12 +0200 CEST AddressNotAssigned Failed to assign to any requested addresses: no instances found for hostname "httproute-listener-hostname-matching.gateway-conformance-infra.svc.cluster.local"}]]
    helpers.go:284: 2026-05-07T16:48:15.052034356+02:00: gateway-conformance-infra/httproute-listener-hostname-matching Gateway not Programmed yet
    helpers.go:283: 2026-05-07T16:48:15.152037997+02:00: Programmed condition set to Status False with Reason AddressNotAssigned, expected Status True
    helpers.go:283: 2026-05-07T16:48:15.152067604+02:00: Programmed was not in conditions list [[{Accepted True 1 2026-05-07 16:48:12 +0200 CEST Accepted Resource accepted} {Programmed False 1 2026-05-07 16:48:12 +0200 CEST AddressNotAssigned Failed to assign to any requested addresses: no instances found for hostname "httproute-listener-hostname-matching.gateway-conformance-infra.svc.cluster.local"}]]
    helpers.go:284: 2026-05-07T16:48:15.152091236+02:00: gateway-conformance-infra/httproute-listener-hostname-matching Gateway not Programmed yet
    helpers.go:283: 2026-05-07T16:48:15.266021681+02:00: Programmed condition set to Status False with Reason AddressNotAssigned, expected Status True
    helpers.go:283: 2026-05-07T16:48:15.266057771+02:00: Programmed was not in conditions list [[{Accepted True 1 2026-05-07 16:48:12 +0200 CEST Accepted Resource accepted} {Programmed False 1 2026-05-07 16:48:12 +0200 CEST AddressNotAssigned Failed to assign to any requested addresses: no instances found for hostname "httproute-listener-hostname-matching.gateway-conformance-infra.svc.cluster.local"}]]
    helpers.go:284: 2026-05-07T16:48:15.266090388+02:00: gateway-conformance-infra/httproute-listener-hostname-matching Gateway not Programmed yet
    helpers.go:283: 2026-05-07T16:48:15.381549365+02:00: Programmed condition set to Status False with Reason AddressNotAssigned, expected Status True
    helpers.go:283: 2026-05-07T16:48:15.381578931+02:00: Programmed was not in conditions list [[{Accepted True 1 2026-05-07 16:48:12 +0200 CEST Accepted Resource accepted} {Programmed False 1 2026-05-07 16:48:12 +0200 CEST AddressNotAssigned Failed to assign to any requested addresses: no instances found for hostname "httproute-listener-hostname-matching.gateway-conformance-infra.svc.cluster.local"}]]
    helpers.go:284: 2026-05-07T16:48:15.381610686+02:00: gateway-conformance-infra/httproute-listener-hostname-matching Gateway not Programmed yet
    helpers.go:296: 2026-05-07T16:48:15.457356475+02:00: Ready condition set to False, expected True
    helpers.go:296: 2026-05-07T16:48:15.457395361+02:00: Ready was not in conditions list
    helpers.go:296: 2026-05-07T16:48:15.457415912+02:00: Ready condition set to False, expected True
    helpers.go:296: 2026-05-07T16:48:15.457425463+02:00: Ready was not in conditions list
    helpers.go:299: 2026-05-07T16:48:15.457435117+02:00: Pod gateway-conformance-infra/httproute-listener-hostname-matching-7b5b44d688-2vjkq not ready yet
    helpers.go:296: 2026-05-07T16:48:15.558532807+02:00: Ready condition set to False, expected True
    helpers.go:296: 2026-05-07T16:48:15.558568135+02:00: Ready was not in conditions list
    helpers.go:296: 2026-05-07T16:48:15.558584949+02:00: Ready condition set to False, expected True
    helpers.go:296: 2026-05-07T16:48:15.55859403+02:00: Ready was not in conditions list
    helpers.go:299: 2026-05-07T16:48:15.558602546+02:00: Pod gateway-conformance-infra/httproute-listener-hostname-matching-7b5b44d688-2vjkq not ready yet
    helpers.go:296: 2026-05-07T16:48:15.655528195+02:00: Ready condition set to False, expected True
    helpers.go:296: 2026-05-07T16:48:15.655562581+02:00: Ready was not in conditions list
    helpers.go:296: 2026-05-07T16:48:15.655580929+02:00: Ready condition set to False, expected True
    helpers.go:296: 2026-05-07T16:48:15.655595023+02:00: Ready was not in conditions list
    helpers.go:299: 2026-05-07T16:48:15.655610246+02:00: Pod gateway-conformance-infra/httproute-listener-hostname-matching-7b5b44d688-2vjkq not ready yet
    helpers.go:296: 2026-05-07T16:48:15.755524747+02:00: Ready condition set to False, expected True
    helpers.go:296: 2026-05-07T16:48:15.755566088+02:00: Ready was not in conditions list
    helpers.go:296: 2026-05-07T16:48:15.755594772+02:00: Ready condition set to False, expected True
    helpers.go:296: 2026-05-07T16:48:15.755609366+02:00: Ready was not in conditions list
    helpers.go:299: 2026-05-07T16:48:15.755623169+02:00: Pod gateway-conformance-infra/httproute-listener-hostname-matching-7b5b44d688-2vjkq not ready yet
    helpers.go:296: 2026-05-07T16:48:15.857394309+02:00: Ready condition set to False, expected True
    helpers.go:296: 2026-05-07T16:48:15.857424828+02:00: Ready was not in conditions list
    helpers.go:296: 2026-05-07T16:48:15.857440997+02:00: Ready condition set to False, expected True
    helpers.go:296: 2026-05-07T16:48:15.857449774+02:00: Ready was not in conditions list
    helpers.go:299: 2026-05-07T16:48:15.857458783+02:00: Pod gateway-conformance-infra/httproute-listener-hostname-matching-7b5b44d688-2vjkq not ready yet
    helpers.go:296: 2026-05-07T16:48:15.954872468+02:00: Ready condition set to False, expected True
    helpers.go:296: 2026-05-07T16:48:15.954901581+02:00: Ready was not in conditions list
    helpers.go:296: 2026-05-07T16:48:15.954917817+02:00: Ready condition set to False, expected True
    helpers.go:296: 2026-05-07T16:48:15.954927315+02:00: Ready was not in conditions list
    helpers.go:299: 2026-05-07T16:48:15.954935882+02:00: Pod gateway-conformance-infra/httproute-listener-hostname-matching-7b5b44d688-2vjkq not ready yet
    helpers.go:296: 2026-05-07T16:48:16.05921612+02:00: Ready condition set to False, expected True
    helpers.go:296: 2026-05-07T16:48:16.059249755+02:00: Ready was not in conditions list
    helpers.go:296: 2026-05-07T16:48:16.059271148+02:00: Ready condition set to False, expected True
    helpers.go:296: 2026-05-07T16:48:16.059280151+02:00: Ready was not in conditions list
    helpers.go:299: 2026-05-07T16:48:16.059288645+02:00: Pod gateway-conformance-infra/httproute-listener-hostname-matching-7b5b44d688-2vjkq not ready yet
    helpers.go:296: 2026-05-07T16:48:16.162078764+02:00: Ready condition set to False, expected True
    helpers.go:296: 2026-05-07T16:48:16.16212854+02:00: Ready was not in conditions list
    helpers.go:296: 2026-05-07T16:48:16.162235755+02:00: Ready condition set to False, expected True
    helpers.go:296: 2026-05-07T16:48:16.162264995+02:00: Ready was not in conditions list
    helpers.go:299: 2026-05-07T16:48:16.162282324+02:00: Pod gateway-conformance-infra/httproute-listener-hostname-matching-7b5b44d688-2vjkq not ready yet
    helpers.go:296: 2026-05-07T16:48:16.264049817+02:00: Ready condition set to False, expected True
    helpers.go:296: 2026-05-07T16:48:16.264092448+02:00: Ready was not in conditions list
    helpers.go:296: 2026-05-07T16:48:16.264122953+02:00: Ready condition set to False, expected True
    helpers.go:296: 2026-05-07T16:48:16.264137937+02:00: Ready was not in conditions list
    helpers.go:299: 2026-05-07T16:48:16.264152682+02:00: Pod gateway-conformance-infra/httproute-listener-hostname-matching-7b5b44d688-2vjkq not ready yet
    helpers.go:296: 2026-05-07T16:48:16.362321913+02:00: Ready condition set to False, expected True
    helpers.go:296: 2026-05-07T16:48:16.362354402+02:00: Ready was not in conditions list
    helpers.go:304: 2026-05-07T16:48:16.362385069+02:00: Gateways and Pods in gateway-conformance-infra namespaces ready
    helpers.go:812: 2026-05-07T16:48:16.368840696+02:00: Conditions matched expectations
    helpers.go:812: 2026-05-07T16:48:16.368894686+02:00: Route gateway-conformance-infra/backend-v1 Parents matched expectations
    helpers.go:812: 2026-05-07T16:48:16.393095411+02:00: Conditions matched expectations
    helpers.go:812: 2026-05-07T16:48:16.393239622+02:00: Route gateway-conformance-infra/backend-v2 Parents matched expectations
    helpers.go:812: 2026-05-07T16:48:16.416197435+02:00: Conditions matched expectations
    helpers.go:812: 2026-05-07T16:48:16.416237305+02:00: Conditions matched expectations
    helpers.go:812: 2026-05-07T16:48:16.416253771+02:00: Conditions matched expectations
    helpers.go:812: 2026-05-07T16:48:16.416270337+02:00: Conditions matched expectations
    helpers.go:812: 2026-05-07T16:48:16.416281939+02:00: Route gateway-conformance-infra/backend-v3 Parents matched expectations
=== RUN   TestConformance/HTTPRouteListenerHostnameMatching/0_request_to_'bar.com/'_should_go_to_infra-backend-v1
=== PAUSE TestConformance/HTTPRouteListenerHostnameMatching/0_request_to_'bar.com/'_should_go_to_infra-backend-v1
=== RUN   TestConformance/HTTPRouteListenerHostnameMatching/1_request_to_'foo.bar.com/'_should_go_to_infra-backend-v2
=== PAUSE TestConformance/HTTPRouteListenerHostnameMatching/1_request_to_'foo.bar.com/'_should_go_to_infra-backend-v2
=== RUN   TestConformance/HTTPRouteListenerHostnameMatching/2_request_to_'baz.bar.com/'_should_go_to_infra-backend-v3
=== PAUSE TestConformance/HTTPRouteListenerHostnameMatching/2_request_to_'baz.bar.com/'_should_go_to_infra-backend-v3
=== RUN   TestConformance/HTTPRouteListenerHostnameMatching/3_request_to_'boo.bar.com/'_should_go_to_infra-backend-v3
=== PAUSE TestConformance/HTTPRouteListenerHostnameMatching/3_request_to_'boo.bar.com/'_should_go_to_infra-backend-v3
=== RUN   TestConformance/HTTPRouteListenerHostnameMatching/4_request_to_'multiple.prefixes.bar.com/'_should_go_to_infra-backend-v3
=== PAUSE TestConformance/HTTPRouteListenerHostnameMatching/4_request_to_'multiple.prefixes.bar.com/'_should_go_to_infra-backend-v3
=== RUN   TestConformance/HTTPRouteListenerHostnameMatching/5_request_to_'multiple.prefixes.foo.com/'_should_go_to_infra-backend-v3
=== PAUSE TestConformance/HTTPRouteListenerHostnameMatching/5_request_to_'multiple.prefixes.foo.com/'_should_go_to_infra-backend-v3
=== RUN   TestConformance/HTTPRouteListenerHostnameMatching/6_request_to_'foo.com/'_should_receive_one_of_[]
=== PAUSE TestConformance/HTTPRouteListenerHostnameMatching/6_request_to_'foo.com/'_should_receive_one_of_[]
=== RUN   TestConformance/HTTPRouteListenerHostnameMatching/7_request_to_'no.matching.host/'_should_receive_one_of_[]
=== PAUSE TestConformance/HTTPRouteListenerHostnameMatching/7_request_to_'no.matching.host/'_should_receive_one_of_[]
=== CONT  TestConformance/HTTPRouteListenerHostnameMatching/0_request_to_'bar.com/'_should_go_to_infra-backend-v1
    httproute-listener-hostname-matching.go:101: 2026-05-07T16:48:16.42467822+02:00: Making GET request to host bar.com via http://172.18.255.210/
=== CONT  TestConformance/HTTPRouteListenerHostnameMatching/4_request_to_'multiple.prefixes.bar.com/'_should_go_to_infra-backend-v3
    httproute-listener-hostname-matching.go:101: 2026-05-07T16:48:16.424777037+02:00: Making GET request to host multiple.prefixes.bar.com via http://172.18.255.210/
=== CONT  TestConformance/HTTPRouteListenerHostnameMatching/3_request_to_'boo.bar.com/'_should_go_to_infra-backend-v3
    httproute-listener-hostname-matching.go:101: 2026-05-07T16:48:16.424974395+02:00: Making GET request to host boo.bar.com via http://172.18.255.210/
=== CONT  TestConformance/HTTPRouteListenerHostnameMatching/7_request_to_'no.matching.host/'_should_receive_one_of_[]
=== CONT  TestConformance/HTTPRouteListenerHostnameMatching/6_request_to_'foo.com/'_should_receive_one_of_[]
=== CONT  TestConformance/HTTPRouteListenerHostnameMatching/2_request_to_'baz.bar.com/'_should_go_to_infra-backend-v3
    httproute-listener-hostname-matching.go:101: 2026-05-07T16:48:16.425204998+02:00: Making GET request to host baz.bar.com via http://172.18.255.210/
=== CONT  TestConformance/HTTPRouteListenerHostnameMatching/1_request_to_'foo.bar.com/'_should_go_to_infra-backend-v2
    httproute-listener-hostname-matching.go:101: 2026-05-07T16:48:16.425272393+02:00: Making GET request to host foo.bar.com via http://172.18.255.210/
=== CONT  TestConformance/HTTPRouteListenerHostnameMatching/5_request_to_'multiple.prefixes.foo.com/'_should_go_to_infra-backend-v3
=== NAME  TestConformance/HTTPRouteListenerHostnameMatching/7_request_to_'no.matching.host/'_should_receive_one_of_[]
    httproute-listener-hostname-matching.go:101: 2026-05-07T16:48:16.425063084+02:00: Making GET request to host no.matching.host via http://172.18.255.210/
=== NAME  TestConformance/HTTPRouteListenerHostnameMatching/6_request_to_'foo.com/'_should_receive_one_of_[]
    httproute-listener-hostname-matching.go:101: 2026-05-07T16:48:16.426067239+02:00: Making GET request to host foo.com via http://172.18.255.210/
=== NAME  TestConformance/HTTPRouteListenerHostnameMatching/5_request_to_'multiple.prefixes.foo.com/'_should_go_to_infra-backend-v3
    httproute-listener-hostname-matching.go:101: 2026-05-07T16:48:16.425464772+02:00: Making GET request to host multiple.prefixes.foo.com via http://172.18.255.210/
=== NAME  TestConformance/HTTPRouteListenerHostnameMatching/7_request_to_'no.matching.host/'_should_receive_one_of_[]
    http.go:291: 2026-05-07T16:48:16.474493677+02:00: Request passed
=== NAME  TestConformance/HTTPRouteListenerHostnameMatching/6_request_to_'foo.com/'_should_receive_one_of_[]
    http.go:291: 2026-05-07T16:48:16.474561176+02:00: Request passed
=== NAME  TestConformance/HTTPRouteListenerHostnameMatching/5_request_to_'multiple.prefixes.foo.com/'_should_go_to_infra-backend-v3
    http.go:291: 2026-05-07T16:48:16.499515769+02:00: Request passed
=== NAME  TestConformance/HTTPRouteListenerHostnameMatching/2_request_to_'baz.bar.com/'_should_go_to_infra-backend-v3
    http.go:291: 2026-05-07T16:48:16.499586351+02:00: Request passed
=== NAME  TestConformance/HTTPRouteListenerHostnameMatching/3_request_to_'boo.bar.com/'_should_go_to_infra-backend-v3
    http.go:291: 2026-05-07T16:48:16.506372635+02:00: Request passed
=== NAME  TestConformance/HTTPRouteListenerHostnameMatching/4_request_to_'multiple.prefixes.bar.com/'_should_go_to_infra-backend-v3
    http.go:291: 2026-05-07T16:48:16.513925842+02:00: Request passed
=== NAME  TestConformance/HTTPRouteListenerHostnameMatching/1_request_to_'foo.bar.com/'_should_go_to_infra-backend-v2
    http.go:291: 2026-05-07T16:48:16.514026522+02:00: Request passed
=== NAME  TestConformance/HTTPRouteListenerHostnameMatching/0_request_to_'bar.com/'_should_go_to_infra-backend-v1
    http.go:291: 2026-05-07T16:48:17.280140313+02:00: Request passed
=== NAME  TestConformance/HTTPRouteListenerHostnameMatching
    apply.go:283: 2026-05-07T16:48:17.280204108+02:00: Deleting backend-v3 HTTPRoute
    apply.go:283: 2026-05-07T16:48:17.296314874+02:00: Deleting backend-v2 HTTPRoute
    apply.go:283: 2026-05-07T16:48:17.306961258+02:00: Deleting backend-v1 HTTPRoute
    apply.go:283: 2026-05-07T16:48:17.328290898+02:00: Deleting httproute-listener-hostname-matching Gateway
=== RUN   TestConformance/HTTPRouteListenerPortMatching
    conformance.go:54: Skipping HTTPRouteListenerPortMatching: suite does not support HTTPRouteParentRefPort
=== RUN   TestConformance/HTTPRouteMatchingAcrossRoutes
    conformance.go:70: 2026-05-07T16:48:17.339626676+02:00: Applying tests/httproute-matching-across-routes.yaml
    apply.go:275: 2026-05-07T16:48:17.345815743+02:00: Creating matching-part1 HTTPRoute
    apply.go:275: 2026-05-07T16:48:17.377764495+02:00: Creating matching-part2 HTTPRoute
    conformance.go:75: 2026-05-07T16:48:17.401709035+02:00: Running HTTPRouteMatchingAcrossRoutes, relying on the following features: Gateway-standard, HTTPRoute-standard
    helpers.go:812: 2026-05-07T16:48:17.430100217+02:00: Conditions matched expectations
    helpers.go:812: 2026-05-07T16:48:17.430210704+02:00: Route gateway-conformance-infra/matching-part1 Parents matched expectations
    helpers.go:812: 2026-05-07T16:48:17.457050454+02:00: Conditions matched expectations
    helpers.go:812: 2026-05-07T16:48:17.457101051+02:00: Route gateway-conformance-infra/matching-part2 Parents matched expectations
=== RUN   TestConformance/HTTPRouteMatchingAcrossRoutes/0_request_to_'example.com/'_should_go_to_infra-backend-v1
=== PAUSE TestConformance/HTTPRouteMatchingAcrossRoutes/0_request_to_'example.com/'_should_go_to_infra-backend-v1
=== RUN   TestConformance/HTTPRouteMatchingAcrossRoutes/1_request_to_'example.com/example'_should_go_to_infra-backend-v1
=== PAUSE TestConformance/HTTPRouteMatchingAcrossRoutes/1_request_to_'example.com/example'_should_go_to_infra-backend-v1
=== RUN   TestConformance/HTTPRouteMatchingAcrossRoutes/2_request_to_'example.net/example'_should_go_to_infra-backend-v1
=== PAUSE TestConformance/HTTPRouteMatchingAcrossRoutes/2_request_to_'example.net/example'_should_go_to_infra-backend-v1
=== RUN   TestConformance/HTTPRouteMatchingAcrossRoutes/3_request_to_'example.com/example'_with_headers_should_go_to_infra-backend-v1
=== PAUSE TestConformance/HTTPRouteMatchingAcrossRoutes/3_request_to_'example.com/example'_with_headers_should_go_to_infra-backend-v1
=== RUN   TestConformance/HTTPRouteMatchingAcrossRoutes/4_request_to_'example.com/v2'_should_go_to_infra-backend-v2
=== PAUSE TestConformance/HTTPRouteMatchingAcrossRoutes/4_request_to_'example.com/v2'_should_go_to_infra-backend-v2
=== RUN   TestConformance/HTTPRouteMatchingAcrossRoutes/5_request_to_'example.net/v2'_should_go_to_infra-backend-v1
=== PAUSE TestConformance/HTTPRouteMatchingAcrossRoutes/5_request_to_'example.net/v2'_should_go_to_infra-backend-v1
=== RUN   TestConformance/HTTPRouteMatchingAcrossRoutes/6_request_to_'example.com/v2/example'_should_go_to_infra-backend-v2
=== PAUSE TestConformance/HTTPRouteMatchingAcrossRoutes/6_request_to_'example.com/v2/example'_should_go_to_infra-backend-v2
=== RUN   TestConformance/HTTPRouteMatchingAcrossRoutes/7_request_to_'example.com/'_with_headers_should_go_to_infra-backend-v2
=== PAUSE TestConformance/HTTPRouteMatchingAcrossRoutes/7_request_to_'example.com/'_with_headers_should_go_to_infra-backend-v2
=== CONT  TestConformance/HTTPRouteMatchingAcrossRoutes/7_request_to_'example.com/'_with_headers_should_go_to_infra-backend-v2
=== CONT  TestConformance/HTTPRouteMatchingAcrossRoutes/1_request_to_'example.com/example'_should_go_to_infra-backend-v1
=== NAME  TestConformance/HTTPRouteMatchingAcrossRoutes/7_request_to_'example.com/'_with_headers_should_go_to_infra-backend-v2
    httproute-matching-across-routes.go:118: 2026-05-07T16:48:17.57310163+02:00: Making GET request to host example.com via http://172.18.255.205/
=== NAME  TestConformance/HTTPRouteMatchingAcrossRoutes/1_request_to_'example.com/example'_should_go_to_infra-backend-v1
    httproute-matching-across-routes.go:118: 2026-05-07T16:48:17.573091223+02:00: Making GET request to host example.com via http://172.18.255.205/example
=== CONT  TestConformance/HTTPRouteMatchingAcrossRoutes/6_request_to_'example.com/v2/example'_should_go_to_infra-backend-v2
    httproute-matching-across-routes.go:118: 2026-05-07T16:48:17.573269824+02:00: Making GET request to host example.com via http://172.18.255.205/v2/example
=== CONT  TestConformance/HTTPRouteMatchingAcrossRoutes/5_request_to_'example.net/v2'_should_go_to_infra-backend-v1
    httproute-matching-across-routes.go:118: 2026-05-07T16:48:17.573370313+02:00: Making GET request to host example.net via http://172.18.255.205/v2
=== CONT  TestConformance/HTTPRouteMatchingAcrossRoutes/4_request_to_'example.com/v2'_should_go_to_infra-backend-v2
    httproute-matching-across-routes.go:118: 2026-05-07T16:48:17.573423107+02:00: Making GET request to host example.com via http://172.18.255.205/v2
=== CONT  TestConformance/HTTPRouteMatchingAcrossRoutes/3_request_to_'example.com/example'_with_headers_should_go_to_infra-backend-v1
    httproute-matching-across-routes.go:118: 2026-05-07T16:48:17.573501654+02:00: Making GET request to host example.com via http://172.18.255.205/example
=== CONT  TestConformance/HTTPRouteMatchingAcrossRoutes/2_request_to_'example.net/example'_should_go_to_infra-backend-v1
    httproute-matching-across-routes.go:118: 2026-05-07T16:48:17.573580787+02:00: Making GET request to host example.net via http://172.18.255.205/example
=== CONT  TestConformance/HTTPRouteMatchingAcrossRoutes/0_request_to_'example.com/'_should_go_to_infra-backend-v1
    httproute-matching-across-routes.go:118: 2026-05-07T16:48:17.573644572+02:00: Making GET request to host example.com via http://172.18.255.205/
=== NAME  TestConformance/HTTPRouteMatchingAcrossRoutes/1_request_to_'example.com/example'_should_go_to_infra-backend-v1
    http.go:291: 2026-05-07T16:48:17.634722207+02:00: Request passed
=== NAME  TestConformance/HTTPRouteMatchingAcrossRoutes/4_request_to_'example.com/v2'_should_go_to_infra-backend-v2
    http.go:291: 2026-05-07T16:48:17.654347378+02:00: Request passed
=== NAME  TestConformance/HTTPRouteMatchingAcrossRoutes/7_request_to_'example.com/'_with_headers_should_go_to_infra-backend-v2
    http.go:291: 2026-05-07T16:48:17.654349744+02:00: Request passed
=== NAME  TestConformance/HTTPRouteMatchingAcrossRoutes/0_request_to_'example.com/'_should_go_to_infra-backend-v1
    http.go:291: 2026-05-07T16:48:17.654728148+02:00: Request passed
=== NAME  TestConformance/HTTPRouteMatchingAcrossRoutes/3_request_to_'example.com/example'_with_headers_should_go_to_infra-backend-v1
    http.go:291: 2026-05-07T16:48:17.654732006+02:00: Request passed
=== NAME  TestConformance/HTTPRouteMatchingAcrossRoutes/5_request_to_'example.net/v2'_should_go_to_infra-backend-v1
    http.go:291: 2026-05-07T16:48:17.654742143+02:00: Request passed
=== NAME  TestConformance/HTTPRouteMatchingAcrossRoutes/2_request_to_'example.net/example'_should_go_to_infra-backend-v1
    http.go:291: 2026-05-07T16:48:17.654742542+02:00: Request passed
=== NAME  TestConformance/HTTPRouteMatchingAcrossRoutes/6_request_to_'example.com/v2/example'_should_go_to_infra-backend-v2
    http.go:291: 2026-05-07T16:48:17.654742546+02:00: Request passed
=== NAME  TestConformance/HTTPRouteMatchingAcrossRoutes
    apply.go:283: 2026-05-07T16:48:17.654798749+02:00: Deleting matching-part2 HTTPRoute
    apply.go:283: 2026-05-07T16:48:17.665345593+02:00: Deleting matching-part1 HTTPRoute
=== RUN   TestConformance/HTTPRouteMatching
    conformance.go:70: 2026-05-07T16:48:17.69545989+02:00: Applying tests/httproute-matching.yaml
    apply.go:275: 2026-05-07T16:48:17.703849321+02:00: Creating matching HTTPRoute
    conformance.go:75: 2026-05-07T16:48:17.72071044+02:00: Running HTTPRouteMatching, relying on the following features: Gateway-standard, HTTPRoute-standard
    helpers.go:812: 2026-05-07T16:48:17.826171851+02:00: Conditions matched expectations
    helpers.go:812: 2026-05-07T16:48:17.826226492+02:00: Route gateway-conformance-infra/matching Parents matched expectations
=== RUN   TestConformance/HTTPRouteMatching/0_request_to_'/'_should_go_to_infra-backend-v1
=== PAUSE TestConformance/HTTPRouteMatching/0_request_to_'/'_should_go_to_infra-backend-v1
=== RUN   TestConformance/HTTPRouteMatching/1_request_to_'/example'_should_go_to_infra-backend-v1
=== PAUSE TestConformance/HTTPRouteMatching/1_request_to_'/example'_should_go_to_infra-backend-v1
=== RUN   TestConformance/HTTPRouteMatching/2_request_to_'/'_with_headers_should_go_to_infra-backend-v1
=== PAUSE TestConformance/HTTPRouteMatching/2_request_to_'/'_with_headers_should_go_to_infra-backend-v1
=== RUN   TestConformance/HTTPRouteMatching/3_request_to_'/v2'_should_go_to_infra-backend-v2
=== PAUSE TestConformance/HTTPRouteMatching/3_request_to_'/v2'_should_go_to_infra-backend-v2
=== RUN   TestConformance/HTTPRouteMatching/4_request_to_'/v2/example'_should_go_to_infra-backend-v2
=== PAUSE TestConformance/HTTPRouteMatching/4_request_to_'/v2/example'_should_go_to_infra-backend-v2
=== RUN   TestConformance/HTTPRouteMatching/5_request_to_'/'_with_headers_should_go_to_infra-backend-v2
=== PAUSE TestConformance/HTTPRouteMatching/5_request_to_'/'_with_headers_should_go_to_infra-backend-v2
=== RUN   TestConformance/HTTPRouteMatching/6_request_to_'/v2/'_should_go_to_infra-backend-v2
=== PAUSE TestConformance/HTTPRouteMatching/6_request_to_'/v2/'_should_go_to_infra-backend-v2
=== RUN   TestConformance/HTTPRouteMatching/7_request_to_'/v2example'_should_go_to_infra-backend-v1
=== PAUSE TestConformance/HTTPRouteMatching/7_request_to_'/v2example'_should_go_to_infra-backend-v1
=== RUN   TestConformance/HTTPRouteMatching/8_request_to_'/foo/v2/example'_should_go_to_infra-backend-v1
=== PAUSE TestConformance/HTTPRouteMatching/8_request_to_'/foo/v2/example'_should_go_to_infra-backend-v1
=== CONT  TestConformance/HTTPRouteMatching/0_request_to_'/'_should_go_to_infra-backend-v1
=== CONT  TestConformance/HTTPRouteMatching/8_request_to_'/foo/v2/example'_should_go_to_infra-backend-v1
=== CONT  TestConformance/HTTPRouteMatching/4_request_to_'/v2/example'_should_go_to_infra-backend-v2
=== CONT  TestConformance/HTTPRouteMatching/2_request_to_'/'_with_headers_should_go_to_infra-backend-v1
=== CONT  TestConformance/HTTPRouteMatching/1_request_to_'/example'_should_go_to_infra-backend-v1
=== NAME  TestConformance/HTTPRouteMatching/8_request_to_'/foo/v2/example'_should_go_to_infra-backend-v1
    httproute-matching.go:94: 2026-05-07T16:48:17.830356795+02:00: Making GET request to host  via http://172.18.255.205/foo/v2/example
=== CONT  TestConformance/HTTPRouteMatching/7_request_to_'/v2example'_should_go_to_infra-backend-v1
=== CONT  TestConformance/HTTPRouteMatching/5_request_to_'/'_with_headers_should_go_to_infra-backend-v2
=== CONT  TestConformance/HTTPRouteMatching/3_request_to_'/v2'_should_go_to_infra-backend-v2
=== NAME  TestConformance/HTTPRouteMatching/5_request_to_'/'_with_headers_should_go_to_infra-backend-v2
    httproute-matching.go:94: 2026-05-07T16:48:17.830405666+02:00: Making GET request to host  via http://172.18.255.205/
=== NAME  TestConformance/HTTPRouteMatching/2_request_to_'/'_with_headers_should_go_to_infra-backend-v1
    httproute-matching.go:94: 2026-05-07T16:48:17.830407088+02:00: Making GET request to host  via http://172.18.255.205/
=== NAME  TestConformance/HTTPRouteMatching/1_request_to_'/example'_should_go_to_infra-backend-v1
    httproute-matching.go:94: 2026-05-07T16:48:17.83041597+02:00: Making GET request to host  via http://172.18.255.205/example
=== NAME  TestConformance/HTTPRouteMatching/7_request_to_'/v2example'_should_go_to_infra-backend-v1
    httproute-matching.go:94: 2026-05-07T16:48:17.83042592+02:00: Making GET request to host  via http://172.18.255.205/v2example
=== NAME  TestConformance/HTTPRouteMatching/3_request_to_'/v2'_should_go_to_infra-backend-v2
    httproute-matching.go:94: 2026-05-07T16:48:17.83041122+02:00: Making GET request to host  via http://172.18.255.205/v2
=== NAME  TestConformance/HTTPRouteMatching/4_request_to_'/v2/example'_should_go_to_infra-backend-v2
    httproute-matching.go:94: 2026-05-07T16:48:17.830369829+02:00: Making GET request to host  via http://172.18.255.205/v2/example
=== NAME  TestConformance/HTTPRouteMatching/0_request_to_'/'_should_go_to_infra-backend-v1
    httproute-matching.go:94: 2026-05-07T16:48:17.830352513+02:00: Making GET request to host  via http://172.18.255.205/
=== CONT  TestConformance/HTTPRouteMatching/6_request_to_'/v2/'_should_go_to_infra-backend-v2
    httproute-matching.go:94: 2026-05-07T16:48:17.830747085+02:00: Making GET request to host  via http://172.18.255.205/v2/
=== NAME  TestConformance/HTTPRouteMatching/7_request_to_'/v2example'_should_go_to_infra-backend-v1
    http.go:291: 2026-05-07T16:48:19.514229973+02:00: Request passed
=== NAME  TestConformance/HTTPRouteMatching/3_request_to_'/v2'_should_go_to_infra-backend-v2
    http.go:291: 2026-05-07T16:48:19.53459593+02:00: Request passed
=== NAME  TestConformance/HTTPRouteMatching/8_request_to_'/foo/v2/example'_should_go_to_infra-backend-v1
    http.go:291: 2026-05-07T16:48:19.534663208+02:00: Request passed
=== NAME  TestConformance/HTTPRouteMatching/0_request_to_'/'_should_go_to_infra-backend-v1
    http.go:291: 2026-05-07T16:48:19.534830977+02:00: Request passed
=== NAME  TestConformance/HTTPRouteMatching/2_request_to_'/'_with_headers_should_go_to_infra-backend-v1
    http.go:291: 2026-05-07T16:48:19.534934212+02:00: Request passed
=== NAME  TestConformance/HTTPRouteMatching/6_request_to_'/v2/'_should_go_to_infra-backend-v2
    http.go:291: 2026-05-07T16:48:19.535072652+02:00: Request passed
=== NAME  TestConformance/HTTPRouteMatching/1_request_to_'/example'_should_go_to_infra-backend-v1
    http.go:291: 2026-05-07T16:48:19.535299067+02:00: Request passed
=== NAME  TestConformance/HTTPRouteMatching/5_request_to_'/'_with_headers_should_go_to_infra-backend-v2
    http.go:291: 2026-05-07T16:48:19.535424118+02:00: Request passed
=== NAME  TestConformance/HTTPRouteMatching/4_request_to_'/v2/example'_should_go_to_infra-backend-v2
    http.go:291: 2026-05-07T16:48:19.541026841+02:00: Request passed
=== NAME  TestConformance/HTTPRouteMatching
    apply.go:283: 2026-05-07T16:48:19.541074251+02:00: Deleting matching HTTPRoute
=== RUN   TestConformance/HTTPRouteMethodMatching
    conformance.go:54: Skipping HTTPRouteMethodMatching: suite does not support HTTPRouteMethodMatching
=== RUN   TestConformance/HTTPRouteNamedRule
    conformance.go:54: Skipping HTTPRouteNamedRule: suite does not support HTTPRouteNamedRouteRule
=== RUN   TestConformance/HTTPRouteObservedGenerationBump
    conformance.go:70: 2026-05-07T16:48:19.558486843+02:00: Applying tests/httproute-observed-generation-bump.yaml
    apply.go:275: 2026-05-07T16:48:19.568446707+02:00: Creating observed-generation-bump HTTPRoute
    conformance.go:75: 2026-05-07T16:48:19.589913574+02:00: Running HTTPRouteObservedGenerationBump, relying on the following features: Gateway-standard, HTTPRoute-standard
=== RUN   TestConformance/HTTPRouteObservedGenerationBump/observedGeneration_should_increment
    helpers.go:296: 2026-05-07T16:48:19.627095741+02:00: Ready condition set to False, expected True
    helpers.go:296: 2026-05-07T16:48:19.627129278+02:00: Ready was not in conditions list
    helpers.go:304: 2026-05-07T16:48:19.627150477+02:00: Gateways and Pods in gateway-conformance-infra namespaces ready
    helpers.go:963: 2026-05-07T16:48:19.650515195+02:00: HTTPRoute gateway-conformance-infra/observed-generation-bump (parentRef=same-namespace) expected observedGeneration to be updated to 2 for all conditions, only 0/2 were updated. stale conditions are: Accepted (generation 1), ResolvedRefs (generation 1)
=== NAME  TestConformance/HTTPRouteObservedGenerationBump
    apply.go:283: 2026-05-07T16:48:19.756519784+02:00: Deleting observed-generation-bump HTTPRoute
=== RUN   TestConformance/HTTPRoutePartiallyInvalidViaInvalidReferenceGrant
    conformance.go:54: Skipping HTTPRoutePartiallyInvalidViaInvalidReferenceGrant: suite does not support ReferenceGrant
=== RUN   TestConformance/HTTPRoutePathMatchOrder
    conformance.go:70: 2026-05-07T16:48:19.766783411+02:00: Applying tests/httproute-path-match-order.yaml
    apply.go:275: 2026-05-07T16:48:19.778669408+02:00: Creating path-matching-order HTTPRoute
    conformance.go:75: 2026-05-07T16:48:19.791394963+02:00: Running HTTPRoutePathMatchOrder, relying on the following features: Gateway-standard, HTTPRoute-standard
    helpers.go:812: 2026-05-07T16:48:19.896783332+02:00: Conditions matched expectations
    helpers.go:812: 2026-05-07T16:48:19.896824255+02:00: Route gateway-conformance-infra/path-matching-order Parents matched expectations
=== RUN   TestConformance/HTTPRoutePathMatchOrder/0_request_to_'/match/exact/one'_should_go_to_infra-backend-v3
=== PAUSE TestConformance/HTTPRoutePathMatchOrder/0_request_to_'/match/exact/one'_should_go_to_infra-backend-v3
=== RUN   TestConformance/HTTPRoutePathMatchOrder/1_request_to_'/match/exact'_should_go_to_infra-backend-v2
=== PAUSE TestConformance/HTTPRoutePathMatchOrder/1_request_to_'/match/exact'_should_go_to_infra-backend-v2
=== RUN   TestConformance/HTTPRoutePathMatchOrder/2_request_to_'/match'_should_go_to_infra-backend-v1
=== PAUSE TestConformance/HTTPRoutePathMatchOrder/2_request_to_'/match'_should_go_to_infra-backend-v1
=== RUN   TestConformance/HTTPRoutePathMatchOrder/3_request_to_'/match/prefix/one/any'_should_go_to_infra-backend-v2
=== PAUSE TestConformance/HTTPRoutePathMatchOrder/3_request_to_'/match/prefix/one/any'_should_go_to_infra-backend-v2
=== RUN   TestConformance/HTTPRoutePathMatchOrder/4_request_to_'/match/prefix/any'_should_go_to_infra-backend-v1
=== PAUSE TestConformance/HTTPRoutePathMatchOrder/4_request_to_'/match/prefix/any'_should_go_to_infra-backend-v1
=== RUN   TestConformance/HTTPRoutePathMatchOrder/5_request_to_'/match/any'_should_go_to_infra-backend-v3
=== PAUSE TestConformance/HTTPRoutePathMatchOrder/5_request_to_'/match/any'_should_go_to_infra-backend-v3
=== CONT  TestConformance/HTTPRoutePathMatchOrder/0_request_to_'/match/exact/one'_should_go_to_infra-backend-v3
=== CONT  TestConformance/HTTPRoutePathMatchOrder/5_request_to_'/match/any'_should_go_to_infra-backend-v3
=== CONT  TestConformance/HTTPRoutePathMatchOrder/3_request_to_'/match/prefix/one/any'_should_go_to_infra-backend-v2
=== CONT  TestConformance/HTTPRoutePathMatchOrder/4_request_to_'/match/prefix/any'_should_go_to_infra-backend-v1
=== CONT  TestConformance/HTTPRoutePathMatchOrder/2_request_to_'/match'_should_go_to_infra-backend-v1
=== NAME  TestConformance/HTTPRoutePathMatchOrder/5_request_to_'/match/any'_should_go_to_infra-backend-v3
    httproute-path-match-order.go:81: 2026-05-07T16:48:19.900613004+02:00: Making GET request to host  via http://172.18.255.205/match/any
=== NAME  TestConformance/HTTPRoutePathMatchOrder/3_request_to_'/match/prefix/one/any'_should_go_to_infra-backend-v2
    httproute-path-match-order.go:81: 2026-05-07T16:48:19.900619738+02:00: Making GET request to host  via http://172.18.255.205/match/prefix/one/any
=== NAME  TestConformance/HTTPRoutePathMatchOrder/2_request_to_'/match'_should_go_to_infra-backend-v1
    httproute-path-match-order.go:81: 2026-05-07T16:48:19.900662889+02:00: Making GET request to host  via http://172.18.255.205/match
=== NAME  TestConformance/HTTPRoutePathMatchOrder/4_request_to_'/match/prefix/any'_should_go_to_infra-backend-v1
    httproute-path-match-order.go:81: 2026-05-07T16:48:19.900662886+02:00: Making GET request to host  via http://172.18.255.205/match/prefix/any
=== NAME  TestConformance/HTTPRoutePathMatchOrder/0_request_to_'/match/exact/one'_should_go_to_infra-backend-v3
    httproute-path-match-order.go:81: 2026-05-07T16:48:19.900607667+02:00: Making GET request to host  via http://172.18.255.205/match/exact/one
=== CONT  TestConformance/HTTPRoutePathMatchOrder/1_request_to_'/match/exact'_should_go_to_infra-backend-v2
    httproute-path-match-order.go:81: 2026-05-07T16:48:19.900795687+02:00: Making GET request to host  via http://172.18.255.205/match/exact
=== NAME  TestConformance/HTTPRoutePathMatchOrder/3_request_to_'/match/prefix/one/any'_should_go_to_infra-backend-v2
    http.go:291: 2026-05-07T16:48:19.95214599+02:00: Request passed
=== NAME  TestConformance/HTTPRoutePathMatchOrder/1_request_to_'/match/exact'_should_go_to_infra-backend-v2
    http.go:291: 2026-05-07T16:48:19.958826134+02:00: Request passed
=== NAME  TestConformance/HTTPRoutePathMatchOrder/4_request_to_'/match/prefix/any'_should_go_to_infra-backend-v1
    http.go:291: 2026-05-07T16:48:19.958880462+02:00: Request passed
=== NAME  TestConformance/HTTPRoutePathMatchOrder/2_request_to_'/match'_should_go_to_infra-backend-v1
    http.go:291: 2026-05-07T16:48:19.958991341+02:00: Request passed
=== NAME  TestConformance/HTTPRoutePathMatchOrder/0_request_to_'/match/exact/one'_should_go_to_infra-backend-v3
    http.go:291: 2026-05-07T16:48:19.962805417+02:00: Request passed
=== NAME  TestConformance/HTTPRoutePathMatchOrder/5_request_to_'/match/any'_should_go_to_infra-backend-v3
    http.go:291: 2026-05-07T16:48:19.962848146+02:00: Request passed
=== NAME  TestConformance/HTTPRoutePathMatchOrder
    apply.go:283: 2026-05-07T16:48:19.962880885+02:00: Deleting path-matching-order HTTPRoute
=== RUN   TestConformance/HTTPRouteQueryParamMatching
    conformance.go:54: Skipping HTTPRouteQueryParamMatching: suite does not support HTTPRouteQueryParamMatching
=== RUN   TestConformance/HTTPRouteRedirectHostAndStatus
    conformance.go:70: 2026-05-07T16:48:19.974763979+02:00: Applying tests/httproute-redirect-host-and-status.yaml
    apply.go:275: 2026-05-07T16:48:19.984325293+02:00: Creating redirect-host-and-status HTTPRoute
    conformance.go:75: 2026-05-07T16:48:19.994062499+02:00: Running HTTPRouteRedirectHostAndStatus, relying on the following features: Gateway-standard, HTTPRoute-standard
    helpers.go:812: 2026-05-07T16:48:20.099302246+02:00: Conditions matched expectations
    helpers.go:812: 2026-05-07T16:48:20.099344698+02:00: Route gateway-conformance-infra/redirect-host-and-status Parents matched expectations
=== RUN   TestConformance/HTTPRouteRedirectHostAndStatus/0_request_to_'/hostname-redirect'_should_receive_one_of_[]
=== PAUSE TestConformance/HTTPRouteRedirectHostAndStatus/0_request_to_'/hostname-redirect'_should_receive_one_of_[]
=== RUN   TestConformance/HTTPRouteRedirectHostAndStatus/1_request_to_'/host-and-status'_should_receive_one_of_[]
=== PAUSE TestConformance/HTTPRouteRedirectHostAndStatus/1_request_to_'/host-and-status'_should_receive_one_of_[]
=== CONT  TestConformance/HTTPRouteRedirectHostAndStatus/0_request_to_'/hostname-redirect'_should_receive_one_of_[]
=== CONT  TestConformance/HTTPRouteRedirectHostAndStatus/1_request_to_'/host-and-status'_should_receive_one_of_[]
=== NAME  TestConformance/HTTPRouteRedirectHostAndStatus/0_request_to_'/hostname-redirect'_should_receive_one_of_[]
    httproute-redirect-host-and-status.go:83: 2026-05-07T16:48:20.102880944+02:00: Making GET request to host  via http://172.18.255.205/hostname-redirect
=== NAME  TestConformance/HTTPRouteRedirectHostAndStatus/1_request_to_'/host-and-status'_should_receive_one_of_[]
    httproute-redirect-host-and-status.go:83: 2026-05-07T16:48:20.102888984+02:00: Making GET request to host  via http://172.18.255.205/host-and-status
    http.go:489: 2026-05-07T16:48:20.103407382+02:00: Can't validate redirectPort for unrecognized scheme http
=== NAME  TestConformance/HTTPRouteRedirectHostAndStatus/0_request_to_'/hostname-redirect'_should_receive_one_of_[]
    http.go:489: 2026-05-07T16:48:20.10340731+02:00: Can't validate redirectPort for unrecognized scheme http
    http.go:489: 2026-05-07T16:48:20.103810287+02:00: Can't validate redirectPort for unrecognized scheme http
=== NAME  TestConformance/HTTPRouteRedirectHostAndStatus/1_request_to_'/host-and-status'_should_receive_one_of_[]
    http.go:489: 2026-05-07T16:48:20.103888421+02:00: Can't validate redirectPort for unrecognized scheme http
=== NAME  TestConformance/HTTPRouteRedirectHostAndStatus/0_request_to_'/hostname-redirect'_should_receive_one_of_[]
    http.go:489: 2026-05-07T16:48:20.104186304+02:00: Can't validate redirectPort for unrecognized scheme http
    http.go:291: 2026-05-07T16:48:20.104216539+02:00: Request passed
=== NAME  TestConformance/HTTPRouteRedirectHostAndStatus/1_request_to_'/host-and-status'_should_receive_one_of_[]
    http.go:489: 2026-05-07T16:48:20.104270658+02:00: Can't validate redirectPort for unrecognized scheme http
    http.go:291: 2026-05-07T16:48:20.104296185+02:00: Request passed
=== NAME  TestConformance/HTTPRouteRedirectHostAndStatus
    apply.go:283: 2026-05-07T16:48:20.104329896+02:00: Deleting redirect-host-and-status HTTPRoute
=== RUN   TestConformance/HTTPRouteRedirectPath
    conformance.go:54: Skipping HTTPRouteRedirectPath: suite does not support HTTPRoutePathRedirect
=== RUN   TestConformance/HTTPRouteRedirectPortAndScheme
    conformance.go:54: Skipping HTTPRouteRedirectPortAndScheme: suite does not support HTTPRoutePortRedirect
=== RUN   TestConformance/HTTPRouteRedirectPort
    conformance.go:54: Skipping HTTPRouteRedirectPort: suite does not support HTTPRoutePortRedirect
=== RUN   TestConformance/HTTPRouteRedirectScheme
    conformance.go:54: Skipping HTTPRouteRedirectScheme: suite does not support HTTPRouteSchemeRedirect
=== RUN   TestConformance/HTTPRouteReferenceGrant
    conformance.go:54: Skipping HTTPRouteReferenceGrant: suite does not support ReferenceGrant
=== RUN   TestConformance/HTTPRouteRequestHeaderModifierBackendWeights
    conformance.go:54: Skipping HTTPRouteRequestHeaderModifierBackendWeights: suite does not support HTTPRouteBackendRequestHeaderModification
=== RUN   TestConformance/HTTPRouteRequestHeaderModifier
    conformance.go:70: 2026-05-07T16:48:20.116460428+02:00: Applying tests/httproute-request-header-modifier.yaml
    apply.go:275: 2026-05-07T16:48:20.126462291+02:00: Creating request-header-modifier HTTPRoute
    conformance.go:75: 2026-05-07T16:48:20.139572694+02:00: Running HTTPRouteRequestHeaderModifier, relying on the following features: Gateway-standard, HTTPRoute-standard
    helpers.go:812: 2026-05-07T16:48:20.245668702+02:00: Conditions matched expectations
    helpers.go:812: 2026-05-07T16:48:20.245713198+02:00: Route gateway-conformance-infra/request-header-modifier Parents matched expectations
=== RUN   TestConformance/HTTPRouteRequestHeaderModifier/0_request_to_'/set'_with_headers_should_go_to_infra-backend-v1
=== PAUSE TestConformance/HTTPRouteRequestHeaderModifier/0_request_to_'/set'_with_headers_should_go_to_infra-backend-v1
=== RUN   TestConformance/HTTPRouteRequestHeaderModifier/1_request_to_'/set'_with_headers_should_go_to_infra-backend-v1
=== PAUSE TestConformance/HTTPRouteRequestHeaderModifier/1_request_to_'/set'_with_headers_should_go_to_infra-backend-v1
=== RUN   TestConformance/HTTPRouteRequestHeaderModifier/2_request_to_'/add'_with_headers_should_go_to_infra-backend-v1
=== PAUSE TestConformance/HTTPRouteRequestHeaderModifier/2_request_to_'/add'_with_headers_should_go_to_infra-backend-v1
=== RUN   TestConformance/HTTPRouteRequestHeaderModifier/3_request_to_'/add'_with_headers_should_go_to_infra-backend-v1
=== PAUSE TestConformance/HTTPRouteRequestHeaderModifier/3_request_to_'/add'_with_headers_should_go_to_infra-backend-v1
=== RUN   TestConformance/HTTPRouteRequestHeaderModifier/4_request_to_'/remove'_with_headers_should_go_to_infra-backend-v1
=== PAUSE TestConformance/HTTPRouteRequestHeaderModifier/4_request_to_'/remove'_with_headers_should_go_to_infra-backend-v1
=== RUN   TestConformance/HTTPRouteRequestHeaderModifier/5_request_to_'/multiple'_with_headers_should_go_to_infra-backend-v1
=== PAUSE TestConformance/HTTPRouteRequestHeaderModifier/5_request_to_'/multiple'_with_headers_should_go_to_infra-backend-v1
=== RUN   TestConformance/HTTPRouteRequestHeaderModifier/6_request_to_'/case-insensitivity'_with_headers_should_go_to_infra-backend-v1
=== PAUSE TestConformance/HTTPRouteRequestHeaderModifier/6_request_to_'/case-insensitivity'_with_headers_should_go_to_infra-backend-v1
=== CONT  TestConformance/HTTPRouteRequestHeaderModifier/0_request_to_'/set'_with_headers_should_go_to_infra-backend-v1
=== CONT  TestConformance/HTTPRouteRequestHeaderModifier/5_request_to_'/multiple'_with_headers_should_go_to_infra-backend-v1
=== CONT  TestConformance/HTTPRouteRequestHeaderModifier/6_request_to_'/case-insensitivity'_with_headers_should_go_to_infra-backend-v1
=== CONT  TestConformance/HTTPRouteRequestHeaderModifier/3_request_to_'/add'_with_headers_should_go_to_infra-backend-v1
=== CONT  TestConformance/HTTPRouteRequestHeaderModifier/4_request_to_'/remove'_with_headers_should_go_to_infra-backend-v1
=== NAME  TestConformance/HTTPRouteRequestHeaderModifier/5_request_to_'/multiple'_with_headers_should_go_to_infra-backend-v1
    httproute-request-header-modifier.go:212: 2026-05-07T16:48:20.249757981+02:00: Making GET request to host  via http://172.18.255.205/multiple
=== CONT  TestConformance/HTTPRouteRequestHeaderModifier/1_request_to_'/set'_with_headers_should_go_to_infra-backend-v1
=== NAME  TestConformance/HTTPRouteRequestHeaderModifier/6_request_to_'/case-insensitivity'_with_headers_should_go_to_infra-backend-v1
    httproute-request-header-modifier.go:212: 2026-05-07T16:48:20.249770467+02:00: Making GET request to host  via http://172.18.255.205/case-insensitivity
=== NAME  TestConformance/HTTPRouteRequestHeaderModifier/1_request_to_'/set'_with_headers_should_go_to_infra-backend-v1
    httproute-request-header-modifier.go:212: 2026-05-07T16:48:20.249794508+02:00: Making GET request to host  via http://172.18.255.205/set
=== NAME  TestConformance/HTTPRouteRequestHeaderModifier/4_request_to_'/remove'_with_headers_should_go_to_infra-backend-v1
    httproute-request-header-modifier.go:212: 2026-05-07T16:48:20.249803058+02:00: Making GET request to host  via http://172.18.255.205/remove
=== NAME  TestConformance/HTTPRouteRequestHeaderModifier/3_request_to_'/add'_with_headers_should_go_to_infra-backend-v1
    httproute-request-header-modifier.go:212: 2026-05-07T16:48:20.249803059+02:00: Making GET request to host  via http://172.18.255.205/add
=== CONT  TestConformance/HTTPRouteRequestHeaderModifier/2_request_to_'/add'_with_headers_should_go_to_infra-backend-v1
    httproute-request-header-modifier.go:212: 2026-05-07T16:48:20.249907768+02:00: Making GET request to host  via http://172.18.255.205/add
=== NAME  TestConformance/HTTPRouteRequestHeaderModifier/0_request_to_'/set'_with_headers_should_go_to_infra-backend-v1
    httproute-request-header-modifier.go:212: 2026-05-07T16:48:20.249750405+02:00: Making GET request to host  via http://172.18.255.205/set
=== NAME  TestConformance/HTTPRouteRequestHeaderModifier/1_request_to_'/set'_with_headers_should_go_to_infra-backend-v1
    http.go:291: 2026-05-07T16:48:20.302296568+02:00: Request passed
=== NAME  TestConformance/HTTPRouteRequestHeaderModifier/6_request_to_'/case-insensitivity'_with_headers_should_go_to_infra-backend-v1
    http.go:291: 2026-05-07T16:48:20.302537025+02:00: Request passed
=== NAME  TestConformance/HTTPRouteRequestHeaderModifier/4_request_to_'/remove'_with_headers_should_go_to_infra-backend-v1
    http.go:291: 2026-05-07T16:48:20.308425205+02:00: Request passed
=== NAME  TestConformance/HTTPRouteRequestHeaderModifier/0_request_to_'/set'_with_headers_should_go_to_infra-backend-v1
    http.go:291: 2026-05-07T16:48:20.308744367+02:00: Request passed
=== NAME  TestConformance/HTTPRouteRequestHeaderModifier/3_request_to_'/add'_with_headers_should_go_to_infra-backend-v1
    http.go:291: 2026-05-07T16:48:20.392786095+02:00: Request passed
=== NAME  TestConformance/HTTPRouteRequestHeaderModifier/5_request_to_'/multiple'_with_headers_should_go_to_infra-backend-v1
    http.go:291: 2026-05-07T16:48:20.392792941+02:00: Request passed
=== NAME  TestConformance/HTTPRouteRequestHeaderModifier/2_request_to_'/add'_with_headers_should_go_to_infra-backend-v1
    http.go:291: 2026-05-07T16:48:20.400574783+02:00: Request passed
=== NAME  TestConformance/HTTPRouteRequestHeaderModifier
    apply.go:283: 2026-05-07T16:48:20.400622477+02:00: Deleting request-header-modifier HTTPRoute
=== RUN   TestConformance/HTTPRouteBackendRequestHeaderModifier
    conformance.go:54: Skipping HTTPRouteBackendRequestHeaderModifier: suite does not support HTTPRouteBackendRequestHeaderModification
=== RUN   TestConformance/HTTPRouteRequestMirror
    conformance.go:54: Skipping HTTPRouteRequestMirror: suite does not support HTTPRouteRequestMirror
=== RUN   TestConformance/HTTPRouteRequestMultipleMirrors
    conformance.go:54: Skipping HTTPRouteRequestMultipleMirrors: suite does not support HTTPRouteRequestMirror
=== RUN   TestConformance/HTTPRouteRequestPercentageMirror
    conformance.go:54: Skipping HTTPRouteRequestPercentageMirror: suite does not support HTTPRouteRequestPercentageMirror
=== RUN   TestConformance/HTTPRouteResponseHeaderModifier
    conformance.go:54: Skipping HTTPRouteResponseHeaderModifier: suite does not support HTTPRouteResponseHeaderModification
=== RUN   TestConformance/HTTPRouteRewriteHost
    conformance.go:54: Skipping HTTPRouteRewriteHost: suite does not support HTTPRouteHostRewrite
=== RUN   TestConformance/HTTPRouteRewritePath
    conformance.go:54: Skipping HTTPRouteRewritePath: suite does not support HTTPRoutePathRewrite
=== RUN   TestConformance/HTTPRouteServiceTypes
    conformance.go:70: 2026-05-07T16:48:20.42126607+02:00: Applying tests/httproute-service-types.yaml
    apply.go:275: 2026-05-07T16:48:20.43225481+02:00: Creating service-types HTTPRoute
    apply.go:275: 2026-05-07T16:48:20.44386397+02:00: Creating manual-endpointslices Service
    apply.go:275: 2026-05-07T16:48:20.479030667+02:00: Creating manual-endpointslices-ip4 EndpointSlice
    apply.go:275: 2026-05-07T16:48:20.496968417+02:00: Creating manual-endpointslices-ip6 EndpointSlice
    apply.go:275: 2026-05-07T16:48:20.50845037+02:00: Creating headless Service
2026-05-07T16:48:20+02:00	INFO	spec.SessionAffinity is ignored for headless services
    apply.go:275: 2026-05-07T16:48:20.522000612+02:00: Creating headless-manual-endpointslices Service
2026-05-07T16:48:20+02:00	INFO	spec.SessionAffinity is ignored for headless services
    apply.go:275: 2026-05-07T16:48:20.537595648+02:00: Creating headless-manual-endpointslices-ip4 EndpointSlice
    apply.go:275: 2026-05-07T16:48:20.554499881+02:00: Creating headless-manual-endpointslices-ip6 EndpointSlice
    conformance.go:75: 2026-05-07T16:48:20.562843122+02:00: Running HTTPRouteServiceTypes, relying on the following features: Gateway-standard, HTTPRoute-standard
    helpers.go:812: 2026-05-07T16:48:20.566810623+02:00: Conditions matched expectations
    helpers.go:812: 2026-05-07T16:48:20.566849333+02:00: Route gateway-conformance-infra/service-types Parents matched expectations
=== RUN   TestConformance/HTTPRouteServiceTypes/0_request_to_'/manual-endpointslices'_should_go_to_infra-backend-v1
=== PAUSE TestConformance/HTTPRouteServiceTypes/0_request_to_'/manual-endpointslices'_should_go_to_infra-backend-v1
=== RUN   TestConformance/HTTPRouteServiceTypes/1_request_to_'/headless-manual-endpointslices'_should_go_to_infra-backend-v1
=== PAUSE TestConformance/HTTPRouteServiceTypes/1_request_to_'/headless-manual-endpointslices'_should_go_to_infra-backend-v1
=== RUN   TestConformance/HTTPRouteServiceTypes/2_request_to_'/headless'_should_go_to_infra-backend-v1
=== PAUSE TestConformance/HTTPRouteServiceTypes/2_request_to_'/headless'_should_go_to_infra-backend-v1
=== CONT  TestConformance/HTTPRouteServiceTypes/0_request_to_'/manual-endpointslices'_should_go_to_infra-backend-v1
=== CONT  TestConformance/HTTPRouteServiceTypes/2_request_to_'/headless'_should_go_to_infra-backend-v1
=== CONT  TestConformance/HTTPRouteServiceTypes/1_request_to_'/headless-manual-endpointslices'_should_go_to_infra-backend-v1
=== NAME  TestConformance/HTTPRouteServiceTypes/2_request_to_'/headless'_should_go_to_infra-backend-v1
    httproute-service-types.go:102: 2026-05-07T16:48:20.612685639+02:00: Making GET request to host  via http://172.18.255.205/headless
=== NAME  TestConformance/HTTPRouteServiceTypes/0_request_to_'/manual-endpointslices'_should_go_to_infra-backend-v1
    httproute-service-types.go:102: 2026-05-07T16:48:20.6126791+02:00: Making GET request to host  via http://172.18.255.205/manual-endpointslices
=== NAME  TestConformance/HTTPRouteServiceTypes/1_request_to_'/headless-manual-endpointslices'_should_go_to_infra-backend-v1
    httproute-service-types.go:102: 2026-05-07T16:48:20.612693501+02:00: Making GET request to host  via http://172.18.255.205/headless-manual-endpointslices
=== NAME  TestConformance/HTTPRouteServiceTypes/2_request_to_'/headless'_should_go_to_infra-backend-v1
    http.go:285: 2026-05-07T16:48:20.613177227+02:00: Response expectation failed for request: {URL: {Scheme:http Opaque: User: Host:172.18.255.205 Path:/headless Fragment: RawQuery: RawPath: RawFragment: ForceQuery:false OmitHost:false}, Host: , Protocol: HTTP, Method: GET, Headers: map[X-Echo-Set-Header:[]], UnfollowRedirect: false, ServerName: , ServerCertificate: <truncated>, ClientCertificate: <truncated>, ClientCertificateKey: <truncated>}  not ready yet: expected status code to be one of [200], got 404. CRes: &{404 -1 HTTP/1.1 map[Date:[Thu, 07 May 2026 14:48:20 GMT]] <nil> []} (after 2.693µs)
=== NAME  TestConformance/HTTPRouteServiceTypes/0_request_to_'/manual-endpointslices'_should_go_to_infra-backend-v1
    http.go:285: 2026-05-07T16:48:20.613216453+02:00: Response expectation failed for request: {URL: {Scheme:http Opaque: User: Host:172.18.255.205 Path:/manual-endpointslices Fragment: RawQuery: RawPath: RawFragment: ForceQuery:false OmitHost:false}, Host: , Protocol: HTTP, Method: GET, Headers: map[X-Echo-Set-Header:[]], UnfollowRedirect: false, ServerName: , ServerCertificate: <truncated>, ClientCertificate: <truncated>, ClientCertificateKey: <truncated>}  not ready yet: expected status code to be one of [200], got 404. CRes: &{404 -1 HTTP/1.1 map[Date:[Thu, 07 May 2026 14:48:20 GMT]] <nil> []} (after 1.889µs)
=== NAME  TestConformance/HTTPRouteServiceTypes/1_request_to_'/headless-manual-endpointslices'_should_go_to_infra-backend-v1
    http.go:285: 2026-05-07T16:48:20.613285452+02:00: Response expectation failed for request: {URL: {Scheme:http Opaque: User: Host:172.18.255.205 Path:/headless-manual-endpointslices Fragment: RawQuery: RawPath: RawFragment: ForceQuery:false OmitHost:false}, Host: , Protocol: HTTP, Method: GET, Headers: map[X-Echo-Set-Header:[]], UnfollowRedirect: false, ServerName: , ServerCertificate: <truncated>, ClientCertificate: <truncated>, ClientCertificateKey: <truncated>}  not ready yet: expected status code to be one of [200], got 404. CRes: &{404 -1 HTTP/1.1 map[Date:[Thu, 07 May 2026 14:48:20 GMT]] <nil> []} (after 1.863µs)
    http.go:291: 2026-05-07T16:48:21.64494148+02:00: Request passed
=== NAME  TestConformance/HTTPRouteServiceTypes/2_request_to_'/headless'_should_go_to_infra-backend-v1
    http.go:291: 2026-05-07T16:48:21.644861574+02:00: Request passed
=== NAME  TestConformance/HTTPRouteServiceTypes/0_request_to_'/manual-endpointslices'_should_go_to_infra-backend-v1
    http.go:291: 2026-05-07T16:48:21.649486681+02:00: Request passed
=== NAME  TestConformance/HTTPRouteServiceTypes
    apply.go:283: 2026-05-07T16:48:21.649529909+02:00: Deleting headless-manual-endpointslices-ip6 EndpointSlice
    apply.go:283: 2026-05-07T16:48:21.665391053+02:00: Deleting headless-manual-endpointslices-ip4 EndpointSlice
    apply.go:283: 2026-05-07T16:48:21.675244355+02:00: Deleting headless-manual-endpointslices Service
    apply.go:283: 2026-05-07T16:48:21.684522069+02:00: Deleting headless Service
    apply.go:283: 2026-05-07T16:48:21.715986051+02:00: Deleting manual-endpointslices-ip6 EndpointSlice
    apply.go:283: 2026-05-07T16:48:21.735812531+02:00: Deleting manual-endpointslices-ip4 EndpointSlice
    apply.go:283: 2026-05-07T16:48:21.751581419+02:00: Deleting manual-endpointslices Service
    apply.go:283: 2026-05-07T16:48:21.791517162+02:00: Deleting service-types HTTPRoute
=== RUN   TestConformance/HTTPRouteSimpleSameNamespace
    conformance.go:70: 2026-05-07T16:48:21.805875691+02:00: Applying tests/httproute-simple-same-namespace.yaml
    apply.go:275: 2026-05-07T16:48:21.815986407+02:00: Creating gateway-conformance-infra-test HTTPRoute
    conformance.go:75: 2026-05-07T16:48:21.825628289+02:00: Running HTTPRouteSimpleSameNamespace, relying on the following features: Gateway-standard, HTTPRoute-standard
    helpers.go:812: 2026-05-07T16:48:21.930604804+02:00: Conditions matched expectations
    helpers.go:812: 2026-05-07T16:48:21.930651492+02:00: Route gateway-conformance-infra/gateway-conformance-infra-test Parents matched expectations
=== RUN   TestConformance/HTTPRouteSimpleSameNamespace/Simple_HTTP_request_should_reach_infra-backend
    httproute-simple-same-namespace.go:51: 2026-05-07T16:48:21.934354669+02:00: Making GET request to host  via http://172.18.255.205/
    http.go:291: 2026-05-07T16:48:21.95855693+02:00: Request passed
=== NAME  TestConformance/HTTPRouteSimpleSameNamespace
    apply.go:283: 2026-05-07T16:48:21.958602108+02:00: Deleting gateway-conformance-infra-test HTTPRoute
=== RUN   TestConformance/HTTPRouteTimeoutBackendRequest
    conformance.go:54: Skipping HTTPRouteTimeoutBackendRequest: suite does not support HTTPRouteBackendTimeout
=== RUN   TestConformance/HTTPRouteTimeoutRequest
    conformance.go:54: Skipping HTTPRouteTimeoutRequest: suite does not support HTTPRouteRequestTimeout
=== RUN   TestConformance/HTTPRouteWeight
    conformance.go:70: 2026-05-07T16:48:21.970383412+02:00: Applying tests/httproute-weight.yaml
    apply.go:275: 2026-05-07T16:48:21.982731762+02:00: Creating weighted-backends HTTPRoute
    conformance.go:75: 2026-05-07T16:48:22.006265623+02:00: Running HTTPRouteWeight, relying on the following features: Gateway-standard, HTTPRoute-standard
    helpers.go:812: 2026-05-07T16:48:22.119686809+02:00: Conditions matched expectations
    helpers.go:812: 2026-05-07T16:48:22.119735342+02:00: Route gateway-conformance-infra/weighted-backends Parents matched expectations
=== RUN   TestConformance/HTTPRouteWeight/Requests_should_have_a_distribution_that_matches_the_weight
    httproute-weight.go:64: 2026-05-07T16:48:22.123829101+02:00: Making GET request to host  via http://172.18.255.205/
    http.go:291: 2026-05-07T16:48:22.144622382+02:00: Request passed
    httproute-weight.go:77: 2026-05-07T16:48:22.14469393+02:00: Making GET request to host  via http://172.18.255.205/
    httproute-weight.go:77: 2026-05-07T16:48:22.144692599+02:00: Making GET request to host  via http://172.18.255.205/
    httproute-weight.go:77: 2026-05-07T16:48:22.14478625+02:00: Making GET request to host  via http://172.18.255.205/
    httproute-weight.go:77: 2026-05-07T16:48:22.144851014+02:00: Making GET request to host  via http://172.18.255.205/
    httproute-weight.go:77: 2026-05-07T16:48:22.174011636+02:00: Making GET request to host  via http://172.18.255.205/
    httproute-weight.go:77: 2026-05-07T16:48:22.17401003+02:00: Making GET request to host  via http://172.18.255.205/
    httproute-weight.go:77: 2026-05-07T16:48:22.17542099+02:00: Making GET request to host  via http://172.18.255.205/
    httproute-weight.go:77: 2026-05-07T16:48:22.186469439+02:00: Making GET request to host  via http://172.18.255.205/
    httproute-weight.go:77: 2026-05-07T16:48:22.186615339+02:00: Making GET request to host  via http://172.18.255.205/
    httproute-weight.go:77: 2026-05-07T16:48:22.195003838+02:00: Making GET request to host  via http://172.18.255.205/
    httproute-weight.go:77: 2026-05-07T16:48:22.202014269+02:00: Making GET request to host  via http://172.18.255.205/
    httproute-weight.go:77: 2026-05-07T16:48:22.202047793+02:00: Making GET request to host  via http://172.18.255.205/
    httproute-weight.go:77: 2026-05-07T16:48:22.209020394+02:00: Making GET request to host  via http://172.18.255.205/
    httproute-weight.go:77: 2026-05-07T16:48:22.246336271+02:00: Making GET request to host  via http://172.18.255.205/
    httproute-weight.go:77: 2026-05-07T16:48:22.311495387+02:00: Making GET request to host  via http://172.18.255.205/
    httproute-weight.go:77: 2026-05-07T16:48:22.432862376+02:00: Making GET request to host  via http://172.18.255.205/
    httproute-weight.go:77: 2026-05-07T16:48:22.456937055+02:00: Making GET request to host  via http://172.18.255.205/
    httproute-weight.go:77: 2026-05-07T16:48:22.464457134+02:00: Making GET request to host  via http://172.18.255.205/
    httproute-weight.go:77: 2026-05-07T16:48:22.476450152+02:00: Making GET request to host  via http://172.18.255.205/
    httproute-weight.go:77: 2026-05-07T16:48:22.666590682+02:00: Making GET request to host  via http://172.18.255.205/
    httproute-weight.go:77: 2026-05-07T16:48:22.673870729+02:00: Making GET request to host  via http://172.18.255.205/
    httproute-weight.go:77: 2026-05-07T16:48:22.702893451+02:00: Making GET request to host  via http://172.18.255.205/
    httproute-weight.go:77: 2026-05-07T16:48:22.707397854+02:00: Making GET request to host  via http://172.18.255.205/
    httproute-weight.go:77: 2026-05-07T16:48:22.717010825+02:00: Making GET request to host  via http://172.18.255.205/
    httproute-weight.go:77: 2026-05-07T16:48:22.719390788+02:00: Making GET request to host  via http://172.18.255.205/
    httproute-weight.go:77: 2026-05-07T16:48:22.722690102+02:00: Making GET request to host  via http://172.18.255.205/
    httproute-weight.go:77: 2026-05-07T16:48:22.730625622+02:00: Making GET request to host  via http://172.18.255.205/
    httproute-weight.go:77: 2026-05-07T16:48:22.732933838+02:00: Making GET request to host  via http://172.18.255.205/
    httproute-weight.go:77: 2026-05-07T16:48:22.807745533+02:00: Making GET request to host  via http://172.18.255.205/
    httproute-weight.go:77: 2026-05-07T16:48:22.854497127+02:00: Making GET request to host  via http://172.18.255.205/
    httproute-weight.go:77: 2026-05-07T16:48:22.97495581+02:00: Making GET request to host  via http://172.18.255.205/
    httproute-weight.go:77: 2026-05-07T16:48:22.984546761+02:00: Making GET request to host  via http://172.18.255.205/
    httproute-weight.go:77: 2026-05-07T16:48:23.048254669+02:00: Making GET request to host  via http://172.18.255.205/
    httproute-weight.go:77: 2026-05-07T16:48:23.05121202+02:00: Making GET request to host  via http://172.18.255.205/
    httproute-weight.go:77: 2026-05-07T16:48:23.057330473+02:00: Making GET request to host  via http://172.18.255.205/
    httproute-weight.go:77: 2026-05-07T16:48:23.207645504+02:00: Making GET request to host  via http://172.18.255.205/
    httproute-weight.go:77: 2026-05-07T16:48:23.218930969+02:00: Making GET request to host  via http://172.18.255.205/
    httproute-weight.go:77: 2026-05-07T16:48:23.296079327+02:00: Making GET request to host  via http://172.18.255.205/
    httproute-weight.go:77: 2026-05-07T16:48:23.298499385+02:00: Making GET request to host  via http://172.18.255.205/
    httproute-weight.go:77: 2026-05-07T16:48:23.302807182+02:00: Making GET request to host  via http://172.18.255.205/
    httproute-weight.go:77: 2026-05-07T16:48:23.308410825+02:00: Making GET request to host  via http://172.18.255.205/
    httproute-weight.go:77: 2026-05-07T16:48:23.348579969+02:00: Making GET request to host  via http://172.18.255.205/
    httproute-weight.go:77: 2026-05-07T16:48:23.355517012+02:00: Making GET request to host  via http://172.18.255.205/
    httproute-weight.go:77: 2026-05-07T16:48:23.433400687+02:00: Making GET request to host  via http://172.18.255.205/
    httproute-weight.go:77: 2026-05-07T16:48:23.439886503+02:00: Making GET request to host  via http://172.18.255.205/
    httproute-weight.go:77: 2026-05-07T16:48:23.467972877+02:00: Making GET request to host  via http://172.18.255.205/
    httproute-weight.go:77: 2026-05-07T16:48:23.474813439+02:00: Making GET request to host  via http://172.18.255.205/
    httproute-weight.go:77: 2026-05-07T16:48:23.575385481+02:00: Making GET request to host  via http://172.18.255.205/
    httproute-weight.go:77: 2026-05-07T16:48:23.618860177+02:00: Making GET request to host  via http://172.18.255.205/
    httproute-weight.go:77: 2026-05-07T16:48:23.62737589+02:00: Making GET request to host  via http://172.18.255.205/
    httproute-weight.go:77: 2026-05-07T16:48:23.684570518+02:00: Making GET request to host  via http://172.18.255.205/
    httproute-weight.go:77: 2026-05-07T16:48:23.684569754+02:00: Making GET request to host  via http://172.18.255.205/
    httproute-weight.go:77: 2026-05-07T16:48:23.708808693+02:00: Making GET request to host  via http://172.18.255.205/
    httproute-weight.go:77: 2026-05-07T16:48:23.778261785+02:00: Making GET request to host  via http://172.18.255.205/
    httproute-weight.go:77: 2026-05-07T16:48:23.798673363+02:00: Making GET request to host  via http://172.18.255.205/
    httproute-weight.go:77: 2026-05-07T16:48:23.855220224+02:00: Making GET request to host  via http://172.18.255.205/
    httproute-weight.go:77: 2026-05-07T16:48:23.861967925+02:00: Making GET request to host  via http://172.18.255.205/
    httproute-weight.go:77: 2026-05-07T16:48:23.868034705+02:00: Making GET request to host  via http://172.18.255.205/
    httproute-weight.go:77: 2026-05-07T16:48:23.883769809+02:00: Making GET request to host  via http://172.18.255.205/
    httproute-weight.go:77: 2026-05-07T16:48:23.898516206+02:00: Making GET request to host  via http://172.18.255.205/
    httproute-weight.go:77: 2026-05-07T16:48:23.935137534+02:00: Making GET request to host  via http://172.18.255.205/
    httproute-weight.go:77: 2026-05-07T16:48:23.950197129+02:00: Making GET request to host  via http://172.18.255.205/
    httproute-weight.go:77: 2026-05-07T16:48:23.959437584+02:00: Making GET request to host  via http://172.18.255.205/
    httproute-weight.go:77: 2026-05-07T16:48:23.966435113+02:00: Making GET request to host  via http://172.18.255.205/
    httproute-weight.go:77: 2026-05-07T16:48:23.973434538+02:00: Making GET request to host  via http://172.18.255.205/
    httproute-weight.go:77: 2026-05-07T16:48:24.087293817+02:00: Making GET request to host  via http://172.18.255.205/
    httproute-weight.go:77: 2026-05-07T16:48:24.09425185+02:00: Making GET request to host  via http://172.18.255.205/
    httproute-weight.go:77: 2026-05-07T16:48:24.099571455+02:00: Making GET request to host  via http://172.18.255.205/
    httproute-weight.go:77: 2026-05-07T16:48:24.100893456+02:00: Making GET request to host  via http://172.18.255.205/
    httproute-weight.go:77: 2026-05-07T16:48:24.107606481+02:00: Making GET request to host  via http://172.18.255.205/
    httproute-weight.go:77: 2026-05-07T16:48:24.172348581+02:00: Making GET request to host  via http://172.18.255.205/
    httproute-weight.go:77: 2026-05-07T16:48:24.178779801+02:00: Making GET request to host  via http://172.18.255.205/
    httproute-weight.go:77: 2026-05-07T16:48:24.181115677+02:00: Making GET request to host  via http://172.18.255.205/
    httproute-weight.go:77: 2026-05-07T16:48:24.183457033+02:00: Making GET request to host  via http://172.18.255.205/
    httproute-weight.go:77: 2026-05-07T16:48:24.338486837+02:00: Making GET request to host  via http://172.18.255.205/
    httproute-weight.go:77: 2026-05-07T16:48:24.340956996+02:00: Making GET request to host  via http://172.18.255.205/
    httproute-weight.go:77: 2026-05-07T16:48:24.346019388+02:00: Making GET request to host  via http://172.18.255.205/
    httproute-weight.go:77: 2026-05-07T16:48:24.351715103+02:00: Making GET request to host  via http://172.18.255.205/
    httproute-weight.go:77: 2026-05-07T16:48:24.38620028+02:00: Making GET request to host  via http://172.18.255.205/
    httproute-weight.go:77: 2026-05-07T16:48:24.450789052+02:00: Making GET request to host  via http://172.18.255.205/
    httproute-weight.go:77: 2026-05-07T16:48:24.457189747+02:00: Making GET request to host  via http://172.18.255.205/
    httproute-weight.go:77: 2026-05-07T16:48:24.495617594+02:00: Making GET request to host  via http://172.18.255.205/
    httproute-weight.go:77: 2026-05-07T16:48:24.560705798+02:00: Making GET request to host  via http://172.18.255.205/
    httproute-weight.go:77: 2026-05-07T16:48:24.591201257+02:00: Making GET request to host  via http://172.18.255.205/
    httproute-weight.go:77: 2026-05-07T16:48:24.628426317+02:00: Making GET request to host  via http://172.18.255.205/
    httproute-weight.go:77: 2026-05-07T16:48:24.634983486+02:00: Making GET request to host  via http://172.18.255.205/
    httproute-weight.go:77: 2026-05-07T16:48:24.637742146+02:00: Making GET request to host  via http://172.18.255.205/
    httproute-weight.go:77: 2026-05-07T16:48:24.644444205+02:00: Making GET request to host  via http://172.18.255.205/
    httproute-weight.go:77: 2026-05-07T16:48:24.657946577+02:00: Making GET request to host  via http://172.18.255.205/
    httproute-weight.go:77: 2026-05-07T16:48:24.676580622+02:00: Making GET request to host  via http://172.18.255.205/
    httproute-weight.go:77: 2026-05-07T16:48:24.681995855+02:00: Making GET request to host  via http://172.18.255.205/
    httproute-weight.go:77: 2026-05-07T16:48:24.805412488+02:00: Making GET request to host  via http://172.18.255.205/
    httproute-weight.go:77: 2026-05-07T16:48:24.81372943+02:00: Making GET request to host  via http://172.18.255.205/
    httproute-weight.go:77: 2026-05-07T16:48:24.880652655+02:00: Making GET request to host  via http://172.18.255.205/
    httproute-weight.go:77: 2026-05-07T16:48:24.887219315+02:00: Making GET request to host  via http://172.18.255.205/
    httproute-weight.go:77: 2026-05-07T16:48:24.893518583+02:00: Making GET request to host  via http://172.18.255.205/
    httproute-weight.go:77: 2026-05-07T16:48:24.911713297+02:00: Making GET request to host  via http://172.18.255.205/
    httproute-weight.go:77: 2026-05-07T16:48:24.918311922+02:00: Making GET request to host  via http://172.18.255.205/
    httproute-weight.go:77: 2026-05-07T16:48:24.925669915+02:00: Making GET request to host  via http://172.18.255.205/
    httproute-weight.go:77: 2026-05-07T16:48:24.939377152+02:00: Making GET request to host  via http://172.18.255.205/
    httproute-weight.go:77: 2026-05-07T16:48:25.056332263+02:00: Making GET request to host  via http://172.18.255.205/
    httproute-weight.go:77: 2026-05-07T16:48:25.057728761+02:00: Making GET request to host  via http://172.18.255.205/
    httproute-weight.go:77: 2026-05-07T16:48:25.069359975+02:00: Making GET request to host  via http://172.18.255.205/
    httproute-weight.go:77: 2026-05-07T16:48:25.10108177+02:00: Making GET request to host  via http://172.18.255.205/
    httproute-weight.go:77: 2026-05-07T16:48:25.108467812+02:00: Making GET request to host  via http://172.18.255.205/
    httproute-weight.go:77: 2026-05-07T16:48:25.207955774+02:00: Making GET request to host  via http://172.18.255.205/
    httproute-weight.go:77: 2026-05-07T16:48:25.209324443+02:00: Making GET request to host  via http://172.18.255.205/
    httproute-weight.go:77: 2026-05-07T16:48:25.214714364+02:00: Making GET request to host  via http://172.18.255.205/
    httproute-weight.go:77: 2026-05-07T16:48:25.220750239+02:00: Making GET request to host  via http://172.18.255.205/
    httproute-weight.go:77: 2026-05-07T16:48:25.227403816+02:00: Making GET request to host  via http://172.18.255.205/
    httproute-weight.go:77: 2026-05-07T16:48:25.248195314+02:00: Making GET request to host  via http://172.18.255.205/
    httproute-weight.go:77: 2026-05-07T16:48:25.449120275+02:00: Making GET request to host  via http://172.18.255.205/
    httproute-weight.go:77: 2026-05-07T16:48:25.456023152+02:00: Making GET request to host  via http://172.18.255.205/
    httproute-weight.go:77: 2026-05-07T16:48:25.468561126+02:00: Making GET request to host  via http://172.18.255.205/
    httproute-weight.go:77: 2026-05-07T16:48:25.501268816+02:00: Making GET request to host  via http://172.18.255.205/
    httproute-weight.go:77: 2026-05-07T16:48:25.507854465+02:00: Making GET request to host  via http://172.18.255.205/
    httproute-weight.go:77: 2026-05-07T16:48:25.529157645+02:00: Making GET request to host  via http://172.18.255.205/
    httproute-weight.go:77: 2026-05-07T16:48:25.535737671+02:00: Making GET request to host  via http://172.18.255.205/
    httproute-weight.go:77: 2026-05-07T16:48:25.559054678+02:00: Making GET request to host  via http://172.18.255.205/
    httproute-weight.go:77: 2026-05-07T16:48:25.595038552+02:00: Making GET request to host  via http://172.18.255.205/
    httproute-weight.go:77: 2026-05-07T16:48:25.595037253+02:00: Making GET request to host  via http://172.18.255.205/
    httproute-weight.go:77: 2026-05-07T16:48:25.635489682+02:00: Making GET request to host  via http://172.18.255.205/
    httproute-weight.go:77: 2026-05-07T16:48:25.643541579+02:00: Making GET request to host  via http://172.18.255.205/
    httproute-weight.go:77: 2026-05-07T16:48:25.649864274+02:00: Making GET request to host  via http://172.18.255.205/
    httproute-weight.go:77: 2026-05-07T16:48:25.678874642+02:00: Making GET request to host  via http://172.18.255.205/
    httproute-weight.go:77: 2026-05-07T16:48:25.683266471+02:00: Making GET request to host  via http://172.18.255.205/
    httproute-weight.go:77: 2026-05-07T16:48:25.687158847+02:00: Making GET request to host  via http://172.18.255.205/
    httproute-weight.go:77: 2026-05-07T16:48:25.692910857+02:00: Making GET request to host  via http://172.18.255.205/
    httproute-weight.go:77: 2026-05-07T16:48:25.80913779+02:00: Making GET request to host  via http://172.18.255.205/
    httproute-weight.go:77: 2026-05-07T16:48:25.884004124+02:00: Making GET request to host  via http://172.18.255.205/
    httproute-weight.go:77: 2026-05-07T16:48:25.89110452+02:00: Making GET request to host  via http://172.18.255.205/
    httproute-weight.go:77: 2026-05-07T16:48:25.898059907+02:00: Making GET request to host  via http://172.18.255.205/
    httproute-weight.go:77: 2026-05-07T16:48:25.975263117+02:00: Making GET request to host  via http://172.18.255.205/
    httproute-weight.go:77: 2026-05-07T16:48:26.003755188+02:00: Making GET request to host  via http://172.18.255.205/
    httproute-weight.go:77: 2026-05-07T16:48:26.012497446+02:00: Making GET request to host  via http://172.18.255.205/
    httproute-weight.go:77: 2026-05-07T16:48:26.078263138+02:00: Making GET request to host  via http://172.18.255.205/
    httproute-weight.go:77: 2026-05-07T16:48:26.081295192+02:00: Making GET request to host  via http://172.18.255.205/
    httproute-weight.go:77: 2026-05-07T16:48:26.088441723+02:00: Making GET request to host  via http://172.18.255.205/
    httproute-weight.go:77: 2026-05-07T16:48:26.192505878+02:00: Making GET request to host  via http://172.18.255.205/
    httproute-weight.go:77: 2026-05-07T16:48:26.294050204+02:00: Making GET request to host  via http://172.18.255.205/
    httproute-weight.go:77: 2026-05-07T16:48:26.344993237+02:00: Making GET request to host  via http://172.18.255.205/
    httproute-weight.go:77: 2026-05-07T16:48:26.35242222+02:00: Making GET request to host  via http://172.18.255.205/
    httproute-weight.go:77: 2026-05-07T16:48:26.394430493+02:00: Making GET request to host  via http://172.18.255.205/
    httproute-weight.go:77: 2026-05-07T16:48:26.415077519+02:00: Making GET request to host  via http://172.18.255.205/
    httproute-weight.go:77: 2026-05-07T16:48:26.462434478+02:00: Making GET request to host  via http://172.18.255.205/
    httproute-weight.go:77: 2026-05-07T16:48:26.530492898+02:00: Making GET request to host  via http://172.18.255.205/
    httproute-weight.go:77: 2026-05-07T16:48:26.619904693+02:00: Making GET request to host  via http://172.18.255.205/
    httproute-weight.go:77: 2026-05-07T16:48:26.681476698+02:00: Making GET request to host  via http://172.18.255.205/
    httproute-weight.go:77: 2026-05-07T16:48:26.688859374+02:00: Making GET request to host  via http://172.18.255.205/
    httproute-weight.go:77: 2026-05-07T16:48:26.696590435+02:00: Making GET request to host  via http://172.18.255.205/
    httproute-weight.go:77: 2026-05-07T16:48:26.705766882+02:00: Making GET request to host  via http://172.18.255.205/
    httproute-weight.go:77: 2026-05-07T16:48:26.745788549+02:00: Making GET request to host  via http://172.18.255.205/
    httproute-weight.go:77: 2026-05-07T16:48:26.80761135+02:00: Making GET request to host  via http://172.18.255.205/
    httproute-weight.go:77: 2026-05-07T16:48:26.859835333+02:00: Making GET request to host  via http://172.18.255.205/
    httproute-weight.go:77: 2026-05-07T16:48:26.876272958+02:00: Making GET request to host  via http://172.18.255.205/
    httproute-weight.go:77: 2026-05-07T16:48:27.055560496+02:00: Making GET request to host  via http://172.18.255.205/
    httproute-weight.go:77: 2026-05-07T16:48:27.062566278+02:00: Making GET request to host  via http://172.18.255.205/
    httproute-weight.go:77: 2026-05-07T16:48:27.069828317+02:00: Making GET request to host  via http://172.18.255.205/
    httproute-weight.go:77: 2026-05-07T16:48:27.113133475+02:00: Making GET request to host  via http://172.18.255.205/
    httproute-weight.go:77: 2026-05-07T16:48:27.357800607+02:00: Making GET request to host  via http://172.18.255.205/
    httproute-weight.go:77: 2026-05-07T16:48:27.415682725+02:00: Making GET request to host  via http://172.18.255.205/
    httproute-weight.go:77: 2026-05-07T16:48:27.428190841+02:00: Making GET request to host  via http://172.18.255.205/
    httproute-weight.go:77: 2026-05-07T16:48:27.434685607+02:00: Making GET request to host  via http://172.18.255.205/
    httproute-weight.go:77: 2026-05-07T16:48:27.441055308+02:00: Making GET request to host  via http://172.18.255.205/
    httproute-weight.go:77: 2026-05-07T16:48:27.464570427+02:00: Making GET request to host  via http://172.18.255.205/
    httproute-weight.go:77: 2026-05-07T16:48:27.471327663+02:00: Making GET request to host  via http://172.18.255.205/
    httproute-weight.go:77: 2026-05-07T16:48:27.508212335+02:00: Making GET request to host  via http://172.18.255.205/
    httproute-weight.go:77: 2026-05-07T16:48:27.511727895+02:00: Making GET request to host  via http://172.18.255.205/
    httproute-weight.go:77: 2026-05-07T16:48:27.51847914+02:00: Making GET request to host  via http://172.18.255.205/
    httproute-weight.go:77: 2026-05-07T16:48:27.561705583+02:00: Making GET request to host  via http://172.18.255.205/
    httproute-weight.go:77: 2026-05-07T16:48:27.568216831+02:00: Making GET request to host  via http://172.18.255.205/
    httproute-weight.go:77: 2026-05-07T16:48:27.600662772+02:00: Making GET request to host  via http://172.18.255.205/
    httproute-weight.go:77: 2026-05-07T16:48:27.612794581+02:00: Making GET request to host  via http://172.18.255.205/
    httproute-weight.go:77: 2026-05-07T16:48:27.619386221+02:00: Making GET request to host  via http://172.18.255.205/
    httproute-weight.go:77: 2026-05-07T16:48:27.688266349+02:00: Making GET request to host  via http://172.18.255.205/
    httproute-weight.go:77: 2026-05-07T16:48:27.689678111+02:00: Making GET request to host  via http://172.18.255.205/
    httproute-weight.go:77: 2026-05-07T16:48:27.700543771+02:00: Making GET request to host  via http://172.18.255.205/
    httproute-weight.go:77: 2026-05-07T16:48:27.713250097+02:00: Making GET request to host  via http://172.18.255.205/
    httproute-weight.go:77: 2026-05-07T16:48:27.740393146+02:00: Making GET request to host  via http://172.18.255.205/
    httproute-weight.go:77: 2026-05-07T16:48:27.754268723+02:00: Making GET request to host  via http://172.18.255.205/
    httproute-weight.go:77: 2026-05-07T16:48:27.771893661+02:00: Making GET request to host  via http://172.18.255.205/
    httproute-weight.go:77: 2026-05-07T16:48:27.877560596+02:00: Making GET request to host  via http://172.18.255.205/
    httproute-weight.go:77: 2026-05-07T16:48:27.927193351+02:00: Making GET request to host  via http://172.18.255.205/
    httproute-weight.go:77: 2026-05-07T16:48:27.951396405+02:00: Making GET request to host  via http://172.18.255.205/
    httproute-weight.go:77: 2026-05-07T16:48:28.018717918+02:00: Making GET request to host  via http://172.18.255.205/
    httproute-weight.go:77: 2026-05-07T16:48:28.025534022+02:00: Making GET request to host  via http://172.18.255.205/
    httproute-weight.go:77: 2026-05-07T16:48:28.085911419+02:00: Making GET request to host  via http://172.18.255.205/
    httproute-weight.go:77: 2026-05-07T16:48:28.158834506+02:00: Making GET request to host  via http://172.18.255.205/
    httproute-weight.go:77: 2026-05-07T16:48:28.417436014+02:00: Making GET request to host  via http://172.18.255.205/
    httproute-weight.go:77: 2026-05-07T16:48:28.433785852+02:00: Making GET request to host  via http://172.18.255.205/
    httproute-weight.go:77: 2026-05-07T16:48:28.455193515+02:00: Making GET request to host  via http://172.18.255.205/
    httproute-weight.go:77: 2026-05-07T16:48:28.462018997+02:00: Making GET request to host  via http://172.18.255.205/
    httproute-weight.go:77: 2026-05-07T16:48:28.490058406+02:00: Making GET request to host  via http://172.18.255.205/
    httproute-weight.go:77: 2026-05-07T16:48:28.57063686+02:00: Making GET request to host  via http://172.18.255.205/
    httproute-weight.go:77: 2026-05-07T16:48:28.571938541+02:00: Making GET request to host  via http://172.18.255.205/
    httproute-weight.go:77: 2026-05-07T16:48:28.583578051+02:00: Making GET request to host  via http://172.18.255.205/
    httproute-weight.go:77: 2026-05-07T16:48:28.644057725+02:00: Making GET request to host  via http://172.18.255.205/
    httproute-weight.go:77: 2026-05-07T16:48:28.701172864+02:00: Making GET request to host  via http://172.18.255.205/
    httproute-weight.go:77: 2026-05-07T16:48:28.708029829+02:00: Making GET request to host  via http://172.18.255.205/
    httproute-weight.go:77: 2026-05-07T16:48:28.715588084+02:00: Making GET request to host  via http://172.18.255.205/
    httproute-weight.go:77: 2026-05-07T16:48:28.716875491+02:00: Making GET request to host  via http://172.18.255.205/
    httproute-weight.go:77: 2026-05-07T16:48:28.791220334+02:00: Making GET request to host  via http://172.18.255.205/
    httproute-weight.go:77: 2026-05-07T16:48:28.829037559+02:00: Making GET request to host  via http://172.18.255.205/
    httproute-weight.go:77: 2026-05-07T16:48:28.994893793+02:00: Making GET request to host  via http://172.18.255.205/
    httproute-weight.go:77: 2026-05-07T16:48:29.003037171+02:00: Making GET request to host  via http://172.18.255.205/
    httproute-weight.go:77: 2026-05-07T16:48:29.025334438+02:00: Making GET request to host  via http://172.18.255.205/
    httproute-weight.go:77: 2026-05-07T16:48:29.070061649+02:00: Making GET request to host  via http://172.18.255.205/
    httproute-weight.go:77: 2026-05-07T16:48:29.123714473+02:00: Making GET request to host  via http://172.18.255.205/
    httproute-weight.go:77: 2026-05-07T16:48:29.149061189+02:00: Making GET request to host  via http://172.18.255.205/
    httproute-weight.go:77: 2026-05-07T16:48:29.224657663+02:00: Making GET request to host  via http://172.18.255.205/
    httproute-weight.go:77: 2026-05-07T16:48:29.231433225+02:00: Making GET request to host  via http://172.18.255.205/
    httproute-weight.go:77: 2026-05-07T16:48:29.238563258+02:00: Making GET request to host  via http://172.18.255.205/
    httproute-weight.go:77: 2026-05-07T16:48:29.238975455+02:00: Making GET request to host  via http://172.18.255.205/
    httproute-weight.go:77: 2026-05-07T16:48:29.245024183+02:00: Making GET request to host  via http://172.18.255.205/
    httproute-weight.go:77: 2026-05-07T16:48:29.250965921+02:00: Making GET request to host  via http://172.18.255.205/
    httproute-weight.go:77: 2026-05-07T16:48:29.251007687+02:00: Making GET request to host  via http://172.18.255.205/
    httproute-weight.go:77: 2026-05-07T16:48:29.262347336+02:00: Making GET request to host  via http://172.18.255.205/
    httproute-weight.go:77: 2026-05-07T16:48:29.283418481+02:00: Making GET request to host  via http://172.18.255.205/
    httproute-weight.go:77: 2026-05-07T16:48:29.298578423+02:00: Making GET request to host  via http://172.18.255.205/
    httproute-weight.go:77: 2026-05-07T16:48:29.370968106+02:00: Making GET request to host  via http://172.18.255.205/
    httproute-weight.go:77: 2026-05-07T16:48:29.37815356+02:00: Making GET request to host  via http://172.18.255.205/
    httproute-weight.go:77: 2026-05-07T16:48:29.383499027+02:00: Making GET request to host  via http://172.18.255.205/
    httproute-weight.go:77: 2026-05-07T16:48:29.450569818+02:00: Making GET request to host  via http://172.18.255.205/
    httproute-weight.go:77: 2026-05-07T16:48:29.489630377+02:00: Making GET request to host  via http://172.18.255.205/
    httproute-weight.go:77: 2026-05-07T16:48:29.619269174+02:00: Making GET request to host  via http://172.18.255.205/
    httproute-weight.go:77: 2026-05-07T16:48:29.671440017+02:00: Making GET request to host  via http://172.18.255.205/
    httproute-weight.go:77: 2026-05-07T16:48:29.696790039+02:00: Making GET request to host  via http://172.18.255.205/
    httproute-weight.go:77: 2026-05-07T16:48:29.723424298+02:00: Making GET request to host  via http://172.18.255.205/
    httproute-weight.go:77: 2026-05-07T16:48:29.873492467+02:00: Making GET request to host  via http://172.18.255.205/
    httproute-weight.go:77: 2026-05-07T16:48:29.873766898+02:00: Making GET request to host  via http://172.18.255.205/
    httproute-weight.go:77: 2026-05-07T16:48:29.898859494+02:00: Making GET request to host  via http://172.18.255.205/
    httproute-weight.go:77: 2026-05-07T16:48:29.912446396+02:00: Making GET request to host  via http://172.18.255.205/
    httproute-weight.go:77: 2026-05-07T16:48:29.918522992+02:00: Making GET request to host  via http://172.18.255.205/
    httproute-weight.go:77: 2026-05-07T16:48:29.963843577+02:00: Making GET request to host  via http://172.18.255.205/
    httproute-weight.go:77: 2026-05-07T16:48:29.963827115+02:00: Making GET request to host  via http://172.18.255.205/
    httproute-weight.go:77: 2026-05-07T16:48:29.970603314+02:00: Making GET request to host  via http://172.18.255.205/
    httproute-weight.go:77: 2026-05-07T16:48:29.97844024+02:00: Making GET request to host  via http://172.18.255.205/
    httproute-weight.go:77: 2026-05-07T16:48:30.195140012+02:00: Making GET request to host  via http://172.18.255.205/
    httproute-weight.go:77: 2026-05-07T16:48:30.200577427+02:00: Making GET request to host  via http://172.18.255.205/
    httproute-weight.go:77: 2026-05-07T16:48:30.207224131+02:00: Making GET request to host  via http://172.18.255.205/
    httproute-weight.go:77: 2026-05-07T16:48:30.278498319+02:00: Making GET request to host  via http://172.18.255.205/
    httproute-weight.go:77: 2026-05-07T16:48:30.322189205+02:00: Making GET request to host  via http://172.18.255.205/
    httproute-weight.go:77: 2026-05-07T16:48:30.384945878+02:00: Making GET request to host  via http://172.18.255.205/
    httproute-weight.go:77: 2026-05-07T16:48:30.393027124+02:00: Making GET request to host  via http://172.18.255.205/
    httproute-weight.go:77: 2026-05-07T16:48:30.454801563+02:00: Making GET request to host  via http://172.18.255.205/
    httproute-weight.go:77: 2026-05-07T16:48:30.454804611+02:00: Making GET request to host  via http://172.18.255.205/
    httproute-weight.go:77: 2026-05-07T16:48:30.479963614+02:00: Making GET request to host  via http://172.18.255.205/
    httproute-weight.go:77: 2026-05-07T16:48:30.548663137+02:00: Making GET request to host  via http://172.18.255.205/
    httproute-weight.go:77: 2026-05-07T16:48:30.555122983+02:00: Making GET request to host  via http://172.18.255.205/
    httproute-weight.go:77: 2026-05-07T16:48:30.653872276+02:00: Making GET request to host  via http://172.18.255.205/
    httproute-weight.go:77: 2026-05-07T16:48:30.709342201+02:00: Making GET request to host  via http://172.18.255.205/
    httproute-weight.go:77: 2026-05-07T16:48:30.723731833+02:00: Making GET request to host  via http://172.18.255.205/
    httproute-weight.go:77: 2026-05-07T16:48:30.746420973+02:00: Making GET request to host  via http://172.18.255.205/
    httproute-weight.go:77: 2026-05-07T16:48:30.780122437+02:00: Making GET request to host  via http://172.18.255.205/
    httproute-weight.go:77: 2026-05-07T16:48:30.8067204+02:00: Making GET request to host  via http://172.18.255.205/
    httproute-weight.go:77: 2026-05-07T16:48:30.870331952+02:00: Making GET request to host  via http://172.18.255.205/
    httproute-weight.go:77: 2026-05-07T16:48:30.942592463+02:00: Making GET request to host  via http://172.18.255.205/
    httproute-weight.go:77: 2026-05-07T16:48:30.959960307+02:00: Making GET request to host  via http://172.18.255.205/
    httproute-weight.go:77: 2026-05-07T16:48:31.031691186+02:00: Making GET request to host  via http://172.18.255.205/
    httproute-weight.go:77: 2026-05-07T16:48:31.097480526+02:00: Making GET request to host  via http://172.18.255.205/
    httproute-weight.go:77: 2026-05-07T16:48:31.101900687+02:00: Making GET request to host  via http://172.18.255.205/
    httproute-weight.go:77: 2026-05-07T16:48:31.110931113+02:00: Making GET request to host  via http://172.18.255.205/
    httproute-weight.go:77: 2026-05-07T16:48:31.117449793+02:00: Making GET request to host  via http://172.18.255.205/
    httproute-weight.go:77: 2026-05-07T16:48:31.124881517+02:00: Making GET request to host  via http://172.18.255.205/
    httproute-weight.go:77: 2026-05-07T16:48:31.167257704+02:00: Making GET request to host  via http://172.18.255.205/
    httproute-weight.go:77: 2026-05-07T16:48:31.192683092+02:00: Making GET request to host  via http://172.18.255.205/
    httproute-weight.go:77: 2026-05-07T16:48:31.198058892+02:00: Making GET request to host  via http://172.18.255.205/
    httproute-weight.go:77: 2026-05-07T16:48:31.240474202+02:00: Making GET request to host  via http://172.18.255.205/
    httproute-weight.go:77: 2026-05-07T16:48:31.242920765+02:00: Making GET request to host  via http://172.18.255.205/
    httproute-weight.go:77: 2026-05-07T16:48:31.282729089+02:00: Making GET request to host  via http://172.18.255.205/
    httproute-weight.go:77: 2026-05-07T16:48:31.466286579+02:00: Making GET request to host  via http://172.18.255.205/
    httproute-weight.go:77: 2026-05-07T16:48:31.471398166+02:00: Making GET request to host  via http://172.18.255.205/
    httproute-weight.go:77: 2026-05-07T16:48:31.473956313+02:00: Making GET request to host  via http://172.18.255.205/
    httproute-weight.go:77: 2026-05-07T16:48:31.638667706+02:00: Making GET request to host  via http://172.18.255.205/
    httproute-weight.go:77: 2026-05-07T16:48:31.644204201+02:00: Making GET request to host  via http://172.18.255.205/
    httproute-weight.go:77: 2026-05-07T16:48:31.946944776+02:00: Making GET request to host  via http://172.18.255.205/
    httproute-weight.go:77: 2026-05-07T16:48:31.964438426+02:00: Making GET request to host  via http://172.18.255.205/
    httproute-weight.go:77: 2026-05-07T16:48:32.014933682+02:00: Making GET request to host  via http://172.18.255.205/
    httproute-weight.go:77: 2026-05-07T16:48:33.382832027+02:00: Making GET request to host  via http://172.18.255.205/
    httproute-weight.go:77: 2026-05-07T16:48:33.382972407+02:00: Making GET request to host  via http://172.18.255.205/
    httproute-weight.go:77: 2026-05-07T16:48:34.184078904+02:00: Making GET request to host  via http://172.18.255.205/
    httproute-weight.go:77: 2026-05-07T16:48:34.229562605+02:00: Making GET request to host  via http://172.18.255.205/
    httproute-weight.go:77: 2026-05-07T16:48:35.448271493+02:00: Making GET request to host  via http://172.18.255.205/
    httproute-weight.go:77: 2026-05-07T16:48:35.455079743+02:00: Making GET request to host  via http://172.18.255.205/
    httproute-weight.go:77: 2026-05-07T16:48:35.460682806+02:00: Making GET request to host  via http://172.18.255.205/
    httproute-weight.go:77: 2026-05-07T16:48:35.467685756+02:00: Making GET request to host  via http://172.18.255.205/
    httproute-weight.go:77: 2026-05-07T16:48:35.467736962+02:00: Making GET request to host  via http://172.18.255.205/
    httproute-weight.go:77: 2026-05-07T16:48:35.479716336+02:00: Making GET request to host  via http://172.18.255.205/
    httproute-weight.go:77: 2026-05-07T16:48:35.479808239+02:00: Making GET request to host  via http://172.18.255.205/
    httproute-weight.go:77: 2026-05-07T16:48:35.513677151+02:00: Making GET request to host  via http://172.18.255.205/
    httproute-weight.go:77: 2026-05-07T16:48:35.571030078+02:00: Making GET request to host  via http://172.18.255.205/
    httproute-weight.go:77: 2026-05-07T16:48:35.578048788+02:00: Making GET request to host  via http://172.18.255.205/
    httproute-weight.go:77: 2026-05-07T16:48:35.592095886+02:00: Making GET request to host  via http://172.18.255.205/
    httproute-weight.go:77: 2026-05-07T16:48:35.630527355+02:00: Making GET request to host  via http://172.18.255.205/
    httproute-weight.go:77: 2026-05-07T16:48:35.67791012+02:00: Making GET request to host  via http://172.18.255.205/
    httproute-weight.go:77: 2026-05-07T16:48:35.911601303+02:00: Making GET request to host  via http://172.18.255.205/
    httproute-weight.go:77: 2026-05-07T16:48:35.912873159+02:00: Making GET request to host  via http://172.18.255.205/
    httproute-weight.go:77: 2026-05-07T16:48:35.917185399+02:00: Making GET request to host  via http://172.18.255.205/
    httproute-weight.go:77: 2026-05-07T16:48:35.988484531+02:00: Making GET request to host  via http://172.18.255.205/
    httproute-weight.go:77: 2026-05-07T16:48:35.991934559+02:00: Making GET request to host  via http://172.18.255.205/
    httproute-weight.go:77: 2026-05-07T16:48:36.014332076+02:00: Making GET request to host  via http://172.18.255.205/
    httproute-weight.go:77: 2026-05-07T16:48:36.125807285+02:00: Making GET request to host  via http://172.18.255.205/
    httproute-weight.go:77: 2026-05-07T16:48:36.26728954+02:00: Making GET request to host  via http://172.18.255.205/
    httproute-weight.go:77: 2026-05-07T16:48:36.364691084+02:00: Making GET request to host  via http://172.18.255.205/
    httproute-weight.go:77: 2026-05-07T16:48:36.630269132+02:00: Making GET request to host  via http://172.18.255.205/
    httproute-weight.go:77: 2026-05-07T16:48:38.376822542+02:00: Making GET request to host  via http://172.18.255.205/
    httproute-weight.go:77: 2026-05-07T16:48:38.376915148+02:00: Making GET request to host  via http://172.18.255.205/
    httproute-weight.go:77: 2026-05-07T16:48:38.377041007+02:00: Making GET request to host  via http://172.18.255.205/
    httproute-weight.go:77: 2026-05-07T16:48:38.377151157+02:00: Making GET request to host  via http://172.18.255.205/
    httproute-weight.go:77: 2026-05-07T16:48:38.377284034+02:00: Making GET request to host  via http://172.18.255.205/
    httproute-weight.go:77: 2026-05-07T16:48:38.682054631+02:00: Making GET request to host  via http://172.18.255.205/
    httproute-weight.go:77: 2026-05-07T16:48:38.68936105+02:00: Making GET request to host  via http://172.18.255.205/
    httproute-weight.go:77: 2026-05-07T16:48:38.723720573+02:00: Making GET request to host  via http://172.18.255.205/
    httproute-weight.go:77: 2026-05-07T16:48:38.73014166+02:00: Making GET request to host  via http://172.18.255.205/
    httproute-weight.go:77: 2026-05-07T16:48:38.737420489+02:00: Making GET request to host  via http://172.18.255.205/
    httproute-weight.go:77: 2026-05-07T16:48:38.771206874+02:00: Making GET request to host  via http://172.18.255.205/
    httproute-weight.go:77: 2026-05-07T16:48:38.77363743+02:00: Making GET request to host  via http://172.18.255.205/
    httproute-weight.go:77: 2026-05-07T16:48:38.778177694+02:00: Making GET request to host  via http://172.18.255.205/
    httproute-weight.go:77: 2026-05-07T16:48:38.789391316+02:00: Making GET request to host  via http://172.18.255.205/
    httproute-weight.go:77: 2026-05-07T16:48:38.795732465+02:00: Making GET request to host  via http://172.18.255.205/
    httproute-weight.go:77: 2026-05-07T16:48:38.940341612+02:00: Making GET request to host  via http://172.18.255.205/
    httproute-weight.go:77: 2026-05-07T16:48:38.969783472+02:00: Making GET request to host  via http://172.18.255.205/
    httproute-weight.go:77: 2026-05-07T16:48:38.973401766+02:00: Making GET request to host  via http://172.18.255.205/
    httproute-weight.go:77: 2026-05-07T16:48:38.983857521+02:00: Making GET request to host  via http://172.18.255.205/
    httproute-weight.go:77: 2026-05-07T16:48:39.030282567+02:00: Making GET request to host  via http://172.18.255.205/
    httproute-weight.go:77: 2026-05-07T16:48:39.116439412+02:00: Making GET request to host  via http://172.18.255.205/
    httproute-weight.go:77: 2026-05-07T16:48:39.123519094+02:00: Making GET request to host  via http://172.18.255.205/
    httproute-weight.go:77: 2026-05-07T16:48:39.130082956+02:00: Making GET request to host  via http://172.18.255.205/
    httproute-weight.go:77: 2026-05-07T16:48:39.133458125+02:00: Making GET request to host  via http://172.18.255.205/
    httproute-weight.go:77: 2026-05-07T16:48:39.219598613+02:00: Making GET request to host  via http://172.18.255.205/
    httproute-weight.go:77: 2026-05-07T16:48:39.234390244+02:00: Making GET request to host  via http://172.18.255.205/
    httproute-weight.go:77: 2026-05-07T16:48:39.257210701+02:00: Making GET request to host  via http://172.18.255.205/
    httproute-weight.go:77: 2026-05-07T16:48:39.273726783+02:00: Making GET request to host  via http://172.18.255.205/
    httproute-weight.go:77: 2026-05-07T16:48:39.299497624+02:00: Making GET request to host  via http://172.18.255.205/
    httproute-weight.go:77: 2026-05-07T16:48:39.399765087+02:00: Making GET request to host  via http://172.18.255.205/
    httproute-weight.go:77: 2026-05-07T16:48:39.40712363+02:00: Making GET request to host  via http://172.18.255.205/
    httproute-weight.go:77: 2026-05-07T16:48:39.496433187+02:00: Making GET request to host  via http://172.18.255.205/
    httproute-weight.go:77: 2026-05-07T16:48:39.498867927+02:00: Making GET request to host  via http://172.18.255.205/
    httproute-weight.go:77: 2026-05-07T16:48:39.503142309+02:00: Making GET request to host  via http://172.18.255.205/
    httproute-weight.go:77: 2026-05-07T16:48:39.509311072+02:00: Making GET request to host  via http://172.18.255.205/
    httproute-weight.go:77: 2026-05-07T16:48:39.509358216+02:00: Making GET request to host  via http://172.18.255.205/
    httproute-weight.go:77: 2026-05-07T16:48:39.553245898+02:00: Making GET request to host  via http://172.18.255.205/
    httproute-weight.go:77: 2026-05-07T16:48:39.561068447+02:00: Making GET request to host  via http://172.18.255.205/
    httproute-weight.go:77: 2026-05-07T16:48:39.567356052+02:00: Making GET request to host  via http://172.18.255.205/
    httproute-weight.go:77: 2026-05-07T16:48:39.573748571+02:00: Making GET request to host  via http://172.18.255.205/
    httproute-weight.go:77: 2026-05-07T16:48:39.641323892+02:00: Making GET request to host  via http://172.18.255.205/
    httproute-weight.go:77: 2026-05-07T16:48:39.647863215+02:00: Making GET request to host  via http://172.18.255.205/
    httproute-weight.go:77: 2026-05-07T16:48:39.692339793+02:00: Making GET request to host  via http://172.18.255.205/
    httproute-weight.go:77: 2026-05-07T16:48:39.720218835+02:00: Making GET request to host  via http://172.18.255.205/
    httproute-weight.go:77: 2026-05-07T16:48:39.728401196+02:00: Making GET request to host  via http://172.18.255.205/
    httproute-weight.go:77: 2026-05-07T16:48:39.734517245+02:00: Making GET request to host  via http://172.18.255.205/
    httproute-weight.go:77: 2026-05-07T16:48:39.771078712+02:00: Making GET request to host  via http://172.18.255.205/
    httproute-weight.go:77: 2026-05-07T16:48:39.793343475+02:00: Making GET request to host  via http://172.18.255.205/
    httproute-weight.go:77: 2026-05-07T16:48:39.799910928+02:00: Making GET request to host  via http://172.18.255.205/
    httproute-weight.go:77: 2026-05-07T16:48:39.806700693+02:00: Making GET request to host  via http://172.18.255.205/
    httproute-weight.go:77: 2026-05-07T16:48:39.866042986+02:00: Making GET request to host  via http://172.18.255.205/
    httproute-weight.go:77: 2026-05-07T16:48:39.88257394+02:00: Making GET request to host  via http://172.18.255.205/
    httproute-weight.go:77: 2026-05-07T16:48:39.892694269+02:00: Making GET request to host  via http://172.18.255.205/
    httproute-weight.go:77: 2026-05-07T16:48:39.901483622+02:00: Making GET request to host  via http://172.18.255.205/
    httproute-weight.go:77: 2026-05-07T16:48:39.902787756+02:00: Making GET request to host  via http://172.18.255.205/
    httproute-weight.go:77: 2026-05-07T16:48:39.913539551+02:00: Making GET request to host  via http://172.18.255.205/
    httproute-weight.go:77: 2026-05-07T16:48:39.913670035+02:00: Making GET request to host  via http://172.18.255.205/
    httproute-weight.go:77: 2026-05-07T16:48:39.927225384+02:00: Making GET request to host  via http://172.18.255.205/
    httproute-weight.go:77: 2026-05-07T16:48:39.980034551+02:00: Making GET request to host  via http://172.18.255.205/
    httproute-weight.go:77: 2026-05-07T16:48:40.002412041+02:00: Making GET request to host  via http://172.18.255.205/
    httproute-weight.go:77: 2026-05-07T16:48:40.005890164+02:00: Making GET request to host  via http://172.18.255.205/
    httproute-weight.go:77: 2026-05-07T16:48:40.127661571+02:00: Making GET request to host  via http://172.18.255.205/
    httproute-weight.go:77: 2026-05-07T16:48:40.159365297+02:00: Making GET request to host  via http://172.18.255.205/
    httproute-weight.go:77: 2026-05-07T16:48:40.253987496+02:00: Making GET request to host  via http://172.18.255.205/
    httproute-weight.go:77: 2026-05-07T16:48:40.351072685+02:00: Making GET request to host  via http://172.18.255.205/
    httproute-weight.go:77: 2026-05-07T16:48:40.352744179+02:00: Making GET request to host  via http://172.18.255.205/
    httproute-weight.go:77: 2026-05-07T16:48:40.374289472+02:00: Making GET request to host  via http://172.18.255.205/
    httproute-weight.go:77: 2026-05-07T16:48:40.386659209+02:00: Making GET request to host  via http://172.18.255.205/
    httproute-weight.go:77: 2026-05-07T16:48:40.394960239+02:00: Making GET request to host  via http://172.18.255.205/
    httproute-weight.go:77: 2026-05-07T16:48:40.534809947+02:00: Making GET request to host  via http://172.18.255.205/
    httproute-weight.go:77: 2026-05-07T16:48:40.636511321+02:00: Making GET request to host  via http://172.18.255.205/
    httproute-weight.go:77: 2026-05-07T16:48:40.700848726+02:00: Making GET request to host  via http://172.18.255.205/
    httproute-weight.go:77: 2026-05-07T16:48:40.720209645+02:00: Making GET request to host  via http://172.18.255.205/
    httproute-weight.go:77: 2026-05-07T16:48:40.762819697+02:00: Making GET request to host  via http://172.18.255.205/
    httproute-weight.go:77: 2026-05-07T16:48:40.786101112+02:00: Making GET request to host  via http://172.18.255.205/
    httproute-weight.go:77: 2026-05-07T16:48:40.823295229+02:00: Making GET request to host  via http://172.18.255.205/
    httproute-weight.go:77: 2026-05-07T16:48:40.830241526+02:00: Making GET request to host  via http://172.18.255.205/
    httproute-weight.go:77: 2026-05-07T16:48:40.91003635+02:00: Making GET request to host  via http://172.18.255.205/
    httproute-weight.go:77: 2026-05-07T16:48:40.954641349+02:00: Making GET request to host  via http://172.18.255.205/
    httproute-weight.go:77: 2026-05-07T16:48:40.99311645+02:00: Making GET request to host  via http://172.18.255.205/
    httproute-weight.go:77: 2026-05-07T16:48:41.075605287+02:00: Making GET request to host  via http://172.18.255.205/
    httproute-weight.go:77: 2026-05-07T16:48:41.147064484+02:00: Making GET request to host  via http://172.18.255.205/
    httproute-weight.go:77: 2026-05-07T16:48:41.189579747+02:00: Making GET request to host  via http://172.18.255.205/
    httproute-weight.go:77: 2026-05-07T16:48:41.200017594+02:00: Making GET request to host  via http://172.18.255.205/
    httproute-weight.go:77: 2026-05-07T16:48:41.449977323+02:00: Making GET request to host  via http://172.18.255.205/
    httproute-weight.go:77: 2026-05-07T16:48:41.456360255+02:00: Making GET request to host  via http://172.18.255.205/
    httproute-weight.go:77: 2026-05-07T16:48:41.471512135+02:00: Making GET request to host  via http://172.18.255.205/
    httproute-weight.go:77: 2026-05-07T16:48:41.478008213+02:00: Making GET request to host  via http://172.18.255.205/
    httproute-weight.go:77: 2026-05-07T16:48:41.484211444+02:00: Making GET request to host  via http://172.18.255.205/
    httproute-weight.go:77: 2026-05-07T16:48:41.491092708+02:00: Making GET request to host  via http://172.18.255.205/
    httproute-weight.go:77: 2026-05-07T16:48:41.497265131+02:00: Making GET request to host  via http://172.18.255.205/
    httproute-weight.go:77: 2026-05-07T16:48:41.765137056+02:00: Making GET request to host  via http://172.18.255.205/
    httproute-weight.go:77: 2026-05-07T16:48:41.765254426+02:00: Making GET request to host  via http://172.18.255.205/
    httproute-weight.go:77: 2026-05-07T16:48:41.77207679+02:00: Making GET request to host  via http://172.18.255.205/
    httproute-weight.go:77: 2026-05-07T16:48:41.773927438+02:00: Making GET request to host  via http://172.18.255.205/
    httproute-weight.go:77: 2026-05-07T16:48:41.778725814+02:00: Making GET request to host  via http://172.18.255.205/
    httproute-weight.go:77: 2026-05-07T16:48:41.784824783+02:00: Making GET request to host  via http://172.18.255.205/
    httproute-weight.go:77: 2026-05-07T16:48:41.801192913+02:00: Making GET request to host  via http://172.18.255.205/
    httproute-weight.go:77: 2026-05-07T16:48:41.815031197+02:00: Making GET request to host  via http://172.18.255.205/
    httproute-weight.go:77: 2026-05-07T16:48:41.884118976+02:00: Making GET request to host  via http://172.18.255.205/
    httproute-weight.go:77: 2026-05-07T16:48:41.920270563+02:00: Making GET request to host  via http://172.18.255.205/
    httproute-weight.go:77: 2026-05-07T16:48:42.076826245+02:00: Making GET request to host  via http://172.18.255.205/
    httproute-weight.go:77: 2026-05-07T16:48:42.078189346+02:00: Making GET request to host  via http://172.18.255.205/
    httproute-weight.go:77: 2026-05-07T16:48:42.291719458+02:00: Making GET request to host  via http://172.18.255.205/
    httproute-weight.go:77: 2026-05-07T16:48:42.291718029+02:00: Making GET request to host  via http://172.18.255.205/
    httproute-weight.go:77: 2026-05-07T16:48:42.361143681+02:00: Making GET request to host  via http://172.18.255.205/
    httproute-weight.go:77: 2026-05-07T16:48:42.450556787+02:00: Making GET request to host  via http://172.18.255.205/
    httproute-weight.go:77: 2026-05-07T16:48:42.558967361+02:00: Making GET request to host  via http://172.18.255.205/
    httproute-weight.go:77: 2026-05-07T16:48:42.657447258+02:00: Making GET request to host  via http://172.18.255.205/
    httproute-weight.go:77: 2026-05-07T16:48:42.754923712+02:00: Making GET request to host  via http://172.18.255.205/
    httproute-weight.go:77: 2026-05-07T16:48:42.976005997+02:00: Making GET request to host  via http://172.18.255.205/
    httproute-weight.go:77: 2026-05-07T16:48:42.976359891+02:00: Making GET request to host  via http://172.18.255.205/
    httproute-weight.go:77: 2026-05-07T16:48:42.976476025+02:00: Making GET request to host  via http://172.18.255.205/
    httproute-weight.go:77: 2026-05-07T16:48:42.988525732+02:00: Making GET request to host  via http://172.18.255.205/
    httproute-weight.go:77: 2026-05-07T16:48:42.988588189+02:00: Making GET request to host  via http://172.18.255.205/
    httproute-weight.go:77: 2026-05-07T16:48:43.020803624+02:00: Making GET request to host  via http://172.18.255.205/
    httproute-weight.go:77: 2026-05-07T16:48:43.056862086+02:00: Making GET request to host  via http://172.18.255.205/
    httproute-weight.go:77: 2026-05-07T16:48:43.239280709+02:00: Making GET request to host  via http://172.18.255.205/
    httproute-weight.go:77: 2026-05-07T16:48:43.282639119+02:00: Making GET request to host  via http://172.18.255.205/
    httproute-weight.go:77: 2026-05-07T16:48:43.290195719+02:00: Making GET request to host  via http://172.18.255.205/
    httproute-weight.go:77: 2026-05-07T16:48:43.293595935+02:00: Making GET request to host  via http://172.18.255.205/
    httproute-weight.go:77: 2026-05-07T16:48:43.427004492+02:00: Making GET request to host  via http://172.18.255.205/
    httproute-weight.go:77: 2026-05-07T16:48:43.435334214+02:00: Making GET request to host  via http://172.18.255.205/
    httproute-weight.go:77: 2026-05-07T16:48:43.464295645+02:00: Making GET request to host  via http://172.18.255.205/
    httproute-weight.go:77: 2026-05-07T16:48:43.50720254+02:00: Making GET request to host  via http://172.18.255.205/
    httproute-weight.go:77: 2026-05-07T16:48:43.579348433+02:00: Making GET request to host  via http://172.18.255.205/
    httproute-weight.go:77: 2026-05-07T16:48:43.683431479+02:00: Making GET request to host  via http://172.18.255.205/
    httproute-weight.go:77: 2026-05-07T16:48:43.693482508+02:00: Making GET request to host  via http://172.18.255.205/
    httproute-weight.go:77: 2026-05-07T16:48:43.701601993+02:00: Making GET request to host  via http://172.18.255.205/
    httproute-weight.go:77: 2026-05-07T16:48:43.785678644+02:00: Making GET request to host  via http://172.18.255.205/
    httproute-weight.go:77: 2026-05-07T16:48:43.792841854+02:00: Making GET request to host  via http://172.18.255.205/
    httproute-weight.go:77: 2026-05-07T16:48:43.801205357+02:00: Making GET request to host  via http://172.18.255.205/
    httproute-weight.go:77: 2026-05-07T16:48:43.826185943+02:00: Making GET request to host  via http://172.18.255.205/
    httproute-weight.go:77: 2026-05-07T16:48:43.854116611+02:00: Making GET request to host  via http://172.18.255.205/
    httproute-weight.go:77: 2026-05-07T16:48:43.892702281+02:00: Making GET request to host  via http://172.18.255.205/
    httproute-weight.go:77: 2026-05-07T16:48:43.952424741+02:00: Making GET request to host  via http://172.18.255.205/
    httproute-weight.go:77: 2026-05-07T16:48:43.959612775+02:00: Making GET request to host  via http://172.18.255.205/
    httproute-weight.go:77: 2026-05-07T16:48:43.963026584+02:00: Making GET request to host  via http://172.18.255.205/
    httproute-weight.go:77: 2026-05-07T16:48:43.967690611+02:00: Making GET request to host  via http://172.18.255.205/
    httproute-weight.go:77: 2026-05-07T16:48:44.004680548+02:00: Making GET request to host  via http://172.18.255.205/
    httproute-weight.go:77: 2026-05-07T16:48:44.012935857+02:00: Making GET request to host  via http://172.18.255.205/
    httproute-weight.go:77: 2026-05-07T16:48:44.123134623+02:00: Making GET request to host  via http://172.18.255.205/
    httproute-weight.go:77: 2026-05-07T16:48:44.210754693+02:00: Making GET request to host  via http://172.18.255.205/
    httproute-weight.go:77: 2026-05-07T16:48:44.307715033+02:00: Making GET request to host  via http://172.18.255.205/
    httproute-weight.go:77: 2026-05-07T16:48:44.323999961+02:00: Making GET request to host  via http://172.18.255.205/
    httproute-weight.go:77: 2026-05-07T16:48:44.329489048+02:00: Making GET request to host  via http://172.18.255.205/
    httproute-weight.go:77: 2026-05-07T16:48:44.337600667+02:00: Making GET request to host  via http://172.18.255.205/
    httproute-weight.go:77: 2026-05-07T16:48:44.345235809+02:00: Making GET request to host  via http://172.18.255.205/
    httproute-weight.go:77: 2026-05-07T16:48:44.375414464+02:00: Making GET request to host  via http://172.18.255.205/
    httproute-weight.go:77: 2026-05-07T16:48:44.465145047+02:00: Making GET request to host  via http://172.18.255.205/
    httproute-weight.go:77: 2026-05-07T16:48:44.4962088+02:00: Making GET request to host  via http://172.18.255.205/
    httproute-weight.go:77: 2026-05-07T16:48:44.504830742+02:00: Making GET request to host  via http://172.18.255.205/
    httproute-weight.go:77: 2026-05-07T16:48:44.555147276+02:00: Making GET request to host  via http://172.18.255.205/
    httproute-weight.go:77: 2026-05-07T16:48:44.590930778+02:00: Making GET request to host  via http://172.18.255.205/
    httproute-weight.go:77: 2026-05-07T16:48:44.598615994+02:00: Making GET request to host  via http://172.18.255.205/
    httproute-weight.go:77: 2026-05-07T16:48:44.610948887+02:00: Making GET request to host  via http://172.18.255.205/
    httproute-weight.go:77: 2026-05-07T16:48:44.638788662+02:00: Making GET request to host  via http://172.18.255.205/
    httproute-weight.go:77: 2026-05-07T16:48:44.648523913+02:00: Making GET request to host  via http://172.18.255.205/
    httproute-weight.go:77: 2026-05-07T16:48:44.67375239+02:00: Making GET request to host  via http://172.18.255.205/
    httproute-weight.go:77: 2026-05-07T16:48:44.686330945+02:00: Making GET request to host  via http://172.18.255.205/
    httproute-weight.go:77: 2026-05-07T16:48:44.766234112+02:00: Making GET request to host  via http://172.18.255.205/
    httproute-weight.go:77: 2026-05-07T16:48:44.828452463+02:00: Making GET request to host  via http://172.18.255.205/
    httproute-weight.go:77: 2026-05-07T16:48:44.860488885+02:00: Making GET request to host  via http://172.18.255.205/
    httproute-weight.go:77: 2026-05-07T16:48:44.895268552+02:00: Making GET request to host  via http://172.18.255.205/
    httproute-weight.go:77: 2026-05-07T16:48:44.931272298+02:00: Making GET request to host  via http://172.18.255.205/
    httproute-weight.go:77: 2026-05-07T16:48:45.04498774+02:00: Making GET request to host  via http://172.18.255.205/
    httproute-weight.go:77: 2026-05-07T16:48:45.10327403+02:00: Making GET request to host  via http://172.18.255.205/
    httproute-weight.go:77: 2026-05-07T16:48:45.111173856+02:00: Making GET request to host  via http://172.18.255.205/
    httproute-weight.go:77: 2026-05-07T16:48:45.192100498+02:00: Making GET request to host  via http://172.18.255.205/
    httproute-weight.go:77: 2026-05-07T16:48:45.200953524+02:00: Making GET request to host  via http://172.18.255.205/
    httproute-weight.go:77: 2026-05-07T16:48:45.208115428+02:00: Making GET request to host  via http://172.18.255.205/
    httproute-weight.go:77: 2026-05-07T16:48:45.250831655+02:00: Making GET request to host  via http://172.18.255.205/
    httproute-weight.go:77: 2026-05-07T16:48:45.258016502+02:00: Making GET request to host  via http://172.18.255.205/
    httproute-weight.go:77: 2026-05-07T16:48:45.279490459+02:00: Making GET request to host  via http://172.18.255.205/
    httproute-weight.go:77: 2026-05-07T16:48:45.287333818+02:00: Making GET request to host  via http://172.18.255.205/
    httproute-weight.go:77: 2026-05-07T16:48:45.323992691+02:00: Making GET request to host  via http://172.18.255.205/
    httproute-weight.go:77: 2026-05-07T16:48:45.327467397+02:00: Making GET request to host  via http://172.18.255.205/
    httproute-weight.go:77: 2026-05-07T16:48:45.330823342+02:00: Making GET request to host  via http://172.18.255.205/
    httproute-weight.go:77: 2026-05-07T16:48:45.336982085+02:00: Making GET request to host  via http://172.18.255.205/
    httproute-weight.go:77: 2026-05-07T16:48:45.354340039+02:00: Making GET request to host  via http://172.18.255.205/
    httproute-weight.go:77: 2026-05-07T16:48:45.361178843+02:00: Making GET request to host  via http://172.18.255.205/
    httproute-weight.go:77: 2026-05-07T16:48:45.434873686+02:00: Making GET request to host  via http://172.18.255.205/
    httproute-weight.go:77: 2026-05-07T16:48:45.446020481+02:00: Making GET request to host  via http://172.18.255.205/
    httproute-weight.go:77: 2026-05-07T16:48:45.447319581+02:00: Making GET request to host  via http://172.18.255.205/
    httproute-weight.go:77: 2026-05-07T16:48:45.45253314+02:00: Making GET request to host  via http://172.18.255.205/
    httproute-weight.go:77: 2026-05-07T16:48:45.458792034+02:00: Making GET request to host  via http://172.18.255.205/
    httproute-weight.go:77: 2026-05-07T16:48:45.493998378+02:00: Making GET request to host  via http://172.18.255.205/
    httproute-weight.go:77: 2026-05-07T16:48:45.514800089+02:00: Making GET request to host  via http://172.18.255.205/
    httproute-weight.go:77: 2026-05-07T16:48:45.561990935+02:00: Making GET request to host  via http://172.18.255.205/
    httproute-weight.go:77: 2026-05-07T16:48:45.676750494+02:00: Making GET request to host  via http://172.18.255.205/
    httproute-weight.go:77: 2026-05-07T16:48:45.69190158+02:00: Making GET request to host  via http://172.18.255.205/
    httproute-weight.go:77: 2026-05-07T16:48:45.886765685+02:00: Making GET request to host  via http://172.18.255.205/
    httproute-weight.go:77: 2026-05-07T16:48:45.98780243+02:00: Making GET request to host  via http://172.18.255.205/
    httproute-weight.go:77: 2026-05-07T16:48:46.140033626+02:00: Making GET request to host  via http://172.18.255.205/
    httproute-weight.go:77: 2026-05-07T16:48:46.217194668+02:00: Making GET request to host  via http://172.18.255.205/
=== NAME  TestConformance/HTTPRouteWeight
    apply.go:283: 2026-05-07T16:48:46.223932546+02:00: Deleting weighted-backends HTTPRoute
=== RUN   TestConformance/ListenerSetAllowedNamespaceNone
    conformance.go:54: Skipping ListenerSetAllowedNamespaceNone: suite does not support ListenerSet
=== RUN   TestConformance/ListenerSetAllowedNamespaceSame
    conformance.go:54: Skipping ListenerSetAllowedNamespaceSame: suite does not support ListenerSet
=== RUN   TestConformance/ListenerSetAllowedNamespaceSelector
    conformance.go:54: Skipping ListenerSetAllowedNamespaceSelector: suite does not support ListenerSet
=== RUN   TestConformance/ListenerSetAllowedRoutesNamespaces
    conformance.go:54: Skipping ListenerSetAllowedRoutesNamespaces: suite does not support ListenerSet
=== RUN   TestConformance/ListenerSetAllowedRoutesSupportedKinds
    conformance.go:54: Skipping ListenerSetAllowedRoutesSupportedKinds: suite does not support ListenerSet
=== RUN   TestConformance/ListenerSetDefaultNotAllowed
    conformance.go:54: Skipping ListenerSetDefaultNotAllowed: suite does not support ListenerSet
=== RUN   TestConformance/ListenerSetHostnameConflict
    conformance.go:54: Skipping ListenerSetHostnameConflict: suite does not support ListenerSet
=== RUN   TestConformance/ListenerSetHTTPRouting
    conformance.go:54: Skipping ListenerSetHTTPRouting: suite does not support ListenerSet
=== RUN   TestConformance/ListenerSetProtocolConflict
    conformance.go:54: Skipping ListenerSetProtocolConflict: suite does not support ListenerSet
=== RUN   TestConformance/ListenerSetReferenceGrant
    conformance.go:54: Skipping ListenerSetReferenceGrant: suite does not support ListenerSet
=== RUN   TestConformance/TLSRouteHostnameIntersection
    conformance.go:54: Skipping TLSRouteHostnameIntersection: suite does not support TLSRoute
=== RUN   TestConformance/TLSRouteInvalidBackendRefNonexistent
    conformance.go:54: Skipping TLSRouteInvalidBackendRefNonexistent: suite does not support TLSRoute
=== RUN   TestConformance/TLSRouteInvalidBackendRefUnknownKind
    conformance.go:54: Skipping TLSRouteInvalidBackendRefUnknownKind: suite does not support TLSRoute
=== RUN   TestConformance/TLSRouteInvalidNoMatchingListenerHostname
    conformance.go:54: Skipping TLSRouteInvalidNoMatchingListenerHostname: suite does not support TLSRoute
=== RUN   TestConformance/TLSRouteInvalidNoMatchingListener
    conformance.go:54: Skipping TLSRouteInvalidNoMatchingListener: suite does not support TLSRoute
=== RUN   TestConformance/TLSRouteInvalidReferenceGrant
    conformance.go:54: Skipping TLSRouteInvalidReferenceGrant: suite does not support TLSRoute
=== RUN   TestConformance/TLSRouteListenerMixedTerminationNotSupported
    conformance.go:54: Skipping TLSRouteListenerMixedTerminationNotSupported: suite does not support TLSRoute
=== RUN   TestConformance/TLSRouteListenerPassthroughSupportedKinds
    conformance.go:54: Skipping TLSRouteListenerPassthroughSupportedKinds: suite does not support TLSRoute
=== RUN   TestConformance/TLSRouteListenerTerminateNotSupported
    conformance.go:54: Skipping TLSRouteListenerTerminateNotSupported: suite does not support TLSRoute
=== RUN   TestConformance/TLSRouteListenerTerminateSupportedKinds
    conformance.go:54: Skipping TLSRouteListenerTerminateSupportedKinds: suite does not support TLSRoute
=== RUN   TestConformance/TLSRouteMixedTerminationSameNamespace
    conformance.go:54: Skipping TLSRouteMixedTerminationSameNamespace: suite does not support TLSRoute
=== RUN   TestConformance/TLSRouteSimpleSameNamespace
    conformance.go:54: Skipping TLSRouteSimpleSameNamespace: suite does not support TLSRoute
=== RUN   TestConformance/TLSRouteTerminateSimpleSameNamespace
    conformance.go:54: Skipping TLSRouteTerminateSimpleSameNamespace: suite does not support TLSRoute
=== RUN   TestConformance/UDPRoute
    conformance.go:54: Skipping UDPRoute: suite does not support UDPRoute
=== NAME  TestConformance
    apply.go:239: 2026-05-07T16:48:46.23825891+02:00: Deleting mismatch-ca-certificate 
    apply.go:239: 2026-05-07T16:48:46.252635764+02:00: Deleting tls-terminate-checks-certificate 
    apply.go:239: 2026-05-07T16:48:46.261733454+02:00: Deleting tls-checks-client-certificate 
    apply.go:239: 2026-05-07T16:48:46.272582495+02:00: Deleting tls-checks-certificate 
    apply.go:239: 2026-05-07T16:48:46.30111524+02:00: Deleting tls-checks-ca-certificate 
    apply.go:239: 2026-05-07T16:48:46.310032443+02:00: Deleting tls-passthrough-checks-certificate 
    apply.go:239: 2026-05-07T16:48:46.318889543+02:00: Deleting tls-passthrough-checks-certificate 
    apply.go:239: 2026-05-07T16:48:46.328221965+02:00: Deleting tls-validity-checks-per-port-client-certificate 
    apply.go:239: 2026-05-07T16:48:46.337251741+02:00: Deleting tls-validity-checks-per-port-ca-certificate 
    apply.go:239: 2026-05-07T16:48:46.346246761+02:00: Deleting tls-validity-checks-client-certificate 
    apply.go:239: 2026-05-07T16:48:46.354428736+02:00: Deleting tls-validity-checks-ca-certificate 
    apply.go:239: 2026-05-07T16:48:46.363476252+02:00: Deleting web-backend-cm 
    apply.go:239: 2026-05-07T16:48:46.372514491+02:00: Deleting tls-validity-checks-certificate 
    apply.go:239: 2026-05-07T16:48:46.380370067+02:00: Deleting certificate 
    apply.go:283: 2026-05-07T16:48:46.390893565+02:00: Deleting tcp-backend Deployment
    apply.go:283: 2026-05-07T16:48:46.416038343+02:00: Deleting tcp-backend Service
    apply.go:283: 2026-05-07T16:48:46.456098765+02:00: Deleting coredns ConfigMap
    apply.go:283: 2026-05-07T16:48:46.469569861+02:00: Deleting coredns Deployment
    apply.go:283: 2026-05-07T16:48:46.487463473+02:00: Deleting coredns Service
    apply.go:283: 2026-05-07T16:48:46.668101664+02:00: Deleting grpc-infra-backend-v3 Deployment
    apply.go:283: 2026-05-07T16:48:46.683994461+02:00: Deleting grpc-infra-backend-v3 Service
    apply.go:283: 2026-05-07T16:48:46.812694324+02:00: Deleting grpc-infra-backend-v2 Deployment
    apply.go:283: 2026-05-07T16:48:46.832072218+02:00: Deleting grpc-infra-backend-v2 Service
    apply.go:283: 2026-05-07T16:48:46.984251792+02:00: Deleting grpc-infra-backend-v1 Deployment
    apply.go:283: 2026-05-07T16:48:47.097453213+02:00: Deleting grpc-infra-backend-v1 Service
    apply.go:283: 2026-05-07T16:48:47.245096522+02:00: Deleting web-backend Deployment
    apply.go:283: 2026-05-07T16:48:47.419275665+02:00: Deleting web-backend Service
    apply.go:283: 2026-05-07T16:48:47.608057437+02:00: Deleting gateway-conformance-web-backend Namespace
    apply.go:283: 2026-05-07T16:48:47.633121361+02:00: Deleting app-backend-v2 Deployment
    apply.go:283: 2026-05-07T16:48:47.757003349+02:00: Deleting app-backend-v2 Service
    apply.go:283: 2026-05-07T16:48:47.84863817+02:00: Deleting app-backend-v1 Deployment
    apply.go:283: 2026-05-07T16:48:47.943606539+02:00: Deleting app-backend-v1 Service
    apply.go:283: 2026-05-07T16:48:48.012489558+02:00: Deleting tls-backend Deployment
    apply.go:283: 2026-05-07T16:48:48.102633122+02:00: Deleting tls-backend Service
    apply.go:283: 2026-05-07T16:48:48.299737881+02:00: Deleting gateway-conformance-app-backend Namespace
    apply.go:283: 2026-05-07T16:48:48.32844849+02:00: Deleting tls-backend-2 Deployment
    apply.go:283: 2026-05-07T16:48:48.358766017+02:00: Deleting tls-backend-2 Service
    apply.go:283: 2026-05-07T16:48:48.542551556+02:00: Deleting tls-backend Deployment
    apply.go:283: 2026-05-07T16:48:48.576763296+02:00: Deleting tls-backend Service
    apply.go:283: 2026-05-07T16:48:48.855470824+02:00: Deleting infra-backend-v3 Deployment
    apply.go:283: 2026-05-07T16:48:48.894093712+02:00: Deleting infra-backend-v3 Service
    apply.go:283: 2026-05-07T16:48:49.213538778+02:00: Deleting infra-backend-v2 Deployment
    apply.go:283: 2026-05-07T16:48:49.254713695+02:00: Deleting infra-backend-v2 Service
    apply.go:283: 2026-05-07T16:48:49.763348306+02:00: Deleting infra-backend-v1 Deployment
    apply.go:283: 2026-05-07T16:48:49.809091264+02:00: Deleting infra-backend-v1 Service
    apply.go:283: 2026-05-07T16:48:50.080561242+02:00: Deleting backend-namespaces Gateway
    apply.go:283: 2026-05-07T16:48:50.115478539+02:00: Deleting all-namespaces Gateway
    apply.go:283: 2026-05-07T16:48:50.339944271+02:00: Deleting same-namespace-with-https-listener Gateway
    apply.go:283: 2026-05-07T16:48:50.519442506+02:00: Deleting same-namespace Gateway
    apply.go:283: 2026-05-07T16:48:50.566353505+02:00: Deleting gateway-conformance-infra Namespace
--- PASS: TestConformance (67.89s)
    --- SKIP: TestConformance/MeshGRPCRouteWeight (0.00s)
    --- SKIP: TestConformance/MeshHTTPRoute303Redirect (0.00s)
    --- SKIP: TestConformance/MeshHTTPRoute307Redirect (0.00s)
    --- SKIP: TestConformance/MeshHTTPRoute308Redirect (0.00s)
    --- SKIP: TestConformance/MeshHTTPRouteMatching (0.00s)
    --- SKIP: TestConformance/MeshHTTPRouteNamedRule (0.00s)
    --- SKIP: TestConformance/MeshHTTPRouteQueryParamMatching (0.00s)
    --- SKIP: TestConformance/MeshHTTPRouteRedirectHostAndStatus (0.00s)
    --- SKIP: TestConformance/MeshHTTPRouteRedirectPath (0.00s)
    --- SKIP: TestConformance/MeshHTTPRouteRedirectPort (0.00s)
    --- SKIP: TestConformance/MeshHTTPRouteSchemeRedirect (0.00s)
    --- SKIP: TestConformance/MeshHTTPRouteRequestHeaderModifier (0.00s)
    --- SKIP: TestConformance/MeshHTTPRouteBackendRequestHeaderModifier (0.00s)
    --- SKIP: TestConformance/MeshHTTPRouteRewritePath (0.00s)
    --- SKIP: TestConformance/MeshHTTPRouteSimpleSameNamespace (0.00s)
    --- SKIP: TestConformance/MeshHTTPRouteWeight (0.00s)
    --- SKIP: TestConformance/MeshBasic (0.00s)
    --- SKIP: TestConformance/MeshConsumerRoute (0.00s)
    --- SKIP: TestConformance/MeshFrontendHostname (0.00s)
    --- SKIP: TestConformance/MeshFrontend (0.00s)
    --- SKIP: TestConformance/MeshPorts (0.00s)
    --- SKIP: TestConformance/MeshTrafficSplit (0.00s)
    --- SKIP: TestConformance/BackendTLSPolicyConflictResolution (0.00s)
    --- SKIP: TestConformance/BackendTLSPolicyInvalidCACertificateRef (0.00s)
    --- SKIP: TestConformance/BackendTLSPolicyInvalidKind (0.00s)
    --- SKIP: TestConformance/BackendTLSPolicyObservedGenerationBump (0.00s)
    --- SKIP: TestConformance/BackendTLSPolicySANValidation (0.00s)
    --- SKIP: TestConformance/BackendTLSPolicy (0.00s)
    --- SKIP: TestConformance/GatewayHTTPListenerIsolation (0.00s)
    --- SKIP: TestConformance/GatewayInfrastructure (0.00s)
    --- SKIP: TestConformance/GatewayFrontendInvalidDefaultClientCertificateValidation (0.00s)
    --- PASS: TestConformance/GatewayInvalidRouteKind (0.25s)
        --- PASS: TestConformance/GatewayInvalidRouteKind/Gateway_listener_should_have_a_false_ResolvedRefs_condition_with_reason_InvalidRouteKinds_and_no_supportedKinds (0.12s)
        --- PASS: TestConformance/GatewayInvalidRouteKind/Gateway_listener_should_have_a_false_ResolvedRefs_condition_with_reason_InvalidRouteKinds_and_HTTPRoute_must_be_put_in_the_supportedKinds (0.01s)
    --- SKIP: TestConformance/GatewayInvalidTLSBackendConfiguration (0.00s)
    --- PASS: TestConformance/GatewayInvalidTLSConfiguration (0.39s)
        --- PASS: TestConformance/GatewayInvalidTLSConfiguration/Unsupported_group_resource_referenced_as_CertificateRef_in_a_Gateway_listener (0.03s)
        --- PASS: TestConformance/GatewayInvalidTLSConfiguration/Unsupported_kind_resource_referenced_as_CertificateRef_in_a_Gateway_listener (0.03s)
        --- PASS: TestConformance/GatewayInvalidTLSConfiguration/Nonexistent_secret_referenced_as_CertificateRef_in_a_Gateway_listener (0.03s)
        --- PASS: TestConformance/GatewayInvalidTLSConfiguration/Malformed_secret_referenced_as_CertificateRef_in_a_Gateway_listener (0.03s)
    --- PASS: TestConformance/GatewayModifyListeners (4.82s)
        --- PASS: TestConformance/GatewayModifyListeners/should_be_able_to_add_a_listener_that_then_becomes_available_for_routing_traffic (4.45s)
        --- PASS: TestConformance/GatewayModifyListeners/should_be_able_to_remove_listeners,_which_would_then_stop_routing_the_relevant_traffic (0.14s)
    --- PASS: TestConformance/GatewayObservedGenerationBump (3.58s)
        --- PASS: TestConformance/GatewayObservedGenerationBump/observedGeneration_should_increment (3.54s)
    --- SKIP: TestConformance/GatewayOptionalAddressValue (0.00s)
    --- SKIP: TestConformance/GatewaySecretInvalidReferenceGrant (0.00s)
    --- SKIP: TestConformance/GatewaySecretMissingReferenceGrant (0.00s)
    --- SKIP: TestConformance/GatewaySecretReferenceGrantAllInNamespace (0.00s)
    --- SKIP: TestConformance/GatewaySecretReferenceGrantSpecific (0.00s)
    --- SKIP: TestConformance/GatewayStaticAddresses (0.00s)
    --- SKIP: TestConformance/GatewayBackendClientCertificateFeature (0.00s)
    --- PASS: TestConformance/GatewayWithAttachedRoutes (0.56s)
        --- PASS: TestConformance/GatewayWithAttachedRoutes/Gateway_listener_should_have_one_valid_http_routes_attached (0.01s)
        --- PASS: TestConformance/GatewayWithAttachedRoutes/Gateway_listener_should_have_two_valid_http_routes_attached (0.01s)
        --- PASS: TestConformance/GatewayWithAttachedRoutes/Gateway_listener_should_have_AttachedRoutes_set_even_when_Gateway_has_unresolved_refs (0.03s)
    --- SKIP: TestConformance/GatewayWithAttachedRoutesWithPort8080 (0.00s)
    --- SKIP: TestConformance/GatewayFrontendClientCertificateValidationInsecureFallback (0.00s)
    --- SKIP: TestConformance/GatewayFrontendClientCertificateValidation (0.00s)
    --- SKIP: TestConformance/GatewayInvalidFrontendClientCertificateValidation (0.00s)
    --- PASS: TestConformance/GatewayClassObservedGenerationBump (0.35s)
        --- PASS: TestConformance/GatewayClassObservedGenerationBump/observedGeneration_should_increment (0.30s)
    --- SKIP: TestConformance/GRPCExactMethodMatching (0.00s)
    --- SKIP: TestConformance/GRPCRouteHeaderMatching (0.00s)
    --- SKIP: TestConformance/GRPCRouteListenerHostnameMatching (0.00s)
    --- SKIP: TestConformance/GRPCRouteNamedRule (0.00s)
    --- SKIP: TestConformance/GRPCRouteWeight (0.00s)
    --- SKIP: TestConformance/HTTPRoute303Redirect (0.00s)
    --- SKIP: TestConformance/HTTPRoute307Redirect (0.00s)
    --- SKIP: TestConformance/HTTPRoute308Redirect (0.00s)
    --- SKIP: TestConformance/HTTPRouteBackendProtocolH2C (0.00s)
    --- SKIP: TestConformance/HTTPRouteBackendProtocolWebSocket (0.00s)
    --- SKIP: TestConformance/HTTPRouteCORSAllowCredentialsBehavior (0.00s)
    --- SKIP: TestConformance/HTTPRouteCORS (0.00s)
    --- PASS: TestConformance/HTTPRouteCrossNamespace (0.17s)
        --- PASS: TestConformance/HTTPRouteCrossNamespace/Simple_HTTP_request_should_reach_web-backend (0.02s)
    --- SKIP: TestConformance/HTTPRouteDisallowedKind (0.00s)
    --- PASS: TestConformance/HTTPRouteExactPathMatching (0.19s)
        --- PASS: TestConformance/HTTPRouteExactPathMatching/5_request_to_'/Two'_should_receive_one_of_[] (0.01s)
        --- PASS: TestConformance/HTTPRouteExactPathMatching/4_request_to_'/two/'_should_receive_one_of_[] (0.01s)
        --- PASS: TestConformance/HTTPRouteExactPathMatching/2_request_to_'/'_should_receive_one_of_[] (0.01s)
        --- PASS: TestConformance/HTTPRouteExactPathMatching/3_request_to_'/one/example'_should_receive_one_of_[] (0.01s)
        --- PASS: TestConformance/HTTPRouteExactPathMatching/0_request_to_'/one'_should_go_to_infra-backend-v1 (0.03s)
        --- PASS: TestConformance/HTTPRouteExactPathMatching/1_request_to_'/two'_should_go_to_infra-backend-v2 (0.03s)
    --- PASS: TestConformance/HTTPRouteHeaderMatching (0.15s)
        --- PASS: TestConformance/HTTPRouteHeaderMatching/10_request_to_'/'_with_headers_should_receive_one_of_[] (0.04s)
        --- PASS: TestConformance/HTTPRouteHeaderMatching/5_request_to_'/'_with_headers_should_receive_one_of_[] (0.07s)
        --- PASS: TestConformance/HTTPRouteHeaderMatching/4_request_to_'/'_with_headers_should_receive_one_of_[] (0.07s)
        --- PASS: TestConformance/HTTPRouteHeaderMatching/7_request_to_'/'_with_headers_should_go_to_infra-backend-v1 (0.09s)
        --- PASS: TestConformance/HTTPRouteHeaderMatching/8_request_to_'/'_with_headers_should_go_to_infra-backend-v2 (0.09s)
        --- PASS: TestConformance/HTTPRouteHeaderMatching/0_request_to_'/'_with_headers_should_go_to_infra-backend-v1 (0.10s)
        --- PASS: TestConformance/HTTPRouteHeaderMatching/2_request_to_'/'_with_headers_should_go_to_infra-backend-v1 (0.10s)
        --- PASS: TestConformance/HTTPRouteHeaderMatching/9_request_to_'/'_with_headers_should_go_to_infra-backend-v2 (0.10s)
        --- PASS: TestConformance/HTTPRouteHeaderMatching/1_request_to_'/'_with_headers_should_go_to_infra-backend-v2 (0.10s)
        --- PASS: TestConformance/HTTPRouteHeaderMatching/3_request_to_'/'_with_headers_should_go_to_infra-backend-v2 (0.10s)
        --- PASS: TestConformance/HTTPRouteHeaderMatching/6_request_to_'/'_with_headers_should_go_to_infra-backend-v1 (0.10s)
    --- PASS: TestConformance/HTTPRouteHostnameIntersection (4.60s)
        --- PASS: TestConformance/HTTPRouteHostnameIntersection/HTTPRoutes_that_do_intersect_with_listener_hostnames (0.03s)
            --- PASS: TestConformance/HTTPRouteHostnameIntersection/HTTPRoutes_that_do_intersect_with_listener_hostnames/21_request_to_'anotherwildcard.io/s4'_should_receive_one_of_[] (0.02s)
            --- PASS: TestConformance/HTTPRouteHostnameIntersection/HTTPRoutes_that_do_intersect_with_listener_hostnames/22_request_to_'foo.wildcard.io/s4'_should_receive_one_of_[] (0.02s)
            --- PASS: TestConformance/HTTPRouteHostnameIntersection/HTTPRoutes_that_do_intersect_with_listener_hostnames/17_request_to_'very.specific.com/non-matching-prefix'_should_receive_one_of_[] (0.02s)
            --- PASS: TestConformance/HTTPRouteHostnameIntersection/HTTPRoutes_that_do_intersect_with_listener_hostnames/12_request_to_'foo.wildcard.io/non-matching-prefix'_should_receive_one_of_[] (0.02s)
            --- PASS: TestConformance/HTTPRouteHostnameIntersection/HTTPRoutes_that_do_intersect_with_listener_hostnames/23_request_to_'very.specific.com/s4'_should_receive_one_of_[] (0.02s)
            --- PASS: TestConformance/HTTPRouteHostnameIntersection/HTTPRoutes_that_do_intersect_with_listener_hostnames/24_request_to_'foo.anotherwildcard.io/non-matching-prefix'_should_receive_one_of_[] (0.02s)
            --- PASS: TestConformance/HTTPRouteHostnameIntersection/HTTPRoutes_that_do_intersect_with_listener_hostnames/3_request_to_'foo.nonmatchingwildcard.io/s1'_should_receive_one_of_[] (0.04s)
            --- PASS: TestConformance/HTTPRouteHostnameIntersection/HTTPRoutes_that_do_intersect_with_listener_hostnames/9_request_to_'non.matching.com/s2'_should_receive_one_of_[] (0.04s)
            --- PASS: TestConformance/HTTPRouteHostnameIntersection/HTTPRoutes_that_do_intersect_with_listener_hostnames/11_request_to_'very.specific.com/s2'_should_receive_one_of_[] (0.04s)
            --- PASS: TestConformance/HTTPRouteHostnameIntersection/HTTPRoutes_that_do_intersect_with_listener_hostnames/19_request_to_'bar.anotherwildcard.io/s4'_should_go_to_infra-backend-v1 (0.06s)
            --- PASS: TestConformance/HTTPRouteHostnameIntersection/HTTPRoutes_that_do_intersect_with_listener_hostnames/15_request_to_'foo.specific.com/s3'_should_receive_one_of_[] (0.03s)
            --- PASS: TestConformance/HTTPRouteHostnameIntersection/HTTPRoutes_that_do_intersect_with_listener_hostnames/6_request_to_'foo.wildcard.io/s2'_should_go_to_infra-backend-v2 (0.06s)
            --- PASS: TestConformance/HTTPRouteHostnameIntersection/HTTPRoutes_that_do_intersect_with_listener_hostnames/2_request_to_'non.matching.com/s1'_should_receive_one_of_[] (0.04s)
            --- PASS: TestConformance/HTTPRouteHostnameIntersection/HTTPRoutes_that_do_intersect_with_listener_hostnames/10_request_to_'wildcard.io/s2'_should_receive_one_of_[] (0.04s)
            --- PASS: TestConformance/HTTPRouteHostnameIntersection/HTTPRoutes_that_do_intersect_with_listener_hostnames/18_request_to_'foo.anotherwildcard.io/s4'_should_go_to_infra-backend-v1 (0.06s)
            --- PASS: TestConformance/HTTPRouteHostnameIntersection/HTTPRoutes_that_do_intersect_with_listener_hostnames/0_request_to_'very.specific.com/s1'_should_go_to_infra-backend-v1 (0.07s)
            --- PASS: TestConformance/HTTPRouteHostnameIntersection/HTTPRoutes_that_do_intersect_with_listener_hostnames/16_request_to_'foo.wildcard.io/s3'_should_receive_one_of_[] (0.04s)
            --- PASS: TestConformance/HTTPRouteHostnameIntersection/HTTPRoutes_that_do_intersect_with_listener_hostnames/20_request_to_'foo.bar.anotherwildcard.io/s4'_should_go_to_infra-backend-v1 (0.08s)
            --- PASS: TestConformance/HTTPRouteHostnameIntersection/HTTPRoutes_that_do_intersect_with_listener_hostnames/4_request_to_'foo.wildcard.io/s1'_should_receive_one_of_[] (0.03s)
            --- PASS: TestConformance/HTTPRouteHostnameIntersection/HTTPRoutes_that_do_intersect_with_listener_hostnames/5_request_to_'very.specific.com/non-matching-prefix'_should_receive_one_of_[] (0.03s)
            --- PASS: TestConformance/HTTPRouteHostnameIntersection/HTTPRoutes_that_do_intersect_with_listener_hostnames/14_request_to_'non.matching.com/s3'_should_receive_one_of_[] (0.03s)
            --- PASS: TestConformance/HTTPRouteHostnameIntersection/HTTPRoutes_that_do_intersect_with_listener_hostnames/1_request_to_'very.specific.com:1234/s1'_should_go_to_infra-backend-v1 (0.07s)
            --- PASS: TestConformance/HTTPRouteHostnameIntersection/HTTPRoutes_that_do_intersect_with_listener_hostnames/8_request_to_'foo.bar.wildcard.io/s2'_should_go_to_infra-backend-v2 (0.05s)
            --- PASS: TestConformance/HTTPRouteHostnameIntersection/HTTPRoutes_that_do_intersect_with_listener_hostnames/13_request_to_'very.specific.com/s3'_should_go_to_infra-backend-v3 (0.05s)
            --- PASS: TestConformance/HTTPRouteHostnameIntersection/HTTPRoutes_that_do_intersect_with_listener_hostnames/7_request_to_'bar.wildcard.io/s2'_should_go_to_infra-backend-v2 (0.05s)
        --- PASS: TestConformance/HTTPRouteHostnameIntersection/HTTPRoutes_that_do_not_intersect_with_listener_hostnames (0.01s)
            --- PASS: TestConformance/HTTPRouteHostnameIntersection/HTTPRoutes_that_do_not_intersect_with_listener_hostnames/1_request_to_'wildcard.io/s5'_should_receive_one_of_[] (0.00s)
            --- PASS: TestConformance/HTTPRouteHostnameIntersection/HTTPRoutes_that_do_not_intersect_with_listener_hostnames/0_request_to_'specific.but.wrong.com/s5'_should_receive_one_of_[] (0.00s)
        --- PASS: TestConformance/HTTPRouteHostnameIntersection/HTTPRoutes_have_to_be_counted_in_AttachedRoutes_only_if_they_are_Accepted (0.00s)
        --- PASS: TestConformance/HTTPRouteHostnameIntersection/HTTPRoutes_intersects_with_an_unspecified_hostname_listener (0.01s)
            --- PASS: TestConformance/HTTPRouteHostnameIntersection/HTTPRoutes_intersects_with_an_unspecified_hostname_listener/4_request_to_'third.com/'_should_receive_one_of_[] (0.01s)
            --- PASS: TestConformance/HTTPRouteHostnameIntersection/HTTPRoutes_intersects_with_an_unspecified_hostname_listener/5_request_to_'sub.third.com/'_should_receive_one_of_[] (0.02s)
            --- PASS: TestConformance/HTTPRouteHostnameIntersection/HTTPRoutes_intersects_with_an_unspecified_hostname_listener/3_request_to_'sub.second.com/'_should_go_to_infra-backend-v2 (0.04s)
            --- PASS: TestConformance/HTTPRouteHostnameIntersection/HTTPRoutes_intersects_with_an_unspecified_hostname_listener/0_request_to_'first.com/'_should_go_to_infra-backend-v2 (0.04s)
            --- PASS: TestConformance/HTTPRouteHostnameIntersection/HTTPRoutes_intersects_with_an_unspecified_hostname_listener/1_request_to_'sub.first.com/'_should_go_to_infra-backend-v2 (0.04s)
            --- PASS: TestConformance/HTTPRouteHostnameIntersection/HTTPRoutes_intersects_with_an_unspecified_hostname_listener/2_request_to_'second.com/'_should_go_to_infra-backend-v2 (0.04s)
    --- SKIP: TestConformance/HTTPRouteHTTPSListenerDetectMisdirectedRequests (0.00s)
    --- PASS: TestConformance/HTTPRouteHTTPSListener (0.36s)
        --- PASS: TestConformance/HTTPRouteHTTPSListener/0_request_to_'example.org/'_should_go_to_infra-backend-v1 (0.04s)
        --- PASS: TestConformance/HTTPRouteHTTPSListener/1_request_to_'unknown-example.org/'_should_receive_one_of_[] (0.01s)
        --- PASS: TestConformance/HTTPRouteHTTPSListener/2_request_to_'second-example.org/'_should_go_to_infra-backend-v2 (0.03s)
    --- PASS: TestConformance/HTTPRouteInvalidBackendRefUnknownKind (0.14s)
        --- PASS: TestConformance/HTTPRouteInvalidBackendRefUnknownKind/HTTPRoute_with_Invalid_Kind_has_a_ResolvedRefs_Condition_with_status_False_and_Reason_InvalidKind (0.00s)
        --- PASS: TestConformance/HTTPRouteInvalidBackendRefUnknownKind/HTTP_Request_to_invalid_backend_with_invalid_Kind_receives_a_500 (0.00s)
    --- SKIP: TestConformance/HTTPRouteInvalidCrossNamespaceBackendRef (0.00s)
    --- PASS: TestConformance/HTTPRouteInvalidCrossNamespaceParentRef (0.14s)
        --- PASS: TestConformance/HTTPRouteInvalidCrossNamespaceParentRef/HTTPRoute_should_have_an_Accepted:_false_condition_with_reason_NotAllowedByListeners (0.00s)
        --- PASS: TestConformance/HTTPRouteInvalidCrossNamespaceParentRef/Route_should_not_have_Parents_set_in_status (0.00s)
        --- PASS: TestConformance/HTTPRouteInvalidCrossNamespaceParentRef/Gateway_should_have_0_Routes_attached (0.00s)
    --- PASS: TestConformance/HTTPRouteInvalidNonExistentBackendRef (0.17s)
        --- PASS: TestConformance/HTTPRouteInvalidNonExistentBackendRef/HTTPRoute_with_only_a_nonexistent_BackendRef_has_a_ResolvedRefs_Condition_with_status_False_and_Reason_BackendNotFound (0.00s)
        --- PASS: TestConformance/HTTPRouteInvalidNonExistentBackendRef/HTTP_Request_to_invalid_nonexistent_backend_receive_a_500 (0.02s)
    --- SKIP: TestConformance/HTTPRouteInvalidParentRefNotMatchingListenerPort (0.00s)
    --- PASS: TestConformance/HTTPRouteInvalidParentRefNotMatchingSectionName (0.14s)
        --- PASS: TestConformance/HTTPRouteInvalidParentRefNotMatchingSectionName/HTTPRoute_with_no_matching_sectionName_in_ParentRef_has_an_Accepted_Condition_with_status_False_and_Reason_NoMatchingParent (0.10s)
        --- PASS: TestConformance/HTTPRouteInvalidParentRefNotMatchingSectionName/Route_should_not_have_Parents_accepted_in_status (0.00s)
        --- PASS: TestConformance/HTTPRouteInvalidParentRefNotMatchingSectionName/Gateway_should_have_0_Routes_attached (0.00s)
    --- SKIP: TestConformance/HTTPRouteInvalidParentRefSectionNameNotMatchingPort (0.00s)
    --- SKIP: TestConformance/HTTPRouteInvalidReferenceGrant (0.00s)
    --- PASS: TestConformance/HTTPRouteListenerHostnameMatching (3.93s)
        --- PASS: TestConformance/HTTPRouteListenerHostnameMatching/7_request_to_'no.matching.host/'_should_receive_one_of_[] (0.05s)
        --- PASS: TestConformance/HTTPRouteListenerHostnameMatching/6_request_to_'foo.com/'_should_receive_one_of_[] (0.05s)
        --- PASS: TestConformance/HTTPRouteListenerHostnameMatching/5_request_to_'multiple.prefixes.foo.com/'_should_go_to_infra-backend-v3 (0.07s)
        --- PASS: TestConformance/HTTPRouteListenerHostnameMatching/2_request_to_'baz.bar.com/'_should_go_to_infra-backend-v3 (0.07s)
        --- PASS: TestConformance/HTTPRouteListenerHostnameMatching/3_request_to_'boo.bar.com/'_should_go_to_infra-backend-v3 (0.08s)
        --- PASS: TestConformance/HTTPRouteListenerHostnameMatching/4_request_to_'multiple.prefixes.bar.com/'_should_go_to_infra-backend-v3 (0.09s)
        --- PASS: TestConformance/HTTPRouteListenerHostnameMatching/1_request_to_'foo.bar.com/'_should_go_to_infra-backend-v2 (0.09s)
        --- PASS: TestConformance/HTTPRouteListenerHostnameMatching/0_request_to_'bar.com/'_should_go_to_infra-backend-v1 (0.86s)
    --- SKIP: TestConformance/HTTPRouteListenerPortMatching (0.00s)
    --- PASS: TestConformance/HTTPRouteMatchingAcrossRoutes (0.27s)
        --- PASS: TestConformance/HTTPRouteMatchingAcrossRoutes/1_request_to_'example.com/example'_should_go_to_infra-backend-v1 (0.06s)
        --- PASS: TestConformance/HTTPRouteMatchingAcrossRoutes/4_request_to_'example.com/v2'_should_go_to_infra-backend-v2 (0.08s)
        --- PASS: TestConformance/HTTPRouteMatchingAcrossRoutes/7_request_to_'example.com/'_with_headers_should_go_to_infra-backend-v2 (0.08s)
        --- PASS: TestConformance/HTTPRouteMatchingAcrossRoutes/0_request_to_'example.com/'_should_go_to_infra-backend-v1 (0.08s)
        --- PASS: TestConformance/HTTPRouteMatchingAcrossRoutes/3_request_to_'example.com/example'_with_headers_should_go_to_infra-backend-v1 (0.08s)
        --- PASS: TestConformance/HTTPRouteMatchingAcrossRoutes/5_request_to_'example.net/v2'_should_go_to_infra-backend-v1 (0.08s)
        --- PASS: TestConformance/HTTPRouteMatchingAcrossRoutes/2_request_to_'example.net/example'_should_go_to_infra-backend-v1 (0.08s)
        --- PASS: TestConformance/HTTPRouteMatchingAcrossRoutes/6_request_to_'example.com/v2/example'_should_go_to_infra-backend-v2 (0.08s)
    --- PASS: TestConformance/HTTPRouteMatching (0.15s)
        --- PASS: TestConformance/HTTPRouteMatching/7_request_to_'/v2example'_should_go_to_infra-backend-v1 (1.68s)
        --- PASS: TestConformance/HTTPRouteMatching/3_request_to_'/v2'_should_go_to_infra-backend-v2 (1.70s)
        --- PASS: TestConformance/HTTPRouteMatching/8_request_to_'/foo/v2/example'_should_go_to_infra-backend-v1 (1.70s)
        --- PASS: TestConformance/HTTPRouteMatching/0_request_to_'/'_should_go_to_infra-backend-v1 (1.70s)
        --- PASS: TestConformance/HTTPRouteMatching/2_request_to_'/'_with_headers_should_go_to_infra-backend-v1 (1.70s)
        --- PASS: TestConformance/HTTPRouteMatching/6_request_to_'/v2/'_should_go_to_infra-backend-v2 (1.70s)
        --- PASS: TestConformance/HTTPRouteMatching/1_request_to_'/example'_should_go_to_infra-backend-v1 (1.70s)
        --- PASS: TestConformance/HTTPRouteMatching/5_request_to_'/'_with_headers_should_go_to_infra-backend-v2 (1.71s)
        --- PASS: TestConformance/HTTPRouteMatching/4_request_to_'/v2/example'_should_go_to_infra-backend-v2 (1.71s)
    --- SKIP: TestConformance/HTTPRouteMethodMatching (0.00s)
    --- SKIP: TestConformance/HTTPRouteNamedRule (0.00s)
    --- PASS: TestConformance/HTTPRouteObservedGenerationBump (0.21s)
        --- PASS: TestConformance/HTTPRouteObservedGenerationBump/observedGeneration_should_increment (0.17s)
    --- SKIP: TestConformance/HTTPRoutePartiallyInvalidViaInvalidReferenceGrant (0.00s)
    --- PASS: TestConformance/HTTPRoutePathMatchOrder (0.14s)
        --- PASS: TestConformance/HTTPRoutePathMatchOrder/3_request_to_'/match/prefix/one/any'_should_go_to_infra-backend-v2 (0.05s)
        --- PASS: TestConformance/HTTPRoutePathMatchOrder/1_request_to_'/match/exact'_should_go_to_infra-backend-v2 (0.06s)
        --- PASS: TestConformance/HTTPRoutePathMatchOrder/4_request_to_'/match/prefix/any'_should_go_to_infra-backend-v1 (0.06s)
        --- PASS: TestConformance/HTTPRoutePathMatchOrder/2_request_to_'/match'_should_go_to_infra-backend-v1 (0.06s)
        --- PASS: TestConformance/HTTPRoutePathMatchOrder/0_request_to_'/match/exact/one'_should_go_to_infra-backend-v3 (0.06s)
        --- PASS: TestConformance/HTTPRoutePathMatchOrder/5_request_to_'/match/any'_should_go_to_infra-backend-v3 (0.06s)
    --- SKIP: TestConformance/HTTPRouteQueryParamMatching (0.00s)
    --- PASS: TestConformance/HTTPRouteRedirectHostAndStatus (0.14s)
        --- PASS: TestConformance/HTTPRouteRedirectHostAndStatus/0_request_to_'/hostname-redirect'_should_receive_one_of_[] (0.00s)
        --- PASS: TestConformance/HTTPRouteRedirectHostAndStatus/1_request_to_'/host-and-status'_should_receive_one_of_[] (0.00s)
    --- SKIP: TestConformance/HTTPRouteRedirectPath (0.00s)
    --- SKIP: TestConformance/HTTPRouteRedirectPortAndScheme (0.00s)
    --- SKIP: TestConformance/HTTPRouteRedirectPort (0.00s)
    --- SKIP: TestConformance/HTTPRouteRedirectScheme (0.00s)
    --- SKIP: TestConformance/HTTPRouteReferenceGrant (0.00s)
    --- SKIP: TestConformance/HTTPRouteRequestHeaderModifierBackendWeights (0.00s)
    --- PASS: TestConformance/HTTPRouteRequestHeaderModifier (0.15s)
        --- PASS: TestConformance/HTTPRouteRequestHeaderModifier/1_request_to_'/set'_with_headers_should_go_to_infra-backend-v1 (0.05s)
        --- PASS: TestConformance/HTTPRouteRequestHeaderModifier/6_request_to_'/case-insensitivity'_with_headers_should_go_to_infra-backend-v1 (0.05s)
        --- PASS: TestConformance/HTTPRouteRequestHeaderModifier/4_request_to_'/remove'_with_headers_should_go_to_infra-backend-v1 (0.06s)
        --- PASS: TestConformance/HTTPRouteRequestHeaderModifier/0_request_to_'/set'_with_headers_should_go_to_infra-backend-v1 (0.06s)
        --- PASS: TestConformance/HTTPRouteRequestHeaderModifier/3_request_to_'/add'_with_headers_should_go_to_infra-backend-v1 (0.14s)
        --- PASS: TestConformance/HTTPRouteRequestHeaderModifier/5_request_to_'/multiple'_with_headers_should_go_to_infra-backend-v1 (0.14s)
        --- PASS: TestConformance/HTTPRouteRequestHeaderModifier/2_request_to_'/add'_with_headers_should_go_to_infra-backend-v1 (0.15s)
    --- SKIP: TestConformance/HTTPRouteBackendRequestHeaderModifier (0.00s)
    --- SKIP: TestConformance/HTTPRouteRequestMirror (0.00s)
    --- SKIP: TestConformance/HTTPRouteRequestMultipleMirrors (0.00s)
    --- SKIP: TestConformance/HTTPRouteRequestPercentageMirror (0.00s)
    --- SKIP: TestConformance/HTTPRouteResponseHeaderModifier (0.00s)
    --- SKIP: TestConformance/HTTPRouteRewriteHost (0.00s)
    --- SKIP: TestConformance/HTTPRouteRewritePath (0.00s)
    --- PASS: TestConformance/HTTPRouteServiceTypes (0.35s)
        --- PASS: TestConformance/HTTPRouteServiceTypes/1_request_to_'/headless-manual-endpointslices'_should_go_to_infra-backend-v1 (1.03s)
        --- PASS: TestConformance/HTTPRouteServiceTypes/2_request_to_'/headless'_should_go_to_infra-backend-v1 (1.03s)
        --- PASS: TestConformance/HTTPRouteServiceTypes/0_request_to_'/manual-endpointslices'_should_go_to_infra-backend-v1 (1.04s)
    --- PASS: TestConformance/HTTPRouteSimpleSameNamespace (0.16s)
        --- PASS: TestConformance/HTTPRouteSimpleSameNamespace/Simple_HTTP_request_should_reach_infra-backend (0.02s)
    --- SKIP: TestConformance/HTTPRouteTimeoutBackendRequest (0.00s)
    --- SKIP: TestConformance/HTTPRouteTimeoutRequest (0.00s)
    --- PASS: TestConformance/HTTPRouteWeight (24.26s)
        --- PASS: TestConformance/HTTPRouteWeight/Requests_should_have_a_distribution_that_matches_the_weight (24.10s)
    --- SKIP: TestConformance/ListenerSetAllowedNamespaceNone (0.00s)
    --- SKIP: TestConformance/ListenerSetAllowedNamespaceSame (0.00s)
    --- SKIP: TestConformance/ListenerSetAllowedNamespaceSelector (0.00s)
    --- SKIP: TestConformance/ListenerSetAllowedRoutesNamespaces (0.00s)
    --- SKIP: TestConformance/ListenerSetAllowedRoutesSupportedKinds (0.00s)
    --- SKIP: TestConformance/ListenerSetDefaultNotAllowed (0.00s)
    --- SKIP: TestConformance/ListenerSetHostnameConflict (0.00s)
    --- SKIP: TestConformance/ListenerSetHTTPRouting (0.00s)
    --- SKIP: TestConformance/ListenerSetProtocolConflict (0.00s)
    --- SKIP: TestConformance/ListenerSetReferenceGrant (0.00s)
    --- SKIP: TestConformance/TLSRouteHostnameIntersection (0.00s)
    --- SKIP: TestConformance/TLSRouteInvalidBackendRefNonexistent (0.00s)
    --- SKIP: TestConformance/TLSRouteInvalidBackendRefUnknownKind (0.00s)
    --- SKIP: TestConformance/TLSRouteInvalidNoMatchingListenerHostname (0.00s)
    --- SKIP: TestConformance/TLSRouteInvalidNoMatchingListener (0.00s)
    --- SKIP: TestConformance/TLSRouteInvalidReferenceGrant (0.00s)
    --- SKIP: TestConformance/TLSRouteListenerMixedTerminationNotSupported (0.00s)
    --- SKIP: TestConformance/TLSRouteListenerPassthroughSupportedKinds (0.00s)
    --- SKIP: TestConformance/TLSRouteListenerTerminateNotSupported (0.00s)
    --- SKIP: TestConformance/TLSRouteListenerTerminateSupportedKinds (0.00s)
    --- SKIP: TestConformance/TLSRouteMixedTerminationSameNamespace (0.00s)
    --- SKIP: TestConformance/TLSRouteSimpleSameNamespace (0.00s)
    --- SKIP: TestConformance/TLSRouteTerminateSimpleSameNamespace (0.00s)
    --- SKIP: TestConformance/UDPRoute (0.00s)
PASS
ok  	sigs.k8s.io/gateway-api/conformance	67.904s
